YearMonth,ScenarioId,PairId,CohortId,SensitivityRole,IsPrimary,PvBoundaryId,TransferLossFraction,HouseCount,PvHomeCount,Strategy,PaperPeriodRelation,PublicReleaseAvailability,CandidateDays,RequestedDays,ValidDays,FailedOrRejectedDays,UnavailableCandidateDays,MeanDailyPaperLoadOnlyBaselineBillEUR,MeanDailyPaperLoadOnlySavingsEUR,MeanDailyPaperLoadOnlySavingsPercent,MeanDailyPvSelfNoBatteryBaselineBillEUR,MeanDailyPvSelfNoBatterySavingsEUR,MeanDailyPvSelfNoBatterySavingsPercent,MeanDailyObservedReleasePvSelfNoBatteryBaselineBillEUR,MeanDailyObservedReleaseEngineeringSavingsEUR,MeanDailyObservedReleaseEngineeringSavingsPercent,SumPaperLoadOnlyBaselineBillEUR,SumPvSelfNoBatteryBaselineBillEUR,SumObservedReleasePvSelfNoBatteryBaselineBillEUR,SumOptimizedBillEUR,SumObservedBillEUR,RatioOfSummedCostsPaperLoadOnlySavingsPercent,RatioOfSummedCostsPaperLoadOnlySavingsPercentDenominatorIsZero,RatioOfSummedCostsPvSelfNoBatterySavingsPercent,RatioOfSummedCostsObservedReleaseEngineeringSavingsPercent,RatioOfSummedCostsObservedReleaseEngineeringSavingsPercentDenominatorIsZero,MeanDailyPaperLoadOnlyPeakKW,MeanDailyPvSelfNoBatteryPeakKW,MeanDailyOutcomePeakImportKW,PeakOfMeanProfileImportKW,PeakOfMeanProfileOriginalLoadKW
01-Jan-2020,DC_XI007_H20,DC_XI007,H20_PV10,PRIMARY,1,DC_SOURCE,0.07,20,10,SH_BM,2020-01--06_overlap,available_from_public_release,4,4,3,1,0,48.6449580933333,13.9831735865678,29.1308764562241,45.9150333304167,11.2532488236512,24.8543381253176,NaN,NaN,NaN,145.93487428,137.74509999125,NaN,103.985353520296,NaN,28.7453708146666,0,24.5088547419095,NaN,NaN,23.931375,23.9057081666667,69.1993650771006,NaN,NaN
01-Jan-2020,DC_XI007_H20,DC_XI007,H20_PV10,PRIMARY,1,DC_SOURCE,0.07,20,10,VPP_BM,2020-01--06_overlap,available_from_public_release,4,4,3,1,0,48.6449580933333,17.6900973147273,36.900827479283,45.9150333304167,14.9601725518107,33.1229072535559,NaN,NaN,NaN,145.93487428,137.74509999125,NaN,92.864582335818,NaN,36.3657365698332,0,32.5822970532403,NaN,NaN,23.931375,23.9057081666667,78.049732108341,NaN,NaN
01-Jan-2020,DC_XI007_H20,DC_XI007,H20_PV10,PRIMARY,1,DC_SOURCE,0.07,20,10,PS,2020-01--06_overlap,available_from_public_release,4,4,3,1,0,48.6449580933333,5.7599674867796,11.9788894671645,45.9150333304167,3.03004272386293,6.655653635019,NaN,NaN,NaN,145.93487428,137.74509999125,NaN,128.654971819661,NaN,11.840831429494,0,6.59923886378985,NaN,NaN,23.931375,23.9057081666667,12.6488179247202,NaN,NaN
01-Jan-2020,DC_XI007_H20,DC_XI007,H20_PV10,PRIMARY,1,DC_SOURCE,0.07,20,10,PSDT,2020-01--06_overlap,available_from_public_release,4,4,3,1,0,48.6449580933333,17.6843355356436,36.8905872203336,45.9150333304167,14.9544107727269,33.1122241863106,NaN,NaN,NaN,145.93487428,137.74509999125,NaN,92.8818676730692,NaN,36.353892014283,0,32.5697482676557,NaN,NaN,23.931375,23.9057081666667,76.5272857894737,NaN,NaN
01-Jan-2020,DC_XI007_H20,DC_XI007,H20_PV10,PRIMARY,1,DC_SOURCE,0.07,20,10,LL,2020-01--06_overlap,available_from_public_release,4,4,3,1,0,48.6449580933333,5.7596346123493,11.9781169332821,45.9150333304167,3.02970984943263,6.65483109629338,NaN,NaN,NaN,145.93487428,137.74509999125,NaN,128.655970442952,NaN,11.840147135698,0,6.59851388461386,NaN,NaN,23.931375,23.9057081666667,12.6488175736556,NaN,NaN
01-Feb-2020,DC_XI007_H20,DC_XI007,H20_PV10,PRIMARY,1,DC_SOURCE,0.07,20,10,SH_BM,2020-01--06_overlap,available_from_public_release,4,4,4,0,0,43.21985941375,12.1321024514303,28.1206103857276,41.445392381625,10.3576354193053,25.0361438298222,NaN,NaN,NaN,172.879437655,165.7815695265,NaN,124.351027849279,NaN,28.070666161331,0,24.9910420051843,NaN,NaN,19.2312775,19.223898375,67.5272908542244,NaN,NaN
01-Feb-2020,DC_XI007_H20,DC_XI007,H20_PV10,PRIMARY,1,DC_SOURCE,0.07,20,10,VPP_BM,2020-01--06_overlap,available_from_public_release,4,4,4,0,0,43.21985941375,15.6723295291458,36.3061156567744,41.445392381625,13.8978624970208,33.5962308063962,NaN,NaN,NaN,172.879437655,165.7815695265,NaN,110.190119538417,NaN,36.2618706810503,0,33.5329494990677,NaN,NaN,19.2312775,19.223898375,76.54717375,NaN,NaN
01-Feb-2020,DC_XI007_H20,DC_XI007,H20_PV10,PRIMARY,1,DC_SOURCE,0.07,20,10,PS,2020-01--06_overlap,available_from_public_release,4,4,4,0,0,43.21985941375,4.34574216199895,10.0414444792769,41.445392381625,2.57127512987395,6.18258124691712,NaN,NaN,NaN,172.879437655,165.7815695265,NaN,155.496469007004,NaN,10.0549659831063,0,6.20400720591062,NaN,NaN,19.2312775,19.223898375,11.4617406392872,NaN,NaN
01-Feb-2020,DC_XI007_H20,DC_XI007,H20_PV10,PRIMARY,1,DC_SOURCE,0.07,20,10,PSDT,2020-01--06_overlap,available_from_public_release,4,4,4,0,0,43.21985941375,15.6723295291458,36.3061156567744,41.445392381625,13.8978624970208,33.5962308063962,NaN,NaN,NaN,172.879437655,165.7815695265,NaN,110.190119538417,NaN,36.2618706810503,0,33.5329494990677,NaN,NaN,19.2312775,19.223898375,80.9608329605263,NaN,NaN
01-Feb-2020,DC_XI007_H20,DC_XI007,H20_PV10,PRIMARY,1,DC_SOURCE,0.07,20,10,LL,2020-01--06_overlap,available_from_public_release,4,4,4,0,0,43.21985941375,4.34195811855865,10.032235710051,41.445392381625,2.56749108643365,6.17278223701062,NaN,NaN,NaN,172.879437655,165.7815695265,NaN,155.511605180765,NaN,10.046210648194,0,6.19487701501882,NaN,NaN,19.2312775,19.223898375,11.4617384405141,NaN,NaN
01-Mar-2020,DC_XI007_H20,DC_XI007,H20_PV10,PRIMARY,1,DC_SOURCE,0.07,20,10,SH_BM,2020-01--06_overlap,available_from_public_release,4,4,4,0,0,49.79465998625,15.6154726652877,31.635134172531,45.5955170645,11.4163297435377,25.44445928088,NaN,NaN,NaN,199.178639945,182.382068258,NaN,136.716749283849,NaN,31.3597334927072,0,25.038272353372,NaN,NaN,21.00344,20.990954625,65.3185835245845,NaN,NaN
01-Mar-2020,DC_XI007_H20,DC_XI007,H20_PV10,PRIMARY,1,DC_SOURCE,0.07,20,10,VPP_BM,2020-01--06_overlap,available_from_public_release,4,4,4,0,0,49.79465998625,19.7209073960649,40.1778765875782,45.5955170645,15.5217644743149,34.8889244068024,NaN,NaN,NaN,199.178639945,182.382068258,NaN,120.29501036074,NaN,39.6044624092433,0,34.0423038790362,NaN,NaN,21.00344,20.990954625,73.2680261881451,NaN,NaN
01-Mar-2020,DC_XI007_H20,DC_XI007,H20_PV10,PRIMARY,1,DC_SOURCE,0.07,20,10,PS,2020-01--06_overlap,available_from_public_release,4,4,4,0,0,49.79465998625,8.94031174693313,18.0937142253675,45.5955170645,4.74116882518312,10.6556196392699,NaN,NaN,NaN,199.178639945,182.382068258,NaN,163.417392957268,NaN,17.9543584581195,0,10.3983223141788,NaN,NaN,21.00344,20.990954625,13.0629761143521,NaN,NaN
01-Mar-2020,DC_XI007_H20,DC_XI007,H20_PV10,PRIMARY,1,DC_SOURCE,0.07,20,10,PSDT,2020-01--06_overlap,available_from_public_release,4,4,4,0,0,49.79465998625,19.7209073960649,40.1778765875783,45.5955170645,15.5217644743149,34.8889244068025,NaN,NaN,NaN,199.178639945,182.382068258,NaN,120.29501036074,NaN,39.6044624092433,0,34.0423038790362,NaN,NaN,21.00344,20.990954625,69.5741473942492,NaN,NaN
01-Mar-2020,DC_XI007_H20,DC_XI007,H20_PV10,PRIMARY,1,DC_SOURCE,0.07,20,10,LL,2020-01--06_overlap,available_from_public_release,4,4,4,0,0,49.79465998625,8.5481198132692,17.258278634042,45.5955170645,4.3489768915192,9.73106362424731,NaN,NaN,NaN,199.178639945,182.382068258,NaN,164.986160691923,NaN,17.1667399990875,0,9.53816772242561,NaN,NaN,21.00344,20.990954625,13.0629755032613,NaN,NaN
01-Apr-2020,DC_XI007_H20,DC_XI007,H20_PV10,PRIMARY,1,DC_SOURCE,0.07,20,10,SH_BM,2020-01--06_overlap,available_from_public_release,4,4,4,0,0,40.24467737125,16.6893231849117,41.8902563078887,35.0437828220625,11.4884286357242,33.4945467912066,NaN,NaN,NaN,160.978709485,140.17513128825,NaN,94.2214167453532,NaN,41.469640894262,0,32.7830722329766,NaN,NaN,19.3083975,17.665095625,50.3003277697715,NaN,NaN
01-Apr-2020,DC_XI007_H20,DC_XI007,H20_PV10,PRIMARY,1,DC_SOURCE,0.07,20,10,VPP_BM,2020-01--06_overlap,available_from_public_release,4,4,4,0,0,40.24467737125,20.4404889124577,51.2945100778187,35.0437828220625,15.2395943632702,44.5239882638137,NaN,NaN,NaN,160.978709485,140.17513128825,NaN,79.216753835169,NaN,50.7905398865491,0,43.4872982767028,NaN,NaN,19.3083975,17.665095625,59.0600173373125,NaN,NaN
01-Apr-2020,DC_XI007_H20,DC_XI007,H20_PV10,PRIMARY,1,DC_SOURCE,0.07,20,10,PS,2020-01--06_overlap,available_from_public_release,4,4,4,0,0,40.24467737125,13.0245460535992,33.0135555932067,35.0437828220625,7.82365150441175,23.880756242045,NaN,NaN,NaN,160.978709485,140.17513128825,NaN,108.880525270603,NaN,32.3634003409945,0,22.3253623735113,NaN,NaN,19.3083975,17.665095625,10.0062014960466,NaN,NaN
01-Apr-2020,DC_XI007_H20,DC_XI007,H20_PV10,PRIMARY,1,DC_SOURCE,0.07,20,10,PSDT,2020-01--06_overlap,available_from_public_release,4,4,4,0,0,40.24467737125,20.4404889124577,51.2945100778187,35.0437828220625,15.2395943632702,44.5239882638137,NaN,NaN,NaN,160.978709485,140.17513128825,NaN,79.2167538351691,NaN,50.7905398865491,0,43.4872982767027,NaN,NaN,19.3083975,17.665095625,58.8815030486286,NaN,NaN
01-Apr-2020,DC_XI007_H20,DC_XI007,H20_PV10,PRIMARY,1,DC_SOURCE,0.07,20,10,LL,2020-01--06_overlap,available_from_public_release,4,4,4,0,0,40.24467737125,8.20404033373607,20.7023377117758,35.0437828220625,3.00314578454858,8.83986377626382,NaN,NaN,NaN,160.978709485,140.17513128825,NaN,128.162548150056,NaN,20.3854046537764,0,8.56969637038694,NaN,NaN,19.3083975,17.665095625,10.006201096504,NaN,NaN
01-May-2020,DC_XI007_H20,DC_XI007,H20_PV10,PRIMARY,1,DC_SOURCE,0.07,20,10,SH_BM,2020-01--06_overlap,available_from_public_release,4,4,4,0,0,38.73068871,14.4996961642021,38.841065887475,34.606455811,10.3754632652021,31.4232453139872,NaN,NaN,NaN,154.92275484,138.425823244,NaN,96.9239701831915,NaN,37.4372278085992,0,29.9812940159685,NaN,NaN,18.4734375,17.2918675,53.3561643962084,NaN,NaN
01-May-2020,DC_XI007_H20,DC_XI007,H20_PV10,PRIMARY,1,DC_SOURCE,0.07,20,10,VPP_BM,2020-01--06_overlap,available_from_public_release,4,4,4,0,0,38.73068871,17.3662221527418,46.4789162010058,34.606455811,13.2419892537418,40.4677852842333,NaN,NaN,NaN,154.92275484,138.425823244,NaN,85.4578662290327,NaN,44.8384026495712,0,38.2645056924111,NaN,NaN,18.4734375,17.2918675,58.4423087880785,NaN,NaN
01-May-2020,DC_XI007_H20,DC_XI007,H20_PV10,PRIMARY,1,DC_SOURCE,0.07,20,10,PS,2020-01--06_overlap,available_from_public_release,4,4,4,0,0,38.73068871,10.6572698631716,29.42354550422,34.606455811,6.53303696417155,21.634082568492,NaN,NaN,NaN,154.92275484,138.425823244,NaN,112.293675387314,NaN,27.5163448369559,0,18.8780873714752,NaN,NaN,18.4734375,17.2918675,10.6468519350554,NaN,NaN
01-May-2020,DC_XI007_H20,DC_XI007,H20_PV10,PRIMARY,1,DC_SOURCE,0.07,20,10,PSDT,2020-01--06_overlap,available_from_public_release,4,4,4,0,0,38.73068871,17.3662242208622,46.4789221348608,34.606455811,13.2419913218622,40.4677923788237,NaN,NaN,NaN,154.92275484,138.425823244,NaN,85.4578579565511,NaN,44.8384079893172,0,38.2645116685226,NaN,NaN,18.4734375,17.2918675,50.6546586477824,NaN,NaN
01-May-2020,DC_XI007_H20,DC_XI007,H20_PV10,PRIMARY,1,DC_SOURCE,0.07,20,10,LL,2020-01--06_overlap,available_from_public_release,4,4,4,0,0,38.73068871,5.90181590576678,15.8029359677479,34.606455811,1.77758300676677,4.41291949656174,NaN,NaN,NaN,154.92275484,138.425823244,NaN,131.315491216933,NaN,15.2380866499876,0,5.13656473946619,NaN,NaN,18.4734375,17.2918675,10.6468515359516,NaN,NaN
01-Jun-2020,DC_XI007_H20,DC_XI007,H20_PV10,PRIMARY,1,DC_SOURCE,0.07,20,10,SH_BM,2020-01--06_overlap,available_from_public_release,4,4,4,0,0,39.9986804051896,14.5957180137267,37.3669342751414,35.8709258838054,10.4679634923425,30.067394321868,NaN,NaN,NaN,159.994721620759,143.483703535222,NaN,101.611849565852,NaN,36.4904988511395,0,29.1823063788505,NaN,NaN,18.8898925,18.191240125,58.7414111345323,NaN,NaN
01-Jun-2020,DC_XI007_H20,DC_XI007,H20_PV10,PRIMARY,1,DC_SOURCE,0.07,20,10,VPP_BM,2020-01--06_overlap,available_from_public_release,4,4,4,0,0,39.9986804051896,18.0318515821834,46.1546226458002,35.8709258838054,13.9040970607992,40.2372630864378,NaN,NaN,NaN,159.994721620759,143.483703535222,NaN,87.8673152920249,NaN,45.0811161756323,0,38.7614668933775,NaN,NaN,18.8898925,18.191240125,52.0117286708606,NaN,NaN
01-Jun-2020,DC_XI007_H20,DC_XI007,H20_PV10,PRIMARY,1,DC_SOURCE,0.07,20,10,PS,2020-01--06_overlap,available_from_public_release,4,4,4,0,0,39.9986804051896,8.77899063736833,23.032944293479,35.8709258838054,4.65123611598415,14.6426538471825,NaN,NaN,NaN,159.994721620759,143.483703535222,NaN,124.878759071285,NaN,21.9482006617131,0,12.9665906340155,NaN,NaN,18.8898925,18.191240125,9.76657607583051,NaN,NaN
01-Jun-2020,DC_XI007_H20,DC_XI007,H20_PV10,PRIMARY,1,DC_SOURCE,0.07,20,10,PSDT,2020-01--06_overlap,available_from_public_release,4,4,4,0,0,39.9986804051896,18.0318515821834,46.1546226458003,35.8709258838054,13.9040970607993,40.2372630864379,NaN,NaN,NaN,159.994721620759,143.483703535222,NaN,87.8673152920248,NaN,45.0811161756324,0,38.7614668933776,NaN,NaN,18.8898925,18.191240125,59.4952593204532,NaN,NaN
01-Jun-2020,DC_XI007_H20,DC_XI007,H20_PV10,PRIMARY,1,DC_SOURCE,0.07,20,10,LL,2020-01--06_overlap,available_from_public_release,4,4,4,0,0,39.9986804051896,7.0609957644456,18.0219142283124,35.8709258838054,2.93324124306142,8.18144917588063,NaN,NaN,NaN,159.994721620759,143.483703535222,NaN,131.750738562976,NaN,17.6530717836618,0,8.17721084915092,NaN,NaN,18.8898925,18.191240125,9.76657531908566,NaN,NaN
01-Jul-2020,DC_XI007_H20,DC_XI007,H20_PV10,PRIMARY,1,DC_SOURCE,0.07,20,10,SH_BM,2020-07--12_extrapolation,available_from_public_release,4,4,4,0,0,39.8596476135382,13.7985426158639,36.0807380698552,36.3901805670382,10.3290755693638,29.6357083234141,NaN,NaN,NaN,159.438590454153,145.560722268153,NaN,104.244419990697,NaN,34.6178238946027,0,28.3842382983936,NaN,NaN,19.13739875,18.2094085,57.7174053102493,NaN,NaN
01-Jul-2020,DC_XI007_H20,DC_XI007,H20_PV10,PRIMARY,1,DC_SOURCE,0.07,20,10,VPP_BM,2020-07--12_extrapolation,available_from_public_release,4,4,4,0,0,39.8596476135382,17.209575318718,45.0149701520427,36.3901805670382,13.740108272218,39.9271246638268,NaN,NaN,NaN,159.438590454153,145.560722268153,NaN,90.6002891792807,NaN,43.1754326720963,0,37.7577359005018,NaN,NaN,19.13739875,18.2094085,61.4053262438628,NaN,NaN
01-Jul-2020,DC_XI007_H20,DC_XI007,H20_PV10,PRIMARY,1,DC_SOURCE,0.07,20,10,PS,2020-07--12_extrapolation,available_from_public_release,4,4,4,0,0,39.8596476135382,7.91024582203616,22.358893403779,36.3901805670382,4.44077877553615,15.1191222412537,NaN,NaN,NaN,159.438590454153,145.560722268153,NaN,127.797607166008,NaN,19.8452477521388,0,12.2032336919992,NaN,NaN,19.13739875,18.2094085,9.92753675077721,NaN,NaN
01-Jul-2020,DC_XI007_H20,DC_XI007,H20_PV10,PRIMARY,1,DC_SOURCE,0.07,20,10,PSDT,2020-07--12_extrapolation,available_from_public_release,4,4,4,0,0,39.8596476135382,17.2095753187181,45.0149701520427,36.3901805670382,13.740108272218,39.9271246638269,NaN,NaN,NaN,159.438590454153,145.560722268153,NaN,90.6002891792806,NaN,43.1754326720964,0,37.7577359005019,NaN,NaN,19.13739875,18.2094085,57.4129421459779,NaN,NaN
01-Jul-2020,DC_XI007_H20,DC_XI007,H20_PV10,PRIMARY,1,DC_SOURCE,0.07,20,10,LL,2020-07--12_extrapolation,available_from_public_release,4,4,4,0,0,39.8596476135382,5.96014481498236,16.4868919373109,36.3901805670382,2.49067776848235,7.75090463354357,NaN,NaN,NaN,159.438590454153,145.560722268153,NaN,135.598011194223,NaN,14.9528286671506,0,6.84436771038827,NaN,NaN,19.13739875,18.2094085,9.92753427512109,NaN,NaN
01-Aug-2020,DC_XI007_H20,DC_XI007,H20_PV10,PRIMARY,1,DC_SOURCE,0.07,20,10,SH_BM,2020-07--12_extrapolation,available_from_public_release,4,4,4,0,0,44.87923439875,14.569072251843,32.6662196290567,41.453361421375,11.143199274468,27.1179548401742,NaN,NaN,NaN,179.516937595,165.8134456855,NaN,121.240648587628,NaN,32.4628359797705,0,26.8812923545498,NaN,NaN,22.2180275,21.54579425,67.3340892590028,NaN,NaN
01-Aug-2020,DC_XI007_H20,DC_XI007,H20_PV10,PRIMARY,1,DC_SOURCE,0.07,20,10,VPP_BM,2020-07--12_extrapolation,available_from_public_release,4,4,4,0,0,44.87923439875,17.3679067163113,38.9456330159691,41.453361421375,13.9420337389363,33.9736477505808,NaN,NaN,NaN,179.516937595,165.8134456855,NaN,110.045310729755,NaN,38.6992045407866,0,33.6330595659421,NaN,NaN,22.2180275,21.54579425,75.3580227678491,NaN,NaN
01-Aug-2020,DC_XI007_H20,DC_XI007,H20_PV10,PRIMARY,1,DC_SOURCE,0.07,20,10,PS,2020-07--12_extrapolation,available_from_public_release,4,4,4,0,0,44.87923439875,5.85881994543435,13.3007987130303,41.453361421375,2.43294696805935,6.01496883849425,NaN,NaN,NaN,179.516937595,165.8134456855,NaN,156.081657813263,NaN,13.0546343401917,0,5.8691186544038,NaN,NaN,22.2180275,21.54579425,11.6113036971073,NaN,NaN
01-Aug-2020,DC_XI007_H20,DC_XI007,H20_PV10,PRIMARY,1,DC_SOURCE,0.07,20,10,PSDT,2020-07--12_extrapolation,available_from_public_release,4,4,4,0,0,44.87923439875,17.3679067163113,38.9456330159691,41.453361421375,13.9420337389363,33.9736477505808,NaN,NaN,NaN,179.516937595,165.8134456855,NaN,110.045310729755,NaN,38.6992045407866,0,33.6330595659421,NaN,NaN,22.2180275,21.54579425,69.5319934099171,NaN,NaN
01-Aug-2020,DC_XI007_H20,DC_XI007,H20_PV10,PRIMARY,1,DC_SOURCE,0.07,20,10,LL,2020-07--12_extrapolation,available_from_public_release,4,4,3,1,0,44.4214030416667,4.74768396948144,11.1088868765199,41.8873056143333,2.2135865421481,5.45684226271172,NaN,NaN,NaN,133.264209125,125.661916843,NaN,119.021157216556,NaN,10.6878298396568,0,5.28462384887951,NaN,NaN,22.5899033333333,22.1048221666667,11.8251492773545,NaN,NaN
01-Sep-2020,DC_XI007_H20,DC_XI007,H20_PV10,PRIMARY,1,DC_SOURCE,0.07,20,10,SH_BM,2020-07--12_extrapolation,available_from_public_release,4,4,4,0,0,43.11249370375,15.1644515793955,35.7151788761169,39.258054862875,11.3100127385205,29.3360054905658,NaN,NaN,NaN,172.449974815,157.0322194515,NaN,111.792168497418,NaN,35.1741462314821,0,28.8094068288035,NaN,NaN,18.1418925,17.848147875,68.1075750370498,NaN,NaN
01-Sep-2020,DC_XI007_H20,DC_XI007,H20_PV10,PRIMARY,1,DC_SOURCE,0.07,20,10,VPP_BM,2020-07--12_extrapolation,available_from_public_release,4,4,4,0,0,43.11249370375,18.0417168417469,42.1815187321764,39.258054862875,14.1872780008719,36.3739761277997,NaN,NaN,NaN,172.449974815,157.0322194515,NaN,100.283107448013,NaN,41.8480011054837,0,36.1385148867584,NaN,NaN,18.1418925,17.848147875,68.0894747519848,NaN,NaN
01-Sep-2020,DC_XI007_H20,DC_XI007,H20_PV10,PRIMARY,1,DC_SOURCE,0.07,20,10,PS,2020-07--12_extrapolation,available_from_public_release,4,4,4,0,0,43.11249370375,6.61208522003188,15.6640444571478,39.258054862875,2.75764637915688,7.13962118605843,NaN,NaN,NaN,172.449974815,157.0322194515,NaN,146.001633934873,NaN,15.3368192187332,0,7.02440910225709,NaN,NaN,18.1418925,17.848147875,10.9314004030379,NaN,NaN
01-Sep-2020,DC_XI007_H20,DC_XI007,H20_PV10,PRIMARY,1,DC_SOURCE,0.07,20,10,PSDT,2020-07--12_extrapolation,available_from_public_release,4,4,4,0,0,43.11249370375,18.0417168417469,42.1815187321764,39.258054862875,14.1872780008719,36.3739761277997,NaN,NaN,NaN,172.449974815,157.0322194515,NaN,100.283107448013,NaN,41.8480011054837,0,36.1385148867584,NaN,NaN,18.1418925,17.848147875,60.6218369952045,NaN,NaN
01-Sep-2020,DC_XI007_H20,DC_XI007,H20_PV10,PRIMARY,1,DC_SOURCE,0.07,20,10,LL,2020-07--12_extrapolation,available_from_public_release,4,4,4,0,0,43.11249370375,6.60267269876148,15.6415780609533,39.258054862875,2.74823385788648,7.11431085019783,NaN,NaN,NaN,172.449974815,157.0322194515,NaN,146.039284019954,NaN,15.314986751015,0,7.0004330766917,NaN,NaN,18.1418925,17.848147875,10.9313994747514,NaN,NaN
01-Oct-2020,DC_XI007_H20,DC_XI007,H20_PV10,PRIMARY,1,DC_SOURCE,0.07,20,10,SH_BM,2020-07--12_extrapolation,available_from_public_release,4,4,4,0,0,42.2569314125,14.7974819859119,36.4095294435998,38.9520870395625,11.4926376129744,30.8128903514228,NaN,NaN,NaN,169.02772565,155.80834815825,NaN,109.837797706352,NaN,35.017881070121,0,29.5045490150544,NaN,NaN,20.429265,20.18795575,57.7864106104571,NaN,NaN
01-Oct-2020,DC_XI007_H20,DC_XI007,H20_PV10,PRIMARY,1,DC_SOURCE,0.07,20,10,VPP_BM,2020-07--12_extrapolation,available_from_public_release,4,4,4,0,0,42.2569314125,18.3471964165622,45.3232475973358,38.9520870395625,15.0423520436247,40.734048184868,NaN,NaN,NaN,169.02772565,155.80834815825,NaN,95.6389399837511,NaN,43.4181938992734,0,38.6175765841421,NaN,NaN,20.429265,20.18795575,60.0247738899513,NaN,NaN
01-Oct-2020,DC_XI007_H20,DC_XI007,H20_PV10,PRIMARY,1,DC_SOURCE,0.07,20,10,PS,2020-07--12_extrapolation,available_from_public_release,4,4,4,0,0,42.2569314125,9.72861748515465,25.5568518559842,38.9520870395625,6.42377311221715,19.3119869484068,NaN,NaN,NaN,169.02772565,155.80834815825,NaN,130.113255709381,NaN,23.0225365637336,0,16.4914735010032,NaN,NaN,20.429265,20.18795575,10.8168195586542,NaN,NaN
01-Oct-2020,DC_XI007_H20,DC_XI007,H20_PV10,PRIMARY,1,DC_SOURCE,0.07,20,10,PSDT,2020-07--12_extrapolation,available_from_public_release,4,4,4,0,0,42.2569314125,18.3471964165622,45.3232475973358,38.9520870395625,15.0423520436247,40.734048184868,NaN,NaN,NaN,169.02772565,155.80834815825,NaN,95.6389399837511,NaN,43.4181938992734,0,38.6175765841421,NaN,NaN,20.429265,20.18795575,58.4347507646795,NaN,NaN
01-Oct-2020,DC_XI007_H20,DC_XI007,H20_PV10,PRIMARY,1,DC_SOURCE,0.07,20,10,LL,2020-07--12_extrapolation,available_from_public_release,4,4,4,0,0,42.2569314125,5.53320599670295,13.6579452067324,38.9520870395625,2.22836162376545,5.70297408414536,NaN,NaN,NaN,169.02772565,155.80834815825,NaN,146.894901663188,NaN,13.0941973582733,0,5.72077594071447,NaN,NaN,20.429265,20.18795575,10.8168187533808,NaN,NaN
01-Nov-2020,DC_XI007_H20,DC_XI007,H20_PV10,PRIMARY,1,DC_SOURCE,0.07,20,10,SH_BM,2020-07--12_extrapolation,available_from_public_release,4,4,4,0,0,47.9631155721711,13.4555189623646,28.437128631843,45.9011280911085,11.3935314813021,25.1458824976572,NaN,NaN,NaN,191.852462288684,183.604512364434,NaN,138.030386439226,NaN,28.0538884971262,0,24.8218986223764,NaN,NaN,23.3941243510766,23.3253384135765,66.914407998615,NaN,NaN
01-Nov-2020,DC_XI007_H20,DC_XI007,H20_PV10,PRIMARY,1,DC_SOURCE,0.07,20,10,VPP_BM,2020-07--12_extrapolation,available_from_public_release,4,4,4,0,0,47.9631155721711,16.2980277228493,34.4400131485992,45.9011280911085,14.2360402417868,31.5000448937661,NaN,NaN,NaN,191.852462288684,183.604512364434,NaN,126.660351397287,NaN,33.9803357818266,0,31.0145759675663,NaN,NaN,23.3941243510766,23.3253384135765,76.6156699203601,NaN,NaN
01-Nov-2020,DC_XI007_H20,DC_XI007,H20_PV10,PRIMARY,1,DC_SOURCE,0.07,20,10,PS,2020-07--12_extrapolation,available_from_public_release,4,4,4,0,0,47.9631155721711,5.73306291793326,12.2337684781273,45.9011280911085,3.67107543687075,8.15134404969261,NaN,NaN,NaN,191.852462288684,183.604512364434,NaN,168.920210616951,NaN,11.9530661207915,0,7.99778913839345,NaN,NaN,23.3941243510766,23.3253384135765,12.6251474333258,NaN,NaN
01-Nov-2020,DC_XI007_H20,DC_XI007,H20_PV10,PRIMARY,1,DC_SOURCE,0.07,20,10,PSDT,2020-07--12_extrapolation,available_from_public_release,4,4,4,0,0,47.9631155721711,16.2980268014742,34.4400113793123,45.9011280911085,14.2360393204117,31.5000431067416,NaN,NaN,NaN,191.852462288684,183.604512364434,NaN,126.660355082788,NaN,33.980333860819,0,31.0145739602625,NaN,NaN,23.3941243510766,23.3253384135765,64.3417465661713,NaN,NaN
01-Nov-2020,DC_XI007_H20,DC_XI007,H20_PV10,PRIMARY,1,DC_SOURCE,0.07,20,10,LL,2020-07--12_extrapolation,available_from_public_release,4,4,4,0,0,47.9631155721711,5.10400463871173,10.7191434282536,45.9011280911085,3.04201715764922,6.4604639978543,NaN,NaN,NaN,191.852462288684,183.604512364434,NaN,171.436443733837,NaN,10.6415202136559,0,6.62732548013016,NaN,NaN,23.3941243510766,23.3253384135765,12.6251466208226,NaN,NaN
01-Dec-2020,DC_XI007_H20,DC_XI007,H20_PV10,PRIMARY,1,DC_SOURCE,0.07,20,10,SH_BM,2020-07--12_extrapolation,available_from_public_release,4,4,2,2,0,48.4978677925,13.7796138579341,28.6322011178856,45.5190966655,10.800842730934,23.9824424160108,NaN,NaN,NaN,96.995735585,91.038193331,NaN,69.4365078691319,NaN,28.4128240789691,0,23.7281570201288,NaN,NaN,26.514165,26.502119,64.0093788808865,NaN,NaN
01-Dec-2020,DC_XI007_H20,DC_XI007,H20_PV10,PRIMARY,1,DC_SOURCE,0.07,20,10,VPP_BM,2020-07--12_extrapolation,available_from_public_release,4,4,2,2,0,48.4978677925,17.7813144698663,36.8932353411376,45.5190966655,14.8025433428662,32.7802421837024,NaN,NaN,NaN,96.995735585,91.038193331,NaN,61.4331066452675,NaN,36.6641159276203,0,32.5194136686053,NaN,NaN,26.514165,26.502119,72.8368378947368,NaN,NaN
01-Dec-2020,DC_XI007_H20,DC_XI007,H20_PV10,PRIMARY,1,DC_SOURCE,0.07,20,10,PS,2020-07--12_extrapolation,available_from_public_release,4,4,2,2,0,48.4978677925,5.980003355767,12.1869233056001,45.5190966655,3.001232228767,6.48287522849014,NaN,NaN,NaN,96.995735585,91.038193331,NaN,85.035728873466,NaN,12.3304459102257,0,6.59334751482823,NaN,NaN,26.514165,26.502119,12.8644026594199,NaN,NaN
01-Dec-2020,DC_XI007_H20,DC_XI007,H20_PV10,PRIMARY,1,DC_SOURCE,0.07,20,10,PSDT,2020-07--12_extrapolation,available_from_public_release,4,4,2,2,0,48.4978677925,17.7813144698662,36.8932353411375,45.5190966655,14.8025433428662,32.7802421837023,NaN,NaN,NaN,96.995735585,91.038193331,NaN,61.4331066452676,NaN,36.6641159276202,0,32.5194136686052,NaN,NaN,26.514165,26.502119,79.0080792105263,NaN,NaN
01-Dec-2020,DC_XI007_H20,DC_XI007,H20_PV10,PRIMARY,1,DC_SOURCE,0.07,20,10,LL,2020-07--12_extrapolation,available_from_public_release,4,4,2,2,0,48.4978677925,5.9513768901974,12.1212436311624,45.5190966655,2.9726057631974,6.41320081915491,NaN,NaN,NaN,96.995735585,91.038193331,NaN,85.0929818046052,NaN,12.2714196749032,0,6.53045860079734,NaN,NaN,26.514165,26.502119,12.8644014282606,NaN,NaN
