Dataset,Day,Sequence,Strategy,Status,ErrorIdentifier,ErrorMessage,SourceEvidence,ReusedWithoutSolve,WallTimeSeconds,IntervalMinutes,HouseCount,PvHomeCount,PvBoundaryId,TransferLossFraction,BatteryCapacityKWhPerHome,BatteryPowerKWPerHome,PeakGuardCapKW,PaperLoadOnlyBaselineBillEUR,PaperSavingsPercent,PvSelfNoBatteryBaselineBillEUR,EngineeringSavingsPercent,OriginalLoadPeakKW,PvSelfNoBatteryPeakKW,OptimizedBillEUR,AllDayPeakKW,DaytimePeakKW,LoadRangeKW,TotalGridImportKWh,BatteryThroughputKWh,PvCurtailmentKWh,EnergyBalanceResidualKW,PvAllocationResidualKW,HomeBalanceResidualKW,BatteryDynamicsResidualKW,AggregateImportResidualKW,ChargeConversionResidualKW,DischargeConversionResidualKW,InitialSocErrorKWh,TerminalSocErrorKWh,SocBoundViolationKWh,ChargePowerViolationKW,DischargePowerViolationKW,AggregateImportNonnegativeViolationKW,SimultaneousChargeDischargeKW,MaximumLexicographicViolation,MinimumExitFlag,MaximumRelativeMipGap,StageCount,PeakExcessOverCapKW,CapViolationKW,ArtifactDirectory
Ausgrid-no-161,03-Jul-2012,1,VPP_BM,ok,,,/Users/guichenxiang/Desktop/電力專案/StoreNet/src/../results/external_sensitivity_ausgrid_exclude_customer161_v1/primary_metrics.csv;/manifest.json,1,20.3097225416667,30,52,52,INVERTER_AC_GROSS,0.07,10,3.3,101.162,184.38283,52.4029366374167,149.832299,41.4273070555874,101.174,101.162,87.7608124248242,165.885578947368,46.752,165.885578947368,880.760408102159,831.99976785781,0,1.88737914186277e-14,NaN,NaN,NaN,NaN,NaN,NaN,NaN,0,NaN,NaN,NaN,NaN,0,NaN,1,NaN,NaN,64.723578947368,NaN,
Ausgrid-no-161,03-Jul-2012,2,IMPROVED_PEAK_GUARD,ok,,,/Users/guichenxiang/Desktop/電力專案/StoreNet/src/../results/external_sensitivity_ausgrid_exclude_customer161_v1/primary_metrics.csv;/manifest.json,1,8.42963870833333,30,52,52,INVERTER_AC_GROSS,0.07,10,3.3,101.162,184.38283,52.4029366374169,149.832299,41.4273070555876,101.174,101.162,87.7608124248239,101.162,52.796,101.162,880.76040810216,831.999767857817,0,3.90798504668055e-14,NaN,NaN,NaN,NaN,NaN,NaN,NaN,0,NaN,NaN,NaN,NaN,0,NaN,1,NaN,NaN,0,0,
Ausgrid-no-161,17-Aug-2012,1,VPP_BM,ok,,,/Users/guichenxiang/Desktop/電力專案/StoreNet/src/../results/external_sensitivity_ausgrid_exclude_customer161_v1/primary_metrics.csv;/manifest.json,1,21.0792626666667,30,52,52,INVERTER_AC_GROSS,0.07,10,3.3,83.026,169.045323,57.8959345753185,135.329884,47.4063294155457,85.414,83.026,71.1749533932841,132.010616842105,34.8058,132.010616842105,742.832080131448,831.999811730215,0,3.28626015289046e-14,NaN,NaN,NaN,NaN,NaN,NaN,NaN,0,NaN,NaN,NaN,NaN,0,NaN,1,NaN,NaN,48.984616842105,NaN,
Ausgrid-no-161,17-Aug-2012,2,IMPROVED_PEAK_GUARD,ok,,,/Users/guichenxiang/Desktop/電力專案/StoreNet/src/../results/external_sensitivity_ausgrid_exclude_customer161_v1/primary_metrics.csv;/manifest.json,1,18.4315561666667,30,52,52,INVERTER_AC_GROSS,0.07,10,3.3,83.026,169.045323,57.8959345753185,135.329884,47.4063294155457,85.414,83.026,71.1749533932841,83.026,34.05119,83.0260000000001,742.832080131449,831.999811730216,0,9.32587340685131e-15,NaN,NaN,NaN,NaN,NaN,NaN,NaN,0,NaN,NaN,NaN,NaN,0,NaN,1,NaN,NaN,0,0,
Ausgrid-no-161,06-Sep-2012,1,VPP_BM,ok,,,/Users/guichenxiang/Desktop/電力專案/StoreNet/src/../results/external_sensitivity_ausgrid_exclude_customer161_v1/primary_metrics.csv;/manifest.json,1,18.8943282916667,30,52,52,INVERTER_AC_GROSS,0.07,10,3.3,61.284,118.259858,82.0355201217335,81.495705,73.931425718108,61.284,61.284,21.2447683944766,61.284,1.7874590696465e-14,61.2840000000004,233.458993345896,690.005961865543,0,4.8544501751735e-13,NaN,NaN,NaN,NaN,NaN,NaN,NaN,0,NaN,NaN,NaN,NaN,0,NaN,1,NaN,NaN,0,NaN,
Ausgrid-no-161,06-Sep-2012,2,IMPROVED_PEAK_GUARD,ok,,,/Users/guichenxiang/Desktop/電力專案/StoreNet/src/../results/external_sensitivity_ausgrid_exclude_customer161_v1/primary_metrics.csv;/manifest.json,1,32.3569189583333,30,52,52,INVERTER_AC_GROSS,0.07,10,3.3,61.284,118.259858,82.0355201217334,81.495705,73.9314257181078,61.284,61.284,21.2447683944767,61.284,4.4353409833775e-13,61.2840000000003,233.458993345898,690.005961865541,0,1.48375756126029e-12,NaN,NaN,NaN,NaN,NaN,NaN,NaN,0,NaN,NaN,NaN,NaN,0,NaN,1,NaN,NaN,0,0,
Ausgrid-no-161,19-Oct-2012,1,VPP_BM,ok,,,/Users/guichenxiang/Desktop/電力專案/StoreNet/src/../results/external_sensitivity_ausgrid_exclude_customer161_v1/primary_metrics.csv;/manifest.json,1,12.215536375,30,52,52,INVERTER_AC_GROSS,0.07,10,3.3,56.568,118.860566,80.9205953067827,76.557592,70.3780019520617,56.568,56.568,22.6778884077886,56.568,5.32907051820075e-15,56.568,249.207564920754,604.559204254094,33.9209699991077,2.8199664825479e-14,NaN,NaN,NaN,NaN,NaN,NaN,NaN,0,NaN,NaN,NaN,NaN,0,NaN,1,NaN,NaN,0,NaN,
Ausgrid-no-161,19-Oct-2012,2,IMPROVED_PEAK_GUARD,ok,,,/Users/guichenxiang/Desktop/電力專案/StoreNet/src/../results/external_sensitivity_ausgrid_exclude_customer161_v1/primary_metrics.csv;/manifest.json,1,16.5213580833333,30,52,52,INVERTER_AC_GROSS,0.07,10,3.3,56.568,118.860566,80.9205953067827,76.557592,70.3780019520617,56.568,56.568,22.6778884077886,56.568,1.50990331349021e-14,56.568,249.207564920754,604.559204254095,25.3341294089097,3.48610029732299e-14,NaN,NaN,NaN,NaN,NaN,NaN,NaN,0,NaN,NaN,NaN,NaN,0,NaN,1,NaN,NaN,0,0,
Ausgrid-no-161,12-Nov-2012,1,VPP_BM,ok,,,/Users/guichenxiang/Desktop/電力專案/StoreNet/src/../results/external_sensitivity_ausgrid_exclude_customer161_v1/primary_metrics.csv;/manifest.json,1,14.87964925,30,52,52,INVERTER_AC_GROSS,0.07,10,3.3,51.694,122.418155,83.460716137481,73.502734,72.4539686446106,53.832,51.694,20.2470861547085,49.5,1.59872115546023e-14,49.5,222.495452249544,615.25924584144,127.24811222581,7.66053886991358e-15,NaN,NaN,NaN,NaN,NaN,NaN,NaN,0,NaN,NaN,NaN,NaN,0,NaN,1,NaN,NaN,-2.194,NaN,
Ausgrid-no-161,12-Nov-2012,2,IMPROVED_PEAK_GUARD,ok,,,/Users/guichenxiang/Desktop/電力專案/StoreNet/src/../results/external_sensitivity_ausgrid_exclude_customer161_v1/primary_metrics.csv;/manifest.json,1,15.2791930833333,30,52,52,INVERTER_AC_GROSS,0.07,10,3.3,51.694,122.418155,83.460716137481,73.502734,72.4539686446106,53.832,51.694,20.2470861547085,49.5,6.66133814775094e-15,49.5,222.495452249544,615.259245841441,135.905092946156,5.55111512312578e-15,NaN,NaN,NaN,NaN,NaN,NaN,NaN,0,NaN,NaN,NaN,NaN,0,NaN,1,NaN,NaN,-2.194,0,
Ausgrid-no-161,21-Dec-2012,1,VPP_BM,ok,,,/Users/guichenxiang/Desktop/電力專案/StoreNet/src/../results/external_sensitivity_ausgrid_exclude_customer161_v1/primary_metrics.csv;/manifest.json,1,27.9101189166667,30,52,52,INVERTER_AC_GROSS,0.07,10,3.3,59.6,121.00048,64.2589452509536,81.66197,47.0416305124541,59.6,59.6,43.2468478034089,79.8991561018301,3.08086889333481e-15,79.8991561018301,475.240085751746,394.072035328638,0,3.38618022510673e-15,NaN,NaN,NaN,NaN,NaN,NaN,NaN,0,NaN,NaN,NaN,NaN,0,NaN,1,NaN,NaN,20.2991561018301,NaN,
Ausgrid-no-161,21-Dec-2012,2,IMPROVED_PEAK_GUARD,ok,,,/Users/guichenxiang/Desktop/電力專案/StoreNet/src/../results/external_sensitivity_ausgrid_exclude_customer161_v1/primary_metrics.csv;/manifest.json,1,9.08068370833333,30,52,52,INVERTER_AC_GROSS,0.07,10,3.3,59.6,121.00048,64.2589452509536,81.66197,47.041630512454,59.6,59.6,43.246847803409,59.6,2.08166817117217e-15,59.6,475.240085751747,394.0720353286,0,2.88657986402541e-15,NaN,NaN,NaN,NaN,NaN,NaN,NaN,0,NaN,NaN,NaN,NaN,0,NaN,1,NaN,NaN,0,0,
Ausgrid-no-161,25-Jan-2013,1,VPP_BM,ok,,,/Users/guichenxiang/Desktop/電力專案/StoreNet/src/../results/external_sensitivity_ausgrid_exclude_customer161_v1/primary_metrics.csv;/manifest.json,1,15.6629793333333,30,52,52,INVERTER_AC_GROSS,0.07,10,3.3,71.548,163.950745,78.1557618644265,104.242418,65.6437447922142,76.714,71.548,35.8137911628469,63.854,7.68792125265261e-05,63.854,393.558101138104,586.10777829178,0,3.46389583683049e-14,NaN,NaN,NaN,NaN,NaN,NaN,NaN,0,NaN,NaN,NaN,NaN,0,NaN,1,NaN,NaN,-7.694,NaN,
Ausgrid-no-161,25-Jan-2013,2,IMPROVED_PEAK_GUARD,ok,,,/Users/guichenxiang/Desktop/電力專案/StoreNet/src/../results/external_sensitivity_ausgrid_exclude_customer161_v1/primary_metrics.csv;/manifest.json,1,17.867875875,30,52,52,INVERTER_AC_GROSS,0.07,10,3.3,71.548,163.950745,78.1557618644265,104.242418,65.6437447922142,76.714,71.548,35.8137911628469,63.854,7.6879213233183e-05,63.854,393.558101138103,586.107778291779,0,1.06581410364015e-14,NaN,NaN,NaN,NaN,NaN,NaN,NaN,0,NaN,NaN,NaN,NaN,0,NaN,1,NaN,NaN,-7.694,0,
Ausgrid-no-161,15-Feb-2013,1,VPP_BM,ok,,,/Users/guichenxiang/Desktop/電力專案/StoreNet/src/../results/external_sensitivity_ausgrid_exclude_customer161_v1/primary_metrics.csv;/manifest.json,1,26.0017900833333,30,52,52,INVERTER_AC_GROSS,0.07,10,3.3,50.958,112.476725,75.1051677248092,70.680142,60.383650562873,50.958,50.958,28.0008920373776,50.218,4.9960036108132e-15,50.218,307.702110300853,414.226675088188,0,9.65894031423886e-15,NaN,NaN,NaN,NaN,NaN,NaN,NaN,0,NaN,NaN,NaN,NaN,0,NaN,1,NaN,NaN,-0.739999999999995,NaN,
Ausgrid-no-161,15-Feb-2013,2,IMPROVED_PEAK_GUARD,ok,,,/Users/guichenxiang/Desktop/電力專案/StoreNet/src/../results/external_sensitivity_ausgrid_exclude_customer161_v1/primary_metrics.csv;/manifest.json,1,13.7147934583333,30,52,52,INVERTER_AC_GROSS,0.07,10,3.3,50.958,112.476725,75.1051677248092,70.680142,60.3836505628729,50.958,50.958,28.0008920373776,50.218,5.88418203051333e-15,50.218,307.702110300853,414.226675088188,0,2.49938958418738e-14,NaN,NaN,NaN,NaN,NaN,NaN,NaN,0,NaN,NaN,NaN,NaN,0,NaN,1,NaN,NaN,-0.739999999999995,0,
Ausgrid-no-161,12-Mar-2013,1,VPP_BM,ok,,,/Users/guichenxiang/Desktop/電力專案/StoreNet/src/../results/external_sensitivity_ausgrid_exclude_customer161_v1/primary_metrics.csv;/manifest.json,1,24.603172,30,52,52,INVERTER_AC_GROSS,0.07,10,3.3,52.926,124.345777,79.4883174919435,79.323284,67.8462492924324,52.926,52.926,25.5054109904159,47.312,5.4678483962789e-15,47.312,280.279241652922,529.785249038558,0,3.58602036953926e-14,NaN,NaN,NaN,NaN,NaN,NaN,NaN,0,NaN,NaN,NaN,NaN,0,NaN,1,NaN,NaN,-5.614,NaN,
Ausgrid-no-161,12-Mar-2013,2,IMPROVED_PEAK_GUARD,ok,,,/Users/guichenxiang/Desktop/電力專案/StoreNet/src/../results/external_sensitivity_ausgrid_exclude_customer161_v1/primary_metrics.csv;/manifest.json,1,17.2177949583333,30,52,52,INVERTER_AC_GROSS,0.07,10,3.3,52.926,124.345777,79.4883174919435,79.323284,67.8462492924324,52.926,52.926,25.5054109904159,47.312,7.105427357601e-15,47.3120000000001,280.279241652922,529.785249038558,0,8.85957973650875e-14,NaN,NaN,NaN,NaN,NaN,NaN,NaN,0,NaN,NaN,NaN,NaN,0,NaN,1,NaN,NaN,-5.614,0,
Ausgrid-no-161,28-Apr-2013,1,VPP_BM,ok,,,/Users/guichenxiang/Desktop/電力專案/StoreNet/src/../results/external_sensitivity_ausgrid_exclude_customer161_v1/primary_metrics.csv;/manifest.json,1,15.6039758333333,30,52,52,INVERTER_AC_GROSS,0.07,10,3.3,58.578,127.934552,73.0414131453556,87.747783,60.6949074508012,58.59,58.578,34.4893473180202,60.364639833795,7.40361113245047e-05,60.364639833795,379.003774781983,580.830669795007,0,3.99680288865056e-15,NaN,NaN,NaN,NaN,NaN,NaN,NaN,0,NaN,NaN,NaN,NaN,0,NaN,1,NaN,NaN,1.786639833795,NaN,
Ausgrid-no-161,28-Apr-2013,2,IMPROVED_PEAK_GUARD,ok,,,/Users/guichenxiang/Desktop/電力專案/StoreNet/src/../results/external_sensitivity_ausgrid_exclude_customer161_v1/primary_metrics.csv;/manifest.json,1,7.89018741666667,30,52,52,INVERTER_AC_GROSS,0.07,10,3.3,58.578,127.934552,73.0414131453556,87.747783,60.6949074508011,58.59,58.578,34.4893473180202,58.578,7.40361125777245e-05,58.578,379.003774781983,580.830669795006,0,1.40238697847388e-14,NaN,NaN,NaN,NaN,NaN,NaN,NaN,0,NaN,NaN,NaN,NaN,0,NaN,1,NaN,NaN,0,0,
Ausgrid-no-161,21-May-2013,1,VPP_BM,ok,,,/Users/guichenxiang/Desktop/電力專案/StoreNet/src/../results/external_sensitivity_ausgrid_exclude_customer161_v1/primary_metrics.csv;/manifest.json,1,12.8556297916667,30,52,52,INVERTER_AC_GROSS,0.07,10,3.3,61.492,134.598489,60.1842917627921,106.182233,49.528899366874,61.492,61.492,53.5913416719303,130.9070043672,0.000125243334905129,130.9070043672,588.915771669215,698.871054846254,0,1.4210854715202e-14,NaN,NaN,NaN,NaN,NaN,NaN,NaN,0,NaN,NaN,NaN,NaN,0,NaN,1,NaN,NaN,69.4150043672,NaN,
Ausgrid-no-161,21-May-2013,2,IMPROVED_PEAK_GUARD,ok,,,/Users/guichenxiang/Desktop/電力專案/StoreNet/src/../results/external_sensitivity_ausgrid_exclude_customer161_v1/primary_metrics.csv;/manifest.json,1,21.1295350833333,30,52,52,INVERTER_AC_GROSS,0.07,10,3.3,61.492,134.598489,60.1842917627921,106.182233,49.528899366874,61.492,61.492,53.5913416719303,61.492,0.000125243335381553,61.492,588.915771669215,698.871054846254,0,5.32907051820075e-15,NaN,NaN,NaN,NaN,NaN,NaN,NaN,0,NaN,NaN,NaN,NaN,0,NaN,1,NaN,NaN,0,0,
Ausgrid-no-161,26-Jun-2013,1,VPP_BM,ok,,,/Users/guichenxiang/Desktop/電力專案/StoreNet/src/../results/external_sensitivity_ausgrid_exclude_customer161_v1/primary_metrics.csv;/manifest.json,1,31.9849100416667,30,52,52,INVERTER_AC_GROSS,0.07,10,3.3,87.322,177.191265,39.105650816378,154.243455,30.0459992730471,87.334,87.322,107.899467631977,208.582526315789,38.70217,208.582526315789,1080.60391780599,837.373051219248,0,2.25375273998907e-14,NaN,NaN,NaN,NaN,NaN,NaN,NaN,0,NaN,NaN,NaN,NaN,0,NaN,1,NaN,NaN,121.260526315789,NaN,
Ausgrid-no-161,26-Jun-2013,2,IMPROVED_PEAK_GUARD,ok,,,/Users/guichenxiang/Desktop/電力專案/StoreNet/src/../results/external_sensitivity_ausgrid_exclude_customer161_v1/primary_metrics.csv;/manifest.json,1,16.283858,30,52,52,INVERTER_AC_GROSS,0.07,10,3.3,87.322,177.191265,39.105650816378,154.243455,30.0459992730471,87.334,87.322,107.899467631977,87.3220000000001,36.74671,87.3220000000001,1080.60391780599,837.373051219246,0,4.49640324973188e-15,NaN,NaN,NaN,NaN,NaN,NaN,NaN,0,NaN,NaN,NaN,NaN,0,NaN,1,NaN,NaN,9.9475983006414e-14,9.9475983006414e-14,
