Dataset,Day,PeakGuardCapKW,VppBillEUR,PeakGuardBillEUR,BillPenaltyEUR,BillPenaltyPercentOfVpp,VppPaperSavingsPercent,PeakGuardPaperSavingsPercent,PaperSavingsSacrificePercentagePoints,VppEngineeringSavingsPercent,PeakGuardEngineeringSavingsPercent,EngineeringSavingsSacrificePercentagePoints,VppAllDayPeakKW,PeakGuardAllDayPeakKW,PeakReductionKW,PeakReductionPercent,VppPeakExcessOverCapKW,PeakGuardPeakExcessOverCapKW,PeakGuardCapViolationKW,VppCreatesNewPeak,PeakGuardCapSatisfied,VppDaytimePeakKW,PeakGuardDaytimePeakKW,DaytimePeakChangeKW,VppLoadRangeKW,PeakGuardLoadRangeKW,LoadRangeReductionKW,VppGridImportKWh,PeakGuardGridImportKWh,GridImportChangeKWh,VppBatteryThroughputKWh,PeakGuardBatteryThroughputKWh,BatteryThroughputChangeKWh,VppPvCurtailmentKWh,PeakGuardPvCurtailmentKWh,PvCurtailmentChangeKWh,VppEnergyBalanceResidualKW,PeakGuardEnergyBalanceResidualKW,VppTerminalSocErrorKWh,PeakGuardTerminalSocErrorKWh,VppSimultaneousChargeDischargeKW,PeakGuardSimultaneousChargeDischargeKW
StoreNet,02-Jan-2020,18.175861,24.4515710952055,29.6009349896882,5.1493638944827,21.0594397980929,40.6917955152014,28.2018198963954,12.489975618806,36.883635265481,23.5916824314702,13.2919528340108,79.8526431671284,18.175861,61.6767821671284,77.238247503018,61.6767821671284,0,0,1,1,6.66133814775094e-16,12.2467435,12.2467435,79.8526431671284,18.175861,61.6767821671284,268.698583463797,259.697760825712,-9.00082263808497,308.434210282316,189.328376678773,-119.105833603543,NaN,0,NaN,1.36002320516582e-15,4.39648317751562e-14,0,0,0,0
StoreNet,15-Jan-2020,22.857254,29.2608774081311,32.226033512877,2.9651561047459,10.133517404102,39.5947482060389,33.4735715025062,6.1211767035327,35.0780950873315,28.4992225539317,6.5788725333998,84.5514542105263,22.857254,61.6942002105263,72.9664566820018,61.6942002105263,0,0,1,1,8.43996556393533,10.29368,1.85371443606467,84.5514542105263,22.857254,61.6942002105263,307.001192119504,300.368411932356,-6.632780187148,322.266795707504,243.833250864419,-78.433544843085,NaN,0,NaN,3.77475828372553e-15,3.5527136788005e-15,0,0,0,0
StoreNet,16-Jan-2020,30.6840095,39.1521338324814,39.1521338324814,0,0,30.4159387166086,30.4159387166086,0,27.4069914078552,27.4069914078552,0,69.7450989473684,30.6840095,39.0610894473684,56.0054972132809,39.0610894473684,0,0,1,1,15.1974295,16.52013,1.3227005,69.7450989473684,30.6840095,39.0610894473684,366.516860386773,366.516860386773,0,320.13453448056,320.134534480561,1.02318153949454e-12,NaN,0,NaN,1.33226762955019e-14,1.16573417585641e-15,0,0,0,0
StoreNet,01-Feb-2020,20.613763,27.201245979818,29.8935324749582,2.6922864951402,9.8976587217282,34.4841736765607,27.9996407783464,6.4845328982143,33.4676539458624,26.8825093938647,6.5851445519977,67.4863957894737,20.613763,46.8726327894737,69.4549356816959,46.8726327894737,0,0,1,1,7.55566,12.763332,5.207672,67.4863957894737,20.613763,46.8726327894737,282.53540142691,276.513003349717,-6.02239807719303,319.999928048106,248.784391426552,-71.215536621554,NaN,0,NaN,1.77635683940025e-15,2.44249065417534e-15,0,0,0,0
StoreNet,02-Feb-2020,16.6183245,24.9107123536286,31.5271988409193,6.6164864872907,26.5608080305536,39.210405675169,23.0641982239982,16.1462074511708,35.2207774890075,18.0148925541776,17.2058849348299,82.3908342105263,16.6183245,65.7725097105263,79.8298868323913,65.7725097105263,0,0,1,1,2.68673971959288e-14,15.7867075,15.7867075,82.3908342105263,16.6183245,65.7725097105263,273.744091798117,262.696713757316,-11.047378040801,301.547372703501,144.861966018399,-156.685406685102,NaN,0,NaN,6.15063555642337e-14,7.49400541621981e-16,0,0,0,0
StoreNet,15-Feb-2020,21.9325045,30.3904003371308,33.196431735773,2.8060313986422,9.23328211380554,33.4102797168065,27.2618629842653,6.1484167325412,31.5606406655419,25.2414415413103,6.3191991242316,82.0704492105263,21.9325045,60.1379447105263,73.2760028597639,60.1379447105263,0,0,1,1,14.39623,14.58503,0.188800000000001,82.0704492105263,21.9325045,60.1379447105263,307.501745588574,301.224912663778,-6.276832924796,320.131319800459,245.906900659685,-74.224419140774,NaN,0,NaN,3.5527136788005e-15,1.77635683940025e-15,0,0,0,0
StoreNet,16-Feb-2020,17.7310015,27.6877608678395,33.4461965590835,5.758435691244,20.7977659108313,38.1196035585614,25.2498635619766,12.8697399965848,34.135851125173,20.4375796230251,13.6982715021479,74.2410157894737,17.7310015,56.5100142894737,76.1169734661497,56.5100142894737,0,0,1,1,7.85275995324353,15.0292,7.17644004675647,74.2410157894737,17.6816411081557,56.559374681318,290.076693673081,279.078655531358,-10.998038141723,319.999926761192,183.392302864181,-136.607623897011,NaN,0,NaN,1.94462501657e-15,2.22044604925031e-15,0,0,0,0
StoreNet,01-Mar-2020,17.5689575,23.6884277515283,28.5984743882579,4.9100466367296,20.7276172493669,43.3350698801991,31.5897800503455,11.7452898298536,38.0321207217297,25.1876558873799,12.8444648343498,79.2240289631067,17.5689575,61.6550714631067,77.8237010539043,61.6550714631067,0,0,1,1,4.44089209850063e-16,12.2011295,12.2011295,79.2240289631067,17.5689575,61.6550714631067,260.312392873937,251.402302387928,-8.91009048600898,293.904715593724,186.693207457245,-107.211508136479,NaN,0,NaN,2.66453525910038e-15,1.55431223447522e-15,0,0,0,0
StoreNet,02-Mar-2020,17.902966,25.4351374272709,31.6989637039705,6.2638262766996,24.6266657477686,39.9515097586161,25.1635687802889,14.7879409783272,35.9775348316394,20.2109363311456,15.7665985004938,78.3341842105263,17.902966,60.4312182105263,77.1453980399093,60.4312182105263,0,0,1,1,2.97210454829333e-05,16.6686915,16.6686617789545,78.3341842105263,17.902966,60.4312182105263,279.50697105498,269.026942989539,-10.480028065441,281.695404734475,145.568017296121,-136.127387438354,NaN,0,NaN,4.8017145815038e-15,3.44169137633799e-15,0,0,0,0
StoreNet,15-Mar-2020,24.77737,27.3147984834833,28.1080554355915,0.793256952108198,2.90412888305899,49.8334869437236,48.3765867484326,1.456900195291,41.3087323688811,39.6042623137722,1.7044700551089,58.4853157894737,24.77737,33.7079457894737,57.634887209655,33.7079457894737,0,0,1,1,2.26038778,11.665943211812,9.405555431812,58.4853157894737,24.77737,33.7079457894737,297.44986320637,295.675420711812,-1.774442494558,322.182054020847,301.199025631304,-20.983028389543,NaN,0,NaN,3.70814490224802e-14,1.33226762955019e-15,0,0,0,0
StoreNet,16-Mar-2020,23.714525,43.856646698458,46.6679041273649,2.8112574289069,6.41010574346019,27.5914397677742,22.9499744895713,4.6414652782029,24.2373097049596,19.3808411429572,4.8564685620024,77.0285757894737,23.714525,53.3140507894737,69.2133409491901,53.3140507894737,0,0,1,1,19.95403,21.1832105,1.2291805,77.0285757894737,23.406957,53.6216187894737,391.95615910125,386.414793543118,-5.54136555813204,319.999883991754,250.39656393817,-69.603320053584,NaN,0,NaN,1.55431223447522e-15,8.88178419700125e-16,0,0,0,0
StoreNet,01-Apr-2020,21.5824885,28.7443043798138,31.3625864747744,2.6182820949606,9.10887270174934,34.9296727432513,29.0024994668224,5.9271732764289,32.6786803970001,26.5464670932251,6.132213303775,80.4415042105263,21.5824885,58.8590157105263,73.1699590754597,58.8590157105263,0,0,1,1,9.67147209088808,10.70199,1.03051790911192,80.4415042105263,21.5824885,58.8590157105263,295.229114463229,289.37225938028,-5.85685508294898,320.148630334972,250.890507371979,-69.258122962993,NaN,0,NaN,1.33226762955019e-15,1.99840144432528e-15,0,0,0,0
StoreNet,02-Apr-2020,17.432523,20.1439120378291,22.2490445306858,2.1051324928567,10.4504650780016,47.039327933569,41.5046913941918,5.5346365393772,40.7798329096026,34.5910500286865,6.18878288091609,64.8598303878116,17.432523,47.4273073878116,73.1227743030363,47.4273073878116,0,0,1,1,3.33066907387547e-16,9.77674827997898,9.77674827997898,64.8598303878116,17.432523,47.4273073878116,221.361670745374,217.83375764271,-3.527913102664,222.789140172513,194.600715778992,-28.188424393521,NaN,0,NaN,8.88178419700125e-16,1.31006316905768e-14,0,0,0,0
StoreNet,15-Apr-2020,17.2670585,13.2411445276038,13.2411445276038,0,0,65.3969900885501,65.39699008855,9.9475983006414e-14,57.3538210500171,57.353821050017,1.06581410364015e-13,43.4498102726345,17.2670585,26.1827517726345,60.2597608789212,26.1827517726345,0,0,1,1,5.55111512312578e-16,9.99200722162641e-16,4.44089209850063e-16,43.4498102726345,17.2670585000001,26.1827517726344,145.507082720921,145.507082720921,0,163.936634781614,163.936634781604,-1.00044417195022e-11,NaN,0,NaN,9.43689570931383e-16,1.14352971536391e-13,0,0,0,0
StoreNet,16-Apr-2020,14.3783125,17.0873928899223,19.0959971951454,2.0086043052231,11.75489039295,57.8120495459045,52.8529022109934,4.9591473349111,47.2836186986351,41.0868658575299,6.1967528411052,47.4889244782776,14.3783125,33.1106119782776,69.7228087223223,33.1106119782776,0,0,1,1,2.63677968348475e-16,7.9170485,7.9170485,47.4889244782776,14.3783125,33.1106119782776,187.773548240904,185.444480614152,-2.32906762675199,204.874065035833,159.487954904557,-45.386110131276,NaN,0,NaN,1.49880108324396e-15,1.0547118733939e-13,0,0,0,0
StoreNet,01-May-2020,22.565423,34.5149644927198,35.8590827941071,1.3441183013873,3.89430590800931,29.4196480353263,26.6710332188721,2.7486148164542,28.478831257334,25.693578157511,2.785253099823,79.8157942105263,22.565423,57.2503712105263,71.7281232076946,57.2503712105263,0,0,1,1,13.55112,14.83122,1.2801,79.8157942105263,22.565423,57.2503712105263,318.953210535899,315.946541116278,-3.00666941962101,319.999908702084,284.445703646664,-35.55420505542,NaN,0,NaN,1.99840144432528e-15,1.77635683940025e-15,0,0,0,0
StoreNet,02-May-2020,18.5347365,22.5323642826615,25.702142558253,3.1697782755915,14.0676683362102,38.0784683505594,29.3675526494149,8.7109157011445,34.3235451854383,25.0843993471449,9.2391458382934,72.4546278265372,18.5347365,53.9198913265372,74.4188369245733,53.9198913265372,0,0,1,1,2.12607709215717e-14,10.2099861299744,10.2099861299744,72.4546278265372,18.5347365,53.9198913265372,247.608398710566,242.071473983263,-5.53692472730302,250.105953724243,180.194512673738,-69.911441050505,NaN,0,NaN,2.22044604925031e-14,3.99680288865056e-15,0,0,0,0
StoreNet,15-May-2020,14.622626,11.0638236526886,11.0638236526886,0,0,68.1887730929689,68.1887730929689,0,58.5758556566478,58.5758556566478,0,26.4239437617729,14.622626,11.8013177617729,44.6614550355109,11.8013177617729,0,0,1,1,6.10622663543836e-16,8.88178419700125e-16,2.77555756156289e-16,26.4239437617729,14.622626,11.8013177617729,121.580479699875,121.580479699875,0,118.64186480508,118.641864805084,3.99325017497176e-12,NaN,0,NaN,1.55431223447522e-15,8.88178419700125e-16,0,0,0,0
StoreNet,16-May-2020,13.4446845,17.3467138009628,20.6241063528262,3.2773925518634,18.8934491539342,50.2287753251685,40.8252742979387,9.4035010272298,40.492909037513,29.2499670635301,11.2429419739829,55.0748693534775,13.4446845,41.6301848534775,75.5883497177083,41.6301848534775,0,0,1,1,4.44089209850063e-16,8.9704024,8.9704024,55.0748693534775,13.4446845,41.6301848534775,190.623228582009,186.394331609929,-4.22889697208001,189.060549007571,137.223430507098,-51.837118500473,NaN,0,NaN,8.88178419700125e-16,2.66453525910038e-15,0,0,0,0
StoreNet,01-Jun-2020,25.7949115,32.6468087518901,33.2087578234598,0.5619490715697,1.7212986293405,37.9957108126617,36.9284318327478,1.0672789799139,33.9883768062632,32.852119641024,1.1362571652392,57.9190731578947,25.7949115,32.1241616578947,55.4638738267102,32.1241616578947,0,0,1,1,12.628087,14.7120254259567,2.0839384259567,57.9190731578948,25.7949115,32.1241616578948,323.968312218777,322.711284077112,-1.25702814166499,323.80922328021,308.944691313775,-14.864531966435,NaN,0,NaN,2.22044604925031e-15,7.32747196252603e-15,0,0,0,0
StoreNet,02-Jun-2020,17.7709165,23.8512933073022,28.9121324155444,5.0608391082422,21.2183005887265,34.4644998355011,20.5589804182723,13.9055194172288,33.9055519819584,19.8814333290306,14.0241186529278,58.3253767112622,17.7709165,40.5544602112622,69.531415822697,40.5544602112622,0,0,1,1,2.78703182350348e-05,13.8495385,13.8495106296818,58.3253767112622,17.7160172941177,40.6093594171445,262.102092710543,253.209733211084,-8.89235949945899,287.270457364074,162.092612537272,-125.177844826802,NaN,0,NaN,6.21724893790088e-15,4.44089209850063e-15,0,0,0,0
StoreNet,15-Jun-2020,14.4712795,12.0590333708069,12.0590333708069,0,0,64.824750589961,64.824750589961,0,54.643973854102,54.643973854102,0,34.9083658725762,14.4712795,20.4370863725762,58.5449529410125,20.4370863725762,0,0,1,1,1.16573417585641e-15,4.16333634234434e-16,-7.49400541621976e-16,34.9083658725762,14.4712795,20.4370863725762,132.516850228647,132.516850228647,0,121.844785489195,121.844785489202,6.99174051987939e-12,NaN,0,NaN,8.88178419700125e-16,6.66133814775094e-16,0,0,0,0
StoreNet,16-Jun-2020,14.727853,19.3101798620257,22.8600846250926,3.5499047630669,18.383592428613,47.3335293450771,37.651540033341,9.6819893117361,38.4111497034277,27.0889064834373,11.3222432199904,56.8940989417092,14.727853,42.1662459417092,74.1135666546202,42.1662459417092,0,0,1,1,4.9960036108132e-16,12.329262435,12.329262435,56.8940989417092,14.727853,42.1662459417092,212.199778703579,206.98324818089,-5.216530522689,221.886473391206,148.739064153135,-73.147409238071,NaN,0,NaN,1.80189196896663e-13,2.66453525910038e-15,0,0,0,0
StoreNet,01-Jul-2020,21.141624,31.8873578981091,37.3269465180422,5.4395886199331,17.0587624014333,30.8390558052486,19.0410546604782,11.7980011447704,30.1713142463591,18.259404655602,11.9119095907571,83.0496542105263,21.141624,61.9080302105263,74.5433931050367,61.9080302105263,0,0,1,1,13.17714638,20.344062,7.16691562,83.0496542105263,21.107032,61.9426222105263,326.69457984867,317.811335165166,-8.88324468350402,319.999915652548,188.119626983411,-131.880288669137,NaN,0,NaN,2.22044604925031e-15,1.4432899320127e-15,0,0,0,0
StoreNet,02-Jul-2020,24.4455305,29.3756687771134,30.241691078165,0.866022301051601,2.94809390595498,33.3874247773411,31.4236235066023,1.9638012707388,31.8255992146359,29.8157538596614,2.0098453549745,71.0451615789474,24.4455305,46.5996310789474,65.5915618224959,46.5996310789474,0,0,1,1,10.7986118728851,13.1134425,2.3148306271149,71.0451615789474,24.4455305,46.5996310789474,302.137277704464,300.200065848788,-1.93721185567603,320.058474211492,297.150675571159,-22.907798640333,NaN,0,NaN,1.77635683940025e-14,6.66133814775094e-15,0,0,0,0
StoreNet,15-Jul-2020,13.431552,17.7412893216537,20.9431907244883,3.2019014028346,18.0477379337171,50.7505584085735,41.8621482563338,8.88841015223969,41.5259502880339,30.972707036787,10.5532432512469,55.8467308911616,13.431552,42.4151788911616,75.9492600808158,42.4151788911616,0,0,1,1,3.77475828372553e-14,10.0815775,10.0815775,55.8467308911616,13.431552,42.4151788911616,194.959223314876,191.089673693239,-3.86954962163699,197.46215911426,137.3518742597,-60.11028485456,NaN,0,NaN,1.59872115546023e-13,5.10702591327572e-15,0,0,0,0
StoreNet,16-Jul-2020,13.8189275,11.5959731824045,11.5959731824045,0,0,65.0828416170073,65.0828416170074,-9.9475983006414e-14,56.1856349062783,56.1856349062784,-9.9475983006414e-14,35.679758294816,13.8189275,21.860830794816,61.2695596595233,21.860830794816,0,0,1,1,5.82867087928207e-16,1.87350135405495e-15,1.29063426612674e-15,35.679758294816,13.8189275,21.860830794816,127.42827672972,127.42827672972,0,120.176260699317,120.176260699322,5.00222085975111e-12,NaN,0,NaN,1.33226762955019e-15,8.88178419700125e-16,0,0,0,0
StoreNet,01-Aug-2020,24.74936,32.7646726384706,35.2447946167791,2.4801219783085,7.56950025313688,31.527247273249,26.3442020822678,5.1830451909812,29.9023751145483,24.5963352214011,5.3060398931472,75.9613042105263,24.74936,51.2119442105263,67.4184635753392,51.2119442105263,0,0,1,1,12.1651105,16.43912,4.2740095,75.9613042105263,24.7325925,51.2287117105263,332.296806515584,327.207715367418,-5.08909114816601,320.005322099513,257.821771258188,-62.183550841325,NaN,0,NaN,5.32907051820075e-15,1.77635683940025e-15,0,0,0,0
StoreNet,02-Aug-2020,23.2809665,30.3277250281859,32.1440798745694,1.8163548463835,5.9890903280593,32.5385368411876,28.4982088759759,4.0403279652117,30.974466470924,26.8404649184428,4.1340015524812,76.9028042105263,23.2809665,53.6218377105263,69.7267651823633,53.6218377105263,0,0,1,1,9.14621,11.5170675,2.3708575,76.9028042105263,23.2809665,53.6218377105263,305.002072107546,300.93905282854,-4.06301927900597,319.99991977804,271.954258473474,-48.045661304566,NaN,0,NaN,2.88657986402541e-15,8.88178419700125e-16,0,0,0,0
StoreNet,15-Aug-2020,18.28414,21.8601326413552,24.4757806146257,2.6156479732705,11.9653801565787,45.9682078130854,39.5030984725084,6.465109340577,37.5129548178034,30.0361423131404,7.476812504663,64.9591884398177,18.28414,46.6750484398177,71.8528811102072,46.6750484398177,0,0,1,1,6.66133814775094e-16,8.4844625,8.4844625,64.9591884398177,18.28414,46.6750484398177,240.22123781709,235.638285840854,-4.58295197623602,248.729561065775,199.746184151419,-48.983376914356,NaN,0,NaN,2.66453525910038e-15,6.60582699651968e-15,0,0,0,0
StoreNet,16-Aug-2020,19.8687105,25.092780421743,29.4402111630603,4.3474307413173,17.3254245573768,45.7485401363545,36.349244386403,9.3992957499515,37.5047945990476,26.677234935328,10.8275596637196,83.6087942105263,19.8687105,63.7400837105263,76.236099697873,63.7400837105263,0,0,1,1,1.16573417585641e-15,11.6351858298399,11.6351858298399,83.6087942105263,19.8687105,63.7400837105263,275.744839799374,268.297770247733,-7.44706955164099,309.737271907887,216.852639726653,-92.884632181234,NaN,0,NaN,1.36002320516582e-15,8.88178419700125e-16,0,0,0,0
StoreNet,01-Sep-2020,20.261546,28.5873706448978,34.253043332079,5.6656726871812,19.8187960605338,38.2368405114519,25.9961258918744,12.2407146195775,34.447043976534,21.4552373105919,12.9918066659421,77.1378942105263,20.261546,56.8763482105263,73.733343115769,56.8763482105263,0,0,1,1,5.26079468259876,17.3219105,12.0611158174012,77.1378942105263,20.261546,56.8763482105263,308.192404314178,298.166083443706,-10.026320870472,320.241446740125,194.853415879375,-125.38803086075,NaN,0,NaN,8.14903700074865e-14,1.11022302462516e-15,0,0,0,0
StoreNet,02-Sep-2020,18.825119,28.7912416483675,34.56036730692,5.7691256585525,20.0377799923041,38.474160074887,26.1457476322756,12.3284124426114,33.6313762737066,20.3325774675116,13.298798806195,59.4894631578947,18.825119,40.6643441578947,68.3555406273627,40.6643441578947,0,0,1,1,6.628318745,18.339489,11.711170255,59.4894631578947,18.825119,40.6643441578947,300.102789427424,289.457477198041,-10.645312229383,320.558209915533,182.681154695853,-137.87705521968,NaN,0,NaN,1.55431223447522e-15,3.77475828372553e-15,0,0,0,0
StoreNet,15-Sep-2020,17.280066,23.0739729405111,28.197447434877,5.1234744943659,22.2045614232761,44.7984064404444,32.5411346918857,12.2572717485587,39.1412583628782,25.6278416946307,13.5134166682475,66.6778972853186,17.280066,49.3978312853186,74.0842667457589,49.3978312853186,0,0,1,1,9.56179579958416e-15,14.92048105625,14.92048105625,66.6778972853186,17.280066,49.3978312853186,253.560142203419,246.245695221015,-7.31444698240398,271.063235593006,176.300082078735,-94.763153514271,NaN,0,NaN,3.04551705491911e-13,3.77475828372553e-15,0,0,0,0
StoreNet,16-Sep-2020,15.0258605,19.8305222142361,23.9369560980386,4.1064338838025,20.7076436991384,47.2166679019222,36.2864835585192,10.930184343403,38.2762258980798,25.494686679393,12.7815392186868,69.0526443541996,15.0258605,54.0267838541996,78.2399926309467,54.0267838541996,0,0,1,1,1.62109908830033e-15,13.341077525,13.341077525,69.0526443541996,15.0258605,54.0267838541996,217.917826530067,212.856862121333,-5.06096440873401,229.190961912388,145.131992160096,-84.058969752292,NaN,0,NaN,2.77555756156289e-15,9.88098491916389e-15,0,0,0,0
StoreNet,01-Oct-2020,25.3783045,32.2329812695915,33.3043247757287,1.0713435061372,3.32374935218265,31.8213488449222,29.5552613688285,2.2660874760937,30.2983395495967,27.981631061916,2.3167084876807,75.72607,25.3783045,50.3477655,66.4867006831333,50.3477655,0,0,1,1,12.5733649999997,13.9703675158662,1.3970025158665,75.72607,25.3783045,50.3477655,323.719946276516,321.323449859426,-2.39649641709002,320.433873506284,292.094971282387,-28.338902223897,NaN,0,NaN,3.14602145504308e-13,2.77555756156289e-15,0,0,0,0
StoreNet,02-Oct-2020,23.006571,33.1322791031013,35.9297996729211,2.7975205698198,8.44348968905657,35.3344061029844,29.8743733499227,5.4600327530617,30.8398534457033,25.0003236024548,5.8395298432485,80.0874342105263,23.006571,57.0808632105263,71.2731825825229,57.0808632105263,0,0,1,1,13.3916685534031,16.104926,2.7132574465969,80.0874342105263,23.006571,57.0808632105263,326.421877810072,320.164102855263,-6.25777495480895,322.55196515073,248.551346948658,-74.000618202072,NaN,0,NaN,2.22044604925031e-15,1.55431223447522e-15,0,0,0,3.13762088235478e-14
StoreNet,15-Oct-2020,14.855774,15.4257732578337,15.7072735805082,0.2815003226745,1.82487009221107,56.3296183240124,55.532690589653,0.7969277343594,49.899184451722,48.9849096528277,0.914274798894297,45.3461080722706,14.855774,30.4903340722706,67.2391421633726,30.4903340722706,0,0,1,1,4.9960036108132e-16,1.90646,1.90646,45.3461080722706,14.855774,30.4903340722706,169.513991844327,169.21554695365,-0.29844489067699,163.187562703748,158.421080724348,-4.7664819794,NaN,0,NaN,1.55431223447522e-15,1.4432899320127e-14,0,0,0,0
StoreNet,16-Oct-2020,17.5111735,14.8479063532246,14.8479063532246,0,0,57.8076171174241,57.8076171174241,0,51.8988152924501,51.8988152924501,0,38.9394832770083,17.5111735,21.4283097770083,55.0297743413061,21.4283097770083,0,0,1,1,1.76247905159244e-15,8.32667268468867e-16,-9.29811783123573e-16,38.9394832770083,17.5111735,21.4283097770083,163.163806079391,163.163806079391,0,175.398481220483,175.398481220476,-7.02016222930979e-12,NaN,0,NaN,8.74855743404623e-14,8.88178419700125e-16,0,0,0,0
StoreNet,01-Nov-2020,25.7987325,37.8367923380125,39.1869977928509,1.3502054548384,3.56849873207124,27.3432258694198,24.7504698058062,2.5927560636136,26.614824486302,23.9960754285674,2.6187490577346,78.9344292105263,25.7987325,53.1356967105263,67.3162487421147,53.1356967105263,0,0,1,1,14.84213,15.177,0.33487,78.9344292105263,25.7987325,53.1356967105263,356.938494607836,353.918208783979,-3.02028582385697,319.999899915287,284.284679343766,-35.715220571521,NaN,0,NaN,3.99680288865056e-15,4.44089209850063e-15,0,0,0,0
StoreNet,02-Nov-2020,18.2003795,22.9526985249528,26.3771267290014,3.4244282040486,14.9195015144985,44.7321574657061,36.4864708617716,8.2456866039345,38.2997955875814,29.0944326558221,9.2053629317593,69.8769425761773,18.2003795,51.6765630761773,73.95366936646,51.6765630761773,0,0,1,1,9.99200722162641e-16,15.105554,15.105554,69.8769425761773,18.2003795,51.6765630761773,252.227456318162,246.378638456193,-5.84881786196902,261.318548046621,199.019500880743,-62.299047165878,NaN,0,NaN,4.82947015711943e-15,6.74460487459783e-15,0,0,0,0
StoreNet,15-Nov-2020,25.2639187236842,32.4388994138802,32.4388994138802,0,0,36.1258029635365,36.1258029635366,-9.9475983006414e-14,31.9032449127955,31.9032449127956,-9.9475983006414e-14,75.8006984210526,25.2639187236842,50.5367796973684,66.6705990182968,50.5367796973684,0,0,1,1,15.1574842105263,15.1574842105263,0,75.8006984210526,25.2639187236842,50.5367796973684,309.103346630554,309.103346630554,0,321.464967523516,321.464967523517,9.66338120633736e-13,NaN,0,NaN,6.88338275267597e-15,2.16493489801906e-15,0,0,0,0
StoreNet,16-Nov-2020,24.038322930622,33.4319611204415,35.0939721202843,1.6620109998428,4.97132367992192,29.5588662957346,26.0570095354889,3.5018567602457,29.1823145883856,25.6617382239453,3.5205763644403,81.8506094736842,24.038322930622,57.8122865430622,70.6314673950588,57.8122865430622,0,0,1,1,13.3478825789474,13.2838343516746,-0.0640482272728011,81.8506094736842,24.038322930622,57.8122865430622,322.491975445525,318.774209201927,-3.71776624359796,319.999911566811,276.036906352329,-43.963005214482,NaN,0,NaN,3.99680288865056e-15,1.38777878078145e-15,0,0,0,0
StoreNet,01-Dec-2020,29.0186035,34.9289150694838,34.9289150694838,0,0,34.6483081112993,34.6483081112993,0,30.1221105631544,30.1221105631544,0,69.8011815789474,29.0186035,40.7825780789474,58.4267732385318,40.7825780789474,0,0,1,1,12.71344,13.2190244699999,0.505584469999899,69.8011815789474,29.0186035,40.7825780789474,339.832302940909,339.83230294091,9.66338120633736e-13,320.318663066948,320.318663066938,-1.00044417195022e-11,NaN,0,NaN,7.37188088351104e-14,7.98250354705488e-14,0,0,0,0
StoreNet,02-Dec-2020,23.9856345,26.5041915757837,28.2918646647552,1.7876730889715,6.74486933079995,39.138162570976,35.0331111640644,4.1050514069116,35.4383738042504,31.0837764795076,4.35459732474281,75.8724942105263,23.9856345,51.8868597105263,68.3869170908681,51.8868597105263,0,0,1,1,3.0970238758421e-05,10.25013,10.2500990297612,75.8724942105263,23.9856345,51.8868597105263,291.254817426914,287.25595660987,-3.99886081704398,304.879063417682,257.592083163235,-47.286980254447,NaN,0,NaN,4.66293670342566e-15,2.85882428840978e-15,0,0,0,0
