ArtifactId,RepositoryRelativePath,Sha256,Role,PaperLocator,Units,SampleCount,UnavailableBoundaries,Method
FIG5_PROFILE,StoreNet/reference/paper_fig5_profile_digitized.csv,3264e86081d43a21ddec8f95c9e81587bf8233bf8faabe1c987ed7ef0c59e877,Predeclared typical-day selector input,Bahloul 2022 Figure 5 page 7,kW at 30-minute interval ends,48,"Grid and Battery traces were not digitized","Paper PDF rasterized at 300 dpi; blue Load and yellow PV colors isolated within calibrated 0/20/40 kW plot grid; rounded to 0.01 kW with approximately +/-0.5 kW reading uncertainty"
FIG5_SAVINGS,StoreNet/reference/fig5_savings.csv,7b63f901b6ffcda22f28c88c18776e1734bae59edb737f27aa08ab73084e66e5,Post-solve discrepancy targets,Bahloul 2022 Figure 5 page 7,percent,6,Underlying numeric arrays and original dashboard date unavailable,Printed labels transcribed without reconciliation
TABLE_I_TARGETS,StoreNet/reference/table_i.csv,5b28f8085f8ab0ba44e8b203c86970cbe2b69be6bdc5ca3f91e2a8eb5d20b4b5,Post-solve discrepancy targets,Bahloul 2022 Table I page 9,percent,4,SB-SC reduced-budget cases unavailable,Printed table transcribed; NaN preserves not-applicable cells
REFERENCE_METHOD,StoreNet/reference/README.md,5247c4d628e331b912b32ecda3c3859349024c5a2f0fea1df7439b01d1b31386,Digitization and transcription method,Local reference documentation,text,1,None,Version-controlled method note
SOURCE_PDF,"01_論文/[2] Bahloul 2022 方法論文 Role of Aggregator in Coordinating Residential VPP in StoreNet.pdf",6164850be4edd539609ec2ce1d76670acc3b0aa54d0357257c18dcf5cf00907f,Primary paper source,Bahloul et al. 2022 full paper,PDF,10,Original code dashboard and solver tuple unavailable,Local author manuscript used for equation figure and table audit
FORMULA_CODE_AUDIT,StoreNet/docs/BAHLOUL_VPP_REPRODUCIBILITY_AUDIT.md,6c6dc26d68af36603b0ce37d6565551c1e754a0ebf5de5b2dae3ba4a7d2d824e,Equation-code-parameter-reproducibility mapping,Equations 1-24 Figures 5-7 and Table I,text,1,None,Read-only line-level audit completed before formal rerun
TYPICAL_DAY_DECISION,StoreNet/docs/decisions/ADR-001-typical-day-selection.md,46764f5da4cea0eb3ad3a8d3a3954cb3d06d7c71ad25ce7ede91e6bb24840f8b,Predeclared selector rule and tie-break,Bahloul 2022 Figure 5 proxy-day decision,text,1,Author date unavailable,External Load/PV distance ranked before any optimization outcome
TYPICAL_DAY_RANKING,StoreNet/results/typical_day_selection_2020/ranking.csv,2a73d0ea85c419d07f5a62f12655141650461cd3f0e9d9d807c7c1b3a7677412,Complete exogenous selector ranking,Bahloul 2022 Figure 5 proxy-day selection,dimensionless score,345,Only public 2020 candidates with complete half-hour curve were rankable,Frozen normalized Load/PV RMSE followed by quality gate and stable tie rule
TYPICAL_DAY_PROVENANCE,StoreNet/results/typical_day_selection_2020/manifest.json,7bcf12dab7b6352aa5addbf74e8eb9ba6b413ef1ff9e7a4e945a44f665acf18e,Selector runtime provenance,Bahloul 2022 Figure 5 proxy-day selection,JSON,1,No optimization outputs permitted,Machine-readable record of selected 2020-08-24 and reference hash
