Experiment,Month,Day,Sequence,Strategy,Alpha,RequestedCapKW,EffectiveCapKW,P0KW,PminKW,Status,ErrorIdentifier,ErrorMessage,WallTimeSeconds,AcceptancePassed,AcceptanceMessage,BaselineBillEUR,OptimizedBillEUR,SavingsEUR,SavingsPercent,BaselinePeakImportKW,PeakImportKW,DaytimePeakImportKW,ImportSpreadKW,TotalGridImportKWh,TotalBatteryThroughputKWh,TotalCurtailedPvKWh,TotalSharedExportKWh,EnergyBalanceResidualKW,TerminalSocErrorKWh,SimultaneousChargeDischargeKW,ExitFlags,MinimumExitFlag
primary,1,25-Jan-2013,1,SH_BM,NaN,NaN,NaN,71.548,NaN,ok,,,5.629055125,1,,104.242418,63.7937846223834,40.4486333776166,38.8024703893732,71.548,81.9470523961219,30.83001,81.9470523961219,573.922267443773,583.98124188831,196.601808978452,0,3.59601237676088e-13,0,0,1;1,1
primary,1,25-Jan-2013,2,VPP_BM,NaN,NaN,NaN,71.548,NaN,ok,,,15.6629793333333,1,,104.242418,35.8137911628469,68.4286268371531,65.6437447922142,71.548,63.854,7.68792125265261e-05,63.854,393.558101138104,586.10777829178,0,230.407396834196,3.46389583683049e-14,0,0,1;1,1
primary,1,25-Jan-2013,3,IMPROVED_PEAK_GUARD,NaN,71.548,71.548,71.548,NaN,ok,,,17.867875875,1,,104.242418,35.8137911628469,68.4286268371531,65.6437447922142,71.548,63.854,7.6879213233183e-05,63.854,393.558101138103,586.107778291779,0,230.407396834196,1.06581410364015e-14,0,0,1;1,1
primary,2,15-Feb-2013,1,SH_BM,NaN,NaN,NaN,50.958,NaN,ok,,,4.52370720833333,1,,70.680142,37.7902074917074,32.8899345082926,46.5334867441164,50.958,85.5005163019391,1.802,85.5005163019391,408.866254277004,459.72853888906,106.768921360328,0,2.66453525910038e-15,0,0,1;1,1
primary,2,15-Feb-2013,2,VPP_BM,NaN,NaN,NaN,50.958,NaN,ok,,,26.0017900833333,1,,70.680142,28.0008920373776,42.6792499626224,60.383650562873,50.958,50.218,4.9960036108132e-15,50.218,307.702110300853,414.226675088188,0,113.42487782347,9.65894031423886e-15,0,0,1;1,1
primary,2,15-Feb-2013,3,IMPROVED_PEAK_GUARD,NaN,50.958,50.958,50.958,NaN,ok,,,13.7147934583333,1,,70.680142,28.0008920373776,42.6792499626224,60.3836505628729,50.958,50.218,5.88418203051333e-15,50.218,307.702110300853,414.226675088188,0,113.424877823473,2.49938958418738e-14,0,0,1;1,1
primary,3,12-Mar-2013,1,SH_BM,NaN,NaN,NaN,52.926,NaN,ok,,,3.96450370833333,1,,79.323284,40.9628659977127,38.3604180022873,48.3595938895914,52.926,83.7665633518005,5.35196,83.7665633518005,426.904075249591,533.264084180772,157.685207771893,0,1.77635683940025e-15,0,0,1;1,1
primary,3,12-Mar-2013,2,VPP_BM,NaN,NaN,NaN,52.926,NaN,ok,,,24.603172,1,,79.323284,25.5054109904159,53.8178730095841,67.8462492924324,52.926,47.312,5.4678483962789e-15,47.312,280.279241652922,529.785249038558,0,160.555619242793,3.58602036953926e-14,0,0,1;1,1
primary,3,12-Mar-2013,3,IMPROVED_PEAK_GUARD,NaN,52.926,52.926,52.926,NaN,ok,,,17.2177949583333,1,,79.323284,25.5054109904159,53.8178730095841,67.8462492924324,52.926,47.312,7.105427357601e-15,47.3120000000001,280.279241652922,529.785249038558,0,160.555619242794,8.85957973650875e-14,0,0,1;1,1
primary,4,28-Apr-2013,1,SH_BM,NaN,NaN,NaN,58.578,NaN,ok,,,4.50575470833333,1,,87.747783,44.6669730095293,43.0808099904707,49.0961805729847,58.578,88.7365817174515,14.346,88.7365817174515,463.688789527794,606.860317716672,91.0122732239124,0,2.22044604925031e-15,0,0,1;1,1
primary,4,28-Apr-2013,2,VPP_BM,NaN,NaN,NaN,58.578,NaN,ok,,,15.6039758333333,1,,87.747783,34.4893473180202,53.2584356819798,60.6949074508012,58.578,60.364639833795,7.40361113245047e-05,60.364639833795,379.003774781983,580.830669795007,0,109.471291584619,3.99680288865056e-15,0,0,1;1,1
primary,4,28-Apr-2013,3,IMPROVED_PEAK_GUARD,NaN,58.578,58.578,58.578,NaN,ok,,,7.89018741666667,1,,87.747783,34.4893473180202,53.2584356819798,60.6949074508011,58.578,58.578,7.40361125777245e-05,58.578,379.003774781983,580.830669795006,0,109.471291584619,1.40238697847388e-14,0,0,1;1,1
primary,5,21-May-2013,1,SH_BM,NaN,NaN,NaN,61.492,NaN,ok,,,3.613523875,1,,106.182233,62.991350225651,43.190882774349,40.6761861698171,61.492,118.732066481994,25.655,118.732066481994,630.776306243418,651.233191113144,49.7587609099799,0,2.66453525910038e-15,0,0,1;1,1
primary,5,21-May-2013,2,VPP_BM,NaN,NaN,NaN,61.492,NaN,ok,,,12.8556297916667,1,,106.182233,53.5913416719303,52.5908913280697,49.528899366874,61.492,130.9070043672,0.000125243334905129,130.9070043672,588.915771669215,698.871054846254,0,77.9093107067526,1.4210854715202e-14,0,0,1;1,1
primary,5,21-May-2013,3,IMPROVED_PEAK_GUARD,NaN,61.492,61.492,61.492,NaN,ok,,,21.1295350833333,1,,106.182233,53.5913416719303,52.5908913280697,49.528899366874,61.492,61.492,0.000125243335381553,61.492,588.915771669215,698.871054846254,0,77.9093107067524,5.32907051820075e-15,0,0,1;1,1
primary,6,26-Jun-2013,1,SH_BM,NaN,NaN,NaN,87.322,NaN,ok,,,7.43258804166667,1,,154.243455,118.04198411419,36.2014708858097,23.4703449075422,87.322,181.506653739612,46.936,181.434653739612,1066.84949304055,706.588021649573,1.55337087695626,0,2.66453525910038e-15,0,0,1;1,1
primary,6,26-Jun-2013,2,VPP_BM,NaN,NaN,NaN,87.322,NaN,ok,,,31.9849100416667,1,,154.243455,107.899467631977,46.3439873680228,30.0459992730471,87.322,208.582526315789,38.70217,208.582526315789,1080.60391780599,837.373051219248,0,122.806551409752,2.25375273998907e-14,0,0,1;1,1
primary,6,26-Jun-2013,3,IMPROVED_PEAK_GUARD,NaN,87.322,87.322,87.322,NaN,ok,,,16.283858,1,,154.243455,107.899467631977,46.3439873680227,30.0459992730471,87.322,87.3220000000001,36.74671,87.3220000000001,1080.60391780599,837.373051219246,0,122.806551409751,4.49640324973188e-15,0,0,1;1,1
primary,7,03-Jul-2012,1,SH_BM,NaN,NaN,NaN,101.162,NaN,ok,,,7.17837329166667,1,,149.832299,103.536369573276,46.2959294267243,30.898497677543,101.162,142.534786703601,57.042,142.534786703601,918.955571629403,717.737265734279,54.1573172035655,0,2.99760216648792e-15,0,0,1;1,1
primary,7,03-Jul-2012,2,VPP_BM,NaN,NaN,NaN,101.162,NaN,ok,,,20.3097225416667,1,,149.832299,87.7608124248242,62.0714865751759,41.4273070555874,101.162,165.885578947368,46.752,165.885578947368,880.760408102159,831.99976785781,0,144.266902465906,1.88737914186277e-14,0,0,1;1,1
primary,7,03-Jul-2012,3,IMPROVED_PEAK_GUARD,NaN,101.162,101.162,101.162,NaN,ok,,,8.42963870833333,1,,149.832299,87.7608124248239,62.0714865751761,41.4273070555876,101.162,101.162,52.796,101.162,880.76040810216,831.999767857817,0,144.266902465909,3.90798504668055e-14,0,0,1;1,1
primary,8,17-Aug-2012,1,SH_BM,NaN,NaN,NaN,83.026,NaN,ok,,,5.30773608333333,1,,135.329884,85.051373702588,50.278510297412,37.1525555267689,83.026,111.133606648199,45.41,111.133606648199,795.760099231736,699.491629551499,69.5911340310672,0,2.66453525910038e-15,0,0,1;1,1
primary,8,17-Aug-2012,2,VPP_BM,NaN,NaN,NaN,83.026,NaN,ok,,,21.0792626666667,1,,135.329884,71.1749533932841,64.1549306067159,47.4063294155457,83.026,132.010616842105,34.8058,132.010616842105,742.832080131448,831.999811730215,0,140.905042150799,3.28626015289046e-14,0,0,1;1,1
primary,8,17-Aug-2012,3,IMPROVED_PEAK_GUARD,NaN,83.026,83.026,83.026,NaN,ok,,,18.4315561666667,1,,135.329884,71.1749533932841,64.1549306067159,47.4063294155457,83.026,83.026,34.05119,83.0260000000001,742.832080131449,831.999811730216,0,140.9050421508,9.32587340685131e-15,0,0,1;1,1
primary,9,06-Sep-2012,1,SH_BM,NaN,NaN,NaN,61.284,NaN,ok,,,3.324078875,1,,81.495705,36.1686797665698,45.3270252334302,55.6189129641006,61.284,61.284,10.543815,61.284,383.428052682086,580.569453166742,168.663672848529,0,1.77635683940025e-15,0,0,1;1,1
primary,9,06-Sep-2012,2,VPP_BM,NaN,NaN,NaN,61.284,NaN,ok,,,18.8943282916667,1,,81.495705,21.2447683944766,60.2509366055234,73.931425718108,61.284,61.284,1.7874590696465e-14,61.2840000000004,233.458993345896,690.005961865543,0,186.839895303108,4.8544501751735e-13,0,0,1;1,1
primary,9,06-Sep-2012,3,IMPROVED_PEAK_GUARD,NaN,61.284,61.284,61.284,NaN,ok,,,32.3569189583333,1,,81.495705,21.2447683944767,60.2509366055233,73.9314257181078,61.284,61.284,4.4353409833775e-13,61.2840000000003,233.458993345898,690.005961865541,0,186.83989530311,1.48375756126029e-12,0,0,1;1,1
primary,10,19-Oct-2012,1,SH_BM,NaN,NaN,NaN,56.568,NaN,ok,,,3.588637375,1,,76.557592,35.6945878611898,40.8630041388103,53.3755086481955,56.568,56.568,6.41,56.568,379.330773199888,528.689254263541,182.576666731101,0,1.77635683940025e-15,0,0,1;1,1
primary,10,19-Oct-2012,2,VPP_BM,NaN,NaN,NaN,56.568,NaN,ok,,,12.215536375,1,,76.557592,22.6778884077886,53.8797035922114,70.3780019520617,56.568,56.568,5.32907051820075e-15,56.568,249.207564920754,604.559204254094,33.9209699991077,209.130886739502,2.8199664825479e-14,0,0,1;1,1
primary,10,19-Oct-2012,3,IMPROVED_PEAK_GUARD,NaN,56.568,56.568,56.568,NaN,ok,,,16.5213580833333,1,,76.557592,22.6778884077886,53.8797035922114,70.3780019520617,56.568,56.568,1.50990331349021e-14,56.568,249.207564920754,604.559204254095,25.3341294089097,331.800038028042,3.48610029732299e-14,0,0,1;1,1
primary,11,12-Nov-2012,1,SH_BM,NaN,NaN,NaN,51.694,NaN,ok,,,2.75115345833333,1,,73.502734,30.6132881544518,42.8894458455482,58.3508170533469,51.694,49.5,3.392,49.5,326.289726971998,536.688366019005,259.062139768391,0,5.10702591327572e-15,0,0,1;1,1
primary,11,12-Nov-2012,2,VPP_BM,NaN,NaN,NaN,51.694,NaN,ok,,,14.87964925,1,,73.502734,20.2470861547085,53.2556478452915,72.4539686446106,51.694,49.5,1.59872115546023e-14,49.5,222.495452249544,615.25924584144,127.24811222581,342.683229891387,7.66053886991358e-15,0,0,1;1,1
primary,11,12-Nov-2012,3,IMPROVED_PEAK_GUARD,NaN,51.694,51.694,51.694,NaN,ok,,,15.2791930833333,1,,73.502734,20.2470861547085,53.2556478452915,72.4539686446106,51.694,49.5,6.66133814775094e-15,49.5,222.495452249544,615.259245841441,135.905092946156,219.012076743571,5.55111512312578e-15,0,0,1;1,1
primary,12,21-Dec-2012,1,SH_BM,NaN,NaN,NaN,59.6,NaN,ok,,,5.43795979166667,1,,81.66197,51.9511812469805,29.7107887530195,36.3826500303869,59.6,113.065650969529,18.778,113.065650969529,537.831065406379,468.563874549044,64.7693402650463,0,5.19584375524573e-14,0,0,1;1,1
primary,12,21-Dec-2012,2,VPP_BM,NaN,NaN,NaN,59.6,NaN,ok,,,27.9101189166667,1,,81.66197,43.2468478034089,38.4151221965911,47.0416305124541,59.6,79.8991561018301,3.08086889333481e-15,79.8991561018301,475.240085751746,394.072035328638,0,85.7281164193635,3.38618022510673e-15,0,0,1;1,1
primary,12,21-Dec-2012,3,IMPROVED_PEAK_GUARD,NaN,59.6,59.6,59.6,NaN,ok,,,9.08068370833333,1,,81.66197,43.246847803409,38.415122196591,47.041630512454,59.6,59.6,2.08166817117217e-15,59.6,475.240085751747,394.0720353286,0,85.7281164194037,2.88657986402541e-15,0,0,1;1,1
