Dataset,Day,CaseId,CaseKind,Strategy,Status,ErrorIdentifier,ErrorMessage,CapRatio,CapKW,DemandChargeEURPerKW,EtaBatteryCharge,EtaBatteryDischarge,WallTimeSeconds,IntervalMinutes,HouseCount,PvHomeCount,PvBoundaryId,TransferLossFraction,H4MaskAffected,BatteryCapacityKWhPerHome,BatteryPowerKWPerHome,MaxSolverTimeSeconds,PaperLoadOnlyBaselineBillEUR,PaperSavingsPercent,PvSelfNoBatteryBaselineBillEUR,EngineeringSavingsPercent,OriginalLoadPeakKW,PvSelfNoBatteryPeakKW,PvSelfNoBatteryDaytimePeakKW,PvSelfNoBatteryNightPeakKW,OptimizedBillEUR,AllDayPeakKW,DaytimePeakKW,NightPeakKW,LoadRangeKW,TotalGridImportKWh,BatteryThroughputKWh,PvCurtailmentKWh,SharedExportKWh,ObjectiveWithDemandChargeEUR,PeakExcessOverCapKW,CapViolationKW,EnergyBalanceResidualKW,PvAllocationResidualKW,HomeBalanceResidualKW,BatteryDynamicsResidualKW,AggregateImportResidualKW,InitialSocErrorKWh,TerminalSocErrorKWh,SocBoundViolationKWh,ChargePowerViolationKW,DischargePowerViolationKW,AggregateImportNonnegativeViolationKW,SimultaneousChargeDischargeKW,MaximumLexicographicViolation,MinimumExitFlag,MaximumRelativeMipGapPercent,StageCount,StageOneName,StageOneValue,ArtifactDirectory,InputsSha256,SolutionSha256
StoreNet,2020-08-24,ANCHOR_SH_BM,anchor,SH_BM,ok,,,NaN,NaN,NaN,0.95,0.95,3.83093783333333,30,20,10,DC_SOURCE,0.07,1,10,3.3,600,36.671172405,38.4003112615972,33.29714113,32.1583556678067,18.87078,17.9361625,17.9361625,12.825367,22.5893280582031,55.6817390581717,10.0112,55.6817390581717,55.6817390581717,213.7315618841,211.456323213822,3.6126103860772,0,NaN,NaN,NaN,1.77635683940025e-15,1.11022302462516e-16,2.22044604925031e-16,1.77635683940025e-15,0,0,0,1.11022302462516e-16,0,4.44089209850063e-16,0,0,0,1,0,2,billEUR,22.5893257992705,/Users/guichenxiang/Desktop/電力專案/StoreNet/results/bahloul_vpp_improvement_v2_frontier/storenet_typical_20200824/cases/2020-08-24/ANCHOR_SH_BM,b3e02181d3037da7b985fdf650d8897927aee9a7beed908971b46a736db971b0,7624cd41cc15e4c51359d30913f2a74b1b5e091e90215f5ddd0383687619a540
StoreNet,2020-08-24,ANCHOR_VPP_BM,anchor,VPP_BM,ok,,,NaN,NaN,NaN,0.95,0.95,11.29364725,30,20,10,DC_SOURCE,0.07,1,10,3.3,600,36.671172405,46.6664306157681,33.29714113,41.2620888313724,18.87078,17.9361625,17.9361625,12.825367,19.558045178632,75.5007842105263,6.7168492989822e-15,75.5007842105263,75.5007842105263,214.92357339156,244.671414653528,0,32.7784615091966,NaN,NaN,NaN,3.17523785042795e-14,3.17523785042795e-14,2.87131429743681e-14,3.06005221162309e-14,0,0,0,1.11022302462516e-16,0,4.44089209850063e-16,1.22124532708767e-15,0,7.105427357601e-15,1,0,2,billEUR,19.5580432228276,/Users/guichenxiang/Desktop/電力專案/StoreNet/results/bahloul_vpp_improvement_v2_frontier/storenet_typical_20200824/cases/2020-08-24/ANCHOR_VPP_BM,cfddc28a8822f173962e1a4f0d611c0d573fa5edd1f4577294854c58f34fabbc,48a4fc3d3410333bff104e3f0f3be9934726eb9a8f40032c3897187c67da0254
StoreNet,2020-08-24,ANCHOR_VPP_BM_PEAK_LEX,anchor,VPP_BM_PEAK_LEX,ok,,,NaN,NaN,NaN,0.95,0.95,11.7098716666667,30,20,10,DC_SOURCE,0.07,1,10,3.3,600,36.671172405,46.6664306157681,33.29714113,41.2620888313724,18.87078,17.9361625,17.9361625,12.825367,19.558045178632,19.3465325017137,2.75574481354846e-05,19.3465325017137,19.3465325017137,214.923557795861,244.67252830054,0,32.7778619641568,NaN,NaN,NaN,1.77635683940025e-14,1.11022302462516e-16,2.13717932240343e-15,1.77635683940025e-14,0,0,0,1.11022302462516e-16,8.88178419700125e-16,4.44089209850063e-16,1.83186799063151e-14,0,7.105427357601e-15,1,0,3,billEUR,19.5580432228276,/Users/guichenxiang/Desktop/電力專案/StoreNet/results/bahloul_vpp_improvement_v2_frontier/storenet_typical_20200824/cases/2020-08-24/ANCHOR_VPP_BM_PEAK_LEX,6b492513fd497769d73cef5a8a6d0d9a33d8e180dc546bb0f94907b09ed95d8c,60234e439df8c4588b7604806bb5ea124f80bf5d38d14f256f0d6fc04875ff4d
StoreNet,2020-08-24,ANCHOR_PS,anchor,PS,ok,,,NaN,NaN,NaN,0.95,0.95,23.37210225,30,20,10,DC_SOURCE,0.07,1,10,3.3,600,36.671172405,20.744319436618,33.29714113,12.7132652419584,18.87078,17.9361625,17.9361625,12.825367,29.0639872601539,8.49824226737144,8.49824226737144,8.49824226737144,1.33428496340571e-05,203.95780774549,90.3350213394312,0,3.42364019466425,NaN,NaN,NaN,7.74491581978509e-13,2.85882428840978e-15,1.78884684842728e-13,7.74491581978509e-13,0,0,0,1.11022302462516e-15,0,4.44089209850063e-16,0,0,1.77635683940025e-15,1,0,3,systemPeakKW,8.49824141754729,/Users/guichenxiang/Desktop/電力專案/StoreNet/results/bahloul_vpp_improvement_v2_frontier/storenet_typical_20200824/cases/2020-08-24/ANCHOR_PS,63364934e3db031810c1608881a0a74362ccee570750104ccf33f71c22270f08,3c53d6bd97e0c6866befc0da9c03e2cefe1edff21600c0befcb85390669fbdd5
StoreNet,2020-08-24,ANCHOR_PSDT,anchor,PSDT,ok,,,NaN,NaN,NaN,0.95,0.95,5.5047295,30,20,10,DC_SOURCE,0.07,1,10,3.3,600,36.671172405,46.6664306157682,33.29714113,41.2620888313724,18.87078,17.9361625,17.9361625,12.825367,19.558045178632,75.5007842105263,1.77635683940025e-15,75.5007842105263,75.5007842105263,214.92357339156,244.671414653531,0,32.7784615091947,NaN,NaN,NaN,8.54871728961371e-15,5.10702591327572e-15,8.88178419700125e-16,8.54871728961371e-15,0,0,0,1.11022302462516e-16,0,4.44089209850063e-16,7.54951656745106e-15,0,0,1,0,3,daytimePeakKW,0,/Users/guichenxiang/Desktop/電力專案/StoreNet/results/bahloul_vpp_improvement_v2_frontier/storenet_typical_20200824/cases/2020-08-24/ANCHOR_PSDT,53232663f67f1ec3d4de078ba046ac03a9c84b22ee20bd862f7abd89454f8fff,d56c95d46f94309460b409d5d102d10153b93670154f0286c0484a083f4d0aa9
StoreNet,2020-08-24,ANCHOR_LL,anchor,LL,ok,,,NaN,NaN,NaN,0.95,0.95,29.0406628333333,30,20,10,DC_SOURCE,0.07,1,10,3.3,600,36.671172405,20.744316068486,33.29714113,12.7132615325303,18.87078,17.9361625,17.9361625,12.825367,29.0639884952874,8.49824231815424,8.49824221815421,8.49824231815424,1.0000004024846e-07,203.957814435701,90.3343423628653,0,3.42397327668001,NaN,NaN,NaN,1.65978342181461e-14,3.33066907387547e-16,2.22044604925031e-16,1.65978342181461e-14,0,0,0,1.11022302462516e-16,0,4.44089209850063e-16,0,0,4.02484602136387e-14,1,0,3,importSpreadKW,0,/Users/guichenxiang/Desktop/電力專案/StoreNet/results/bahloul_vpp_improvement_v2_frontier/storenet_typical_20200824/cases/2020-08-24/ANCHOR_LL,fe2f9a61efc17e488af27228ba3f3323b6b91c55a13755930e34c84eff3efbb3,28bf639122dc2a3f3150ea15f41eb80d4cb02b76da516714bc1e97f2bbd6ec9d
StoreNet,2020-08-24,FRONTIER_R3.000,frontier,IMPROVED_PEAK_GUARD,ok,,,3,53.8084875,NaN,0.95,0.95,5.63733929166667,30,20,10,DC_SOURCE,0.07,1,10,3.3,600,36.671172405,46.6664306157681,33.29714113,41.2620888313724,18.87078,17.9361625,17.9361625,12.825367,19.558045178632,53.8084875,4.38538094726937e-15,53.8084875,53.8084875,214.92357339156,244.67141465351,0,32.7784615092058,NaN,7.105427357601e-15,7.105427357601e-15,6.49480469405717e-15,3.44169137633799e-15,4.27435864480685e-15,6.49480469405717e-15,0,0,0,1.11022302462516e-16,0,4.44089209850063e-16,2.60902410786912e-15,0,1.77635683940025e-14,1,0,2,billEUR,19.5580432228276,/Users/guichenxiang/Desktop/電力專案/StoreNet/results/bahloul_vpp_improvement_v2_frontier/storenet_typical_20200824/cases/2020-08-24/FRONTIER_R3.000,3cb8abb901613263f7143eb19170533b4e1cc85421796c1a621b5605eb3bdb23,2186c8e170152ac3e7bcc370db4a25cdf79ae463ebf64ab2b62d0189b638a105
StoreNet,2020-08-24,FRONTIER_R2.500,frontier,IMPROVED_PEAK_GUARD,ok,,,2.5,44.84040625,NaN,0.95,0.95,3.09489741666667,30,20,10,DC_SOURCE,0.07,1,10,3.3,600,36.671172405,46.6664306157681,33.29714113,41.2620888313724,18.87078,17.9361625,17.9361625,12.825367,19.558045178632,44.84040625,1.1518563880486e-14,44.84040625,44.84040625,214.92357339156,244.671414653513,0,32.7784615092042,NaN,7.105427357601e-15,7.105427357601e-15,1.0991207943789e-14,2.4008572907519e-15,5.55111512312578e-16,1.0991207943789e-14,0,0,0,3.5527136788005e-15,0,4.44089209850063e-16,3.49720252756924e-15,0,1.77635683940025e-14,1,0,2,billEUR,19.5580432228276,/Users/guichenxiang/Desktop/電力專案/StoreNet/results/bahloul_vpp_improvement_v2_frontier/storenet_typical_20200824/cases/2020-08-24/FRONTIER_R2.500,fe9236f752c36749ae140d7e37405428e088b1f944de272cc083eda9dbba2a06,b93b3a55edddcdb3fb8244b40361f59cfe2bc0da3f5262e318868a09d6e609e0
StoreNet,2020-08-24,FRONTIER_R2.000,frontier,IMPROVED_PEAK_GUARD,ok,,,2,35.872325,NaN,0.95,0.95,3.11705595833333,30,20,10,DC_SOURCE,0.07,1,10,3.3,600,36.671172405,46.6664306157681,33.29714113,41.2620888313724,18.87078,17.9361625,17.9361625,12.825367,19.558045178632,35.872325,2.44249065417534e-14,35.872325,35.872325,214.92357339156,244.671414653517,0,32.7784615092019,NaN,1.4210854715202e-14,1.4210854715202e-14,4.55191440096314e-15,1.11022302462516e-16,2.22044604925031e-16,4.55191440096314e-15,0,0,0,1.11022302462516e-16,0,4.44089209850063e-16,7.7715611723761e-16,0,1.77635683940025e-14,1,0,2,billEUR,19.5580432228276,/Users/guichenxiang/Desktop/電力專案/StoreNet/results/bahloul_vpp_improvement_v2_frontier/storenet_typical_20200824/cases/2020-08-24/FRONTIER_R2.000,02dad393192959609a0dad09419e643adfd491fa59bc9152f36fcdd0881051e7,4fec0bf93ba49d853004ab0fde34143bc6fa7bb08e74dab1c570421a34548f9a
StoreNet,2020-08-24,FRONTIER_R1.750,frontier,IMPROVED_PEAK_GUARD,ok,,,1.75,31.388284375,NaN,0.95,0.95,2.54910220833333,30,20,10,DC_SOURCE,0.07,1,10,3.3,600,36.671172405,46.6664306157681,33.29714113,41.2620888313723,18.87078,17.9361625,17.9361625,12.825367,19.558045178632,31.3882843750002,4.32986979603811e-15,31.3882843750002,31.3882843750002,214.92357339156,244.671414653507,0,32.778461509207,NaN,1.84741111297626e-13,1.84741111297626e-13,1.77635683940025e-13,5.77315972805081e-15,2.22044604925031e-16,1.77635683940025e-13,0,0,0,8.34887714518118e-14,0,4.44089209850063e-16,8.71525074330748e-15,0,3.19744231092045e-14,1,0,2,billEUR,19.5580432228276,/Users/guichenxiang/Desktop/電力專案/StoreNet/results/bahloul_vpp_improvement_v2_frontier/storenet_typical_20200824/cases/2020-08-24/FRONTIER_R1.750,eac7d5ccb488dd6b59683538c544d057e11b94ebcd2472cac8353596f11ae5f9,43df491fc9beb6ab62c61baac3e42c55c8d180c82bc06fb681672bac8e4542c5
StoreNet,2020-08-24,FRONTIER_R1.500,frontier,IMPROVED_PEAK_GUARD,ok,,,1.5,26.90424375,NaN,0.95,0.95,2.56230241666667,30,20,10,DC_SOURCE,0.07,1,10,3.3,600,36.671172405,46.6664306157681,33.29714113,41.2620888313724,18.87078,17.9361625,17.9361625,12.825367,19.558045178632,26.90424375,1.421172207694e-15,26.90424375,26.90424375,214.92357339156,244.671414653507,0,32.778461509207,NaN,1.4210854715202e-14,1.4210854715202e-14,2.73114864057789e-14,1.11022302462516e-16,2.22044604925031e-16,2.73114864057789e-14,0,0,0,1.11022302462516e-16,0,4.44089209850063e-16,5.38458166943201e-15,0,2.1316282072803e-14,1,0,2,billEUR,19.5580432228276,/Users/guichenxiang/Desktop/電力專案/StoreNet/results/bahloul_vpp_improvement_v2_frontier/storenet_typical_20200824/cases/2020-08-24/FRONTIER_R1.500,166c06cf5ede3d341d4642abc93539728a7f931b8b183b73d2a06990ec02a820,be0934be7e20801f7935f7edc00d26078aa0137e012b21ae9ecb317c9c731327
StoreNet,2020-08-24,FRONTIER_R1.250,frontier,IMPROVED_PEAK_GUARD,ok,,,1.25,22.420203125,NaN,0.95,0.95,2.395372375,30,20,10,DC_SOURCE,0.07,1,10,3.3,600,36.671172405,46.6664306157681,33.29714113,41.2620888313724,18.87078,17.9361625,17.9361625,12.825367,19.558045178632,22.420203125,1.7430501486615e-14,22.420203125,22.420203125,214.92357339156,244.671414653512,0,32.7784615092045,NaN,1.06581410364015e-14,1.06581410364015e-14,2.84772205816353e-14,1.11022302462516e-16,2.22044604925031e-16,2.84772205816353e-14,0,0,0,1.24344978758018e-14,0,4.44089209850063e-16,1.33226762955019e-15,0,2.1316282072803e-14,1,0,2,billEUR,19.5580432228276,/Users/guichenxiang/Desktop/電力專案/StoreNet/results/bahloul_vpp_improvement_v2_frontier/storenet_typical_20200824/cases/2020-08-24/FRONTIER_R1.250,3245c73056c0b38e41fd5cd98cb8224ff1a867e4d5564e186dc2fe8089dc46f3,8f7be634b75371f7474be1bbf0cb0593051890c04458ff2b3b7184609455b654
StoreNet,2020-08-24,FRONTIER_R1.100,frontier,IMPROVED_PEAK_GUARD,ok,,,1.1,19.72977875,NaN,0.95,0.95,5.066619625,30,20,10,DC_SOURCE,0.07,1,10,3.3,600,36.671172405,46.6664306156219,33.29714113,41.2620888312114,18.87078,17.9361625,17.9361625,12.825367,19.5580451786856,19.72977875,4.32986979603811e-15,19.72977875,19.72977875,214.923573392149,244.67141460147,0,32.7784615357852,NaN,1.4210854715202e-14,1.4210854715202e-14,2.12607709215717e-14,2.99760216648792e-15,4.44089209850063e-16,2.12607709215717e-14,0,0,0,1.77635683940025e-15,8.88178419700125e-16,4.44089209850063e-16,2.55351295663786e-15,0,2.48689957516035e-14,1,2.73600854749569e-12,2,billEUR,19.5580432228812,/Users/guichenxiang/Desktop/電力專案/StoreNet/results/bahloul_vpp_improvement_v2_frontier/storenet_typical_20200824/cases/2020-08-24/FRONTIER_R1.100,3fd7c89554e8b2bcdb778bbae2bdef23246c16d8b142a9456ae6abcc19c33b7e,29c214e8de05f39a2351469493d16599566baaa245284c6d88566b9c17f86fc5
StoreNet,2020-08-24,FRONTIER_R1.000,frontier,IMPROVED_PEAK_GUARD,ok,,,1,17.9361625,NaN,0.95,0.95,2.3660975,30,20,10,DC_SOURCE,0.07,1,10,3.3,600,36.671172405,43.9038899748672,33.29714113,38.2196172953695,18.87078,17.9361625,17.9361625,12.825367,20.5711012198149,17.9361625,7.2084505,17.9361625,17.9361625,212.657449236159,217.875128316187,0,20.0494539750684,NaN,1.77635683940025e-14,1.77635683940025e-14,6.21724893790088e-15,6.66133814775094e-16,2.22044604925031e-16,6.21724893790088e-15,0,0,0,1.11022302462516e-16,8.88178419700125e-16,4.44089209850063e-16,4.16333634234434e-15,0,2.1316282072803e-14,1,0,2,billEUR,20.571099162705,/Users/guichenxiang/Desktop/電力專案/StoreNet/results/bahloul_vpp_improvement_v2_frontier/storenet_typical_20200824/cases/2020-08-24/FRONTIER_R1.000,e44dc53659938fefe803a05b074d516333ee5b14844404a06a5de8ee18a23d88,59ab271e6d664802ffd6a25aca49b7ceba04e1a50446e199b321bb7149c5bb85
StoreNet,2020-08-24,FRONTIER_R0.950,frontier,IMPROVED_PEAK_GUARD,ok,,,0.95,17.039354375,NaN,0.95,0.95,3.276311125,30,20,10,DC_SOURCE,0.07,1,10,3.3,600,36.671172405,42.0224520817261,33.29714113,36.1475314943901,18.87078,17.9361625,17.9361625,12.825367,21.2610465533017,17.039354375,8.10415163362272,17.039354375,17.039354375,211.452464518308,210.656223806713,0,11.7020280091436,NaN,3.5527136788005e-15,3.5527136788005e-15,7.72715225139109e-14,1.33226762955019e-14,2.22044604925031e-16,7.72715225139109e-14,0,0,0,3.5527136788005e-15,8.88178419700125e-16,4.44089209850063e-16,6.03683769639929e-15,0,7.105427357601e-15,1,0,2,billEUR,21.2610444271973,/Users/guichenxiang/Desktop/電力專案/StoreNet/results/bahloul_vpp_improvement_v2_frontier/storenet_typical_20200824/cases/2020-08-24/FRONTIER_R0.950,153246b9b00f4a6ec8d15b3da8a87b341847bfeea626b375645b958ae2245d82,b416d8b06650346414049f7b402716465a462fb253bea900b42fc743bf507f96
StoreNet,2020-08-24,FRONTIER_R0.900,frontier,IMPROVED_PEAK_GUARD,ok,,,0.9,16.14254625,NaN,0.95,0.95,3.087265375,30,20,10,DC_SOURCE,0.07,1,10,3.3,600,36.671172405,40.0372326269862,33.29714113,33.9611478465479,18.87078,17.9361625,17.9361625,12.825367,21.989049802167,16.14254625,8.58494,16.14254625,16.14254625,210.443654621995,207.059066875516,0,4.98092928724205,NaN,3.5527136788005e-15,3.5527136788005e-15,1.15463194561016e-14,4.77395900588817e-15,2.22044604925031e-16,1.15463194561016e-14,0,0,0,2.66453525910038e-15,0,4.44089209850063e-16,7.85482789922298e-15,0,3.5527136788005e-15,1,0,2,billEUR,21.9890476032622,/Users/guichenxiang/Desktop/電力專案/StoreNet/results/bahloul_vpp_improvement_v2_frontier/storenet_typical_20200824/cases/2020-08-24/FRONTIER_R0.900,c5a27b7b2fef64674af9cfe69ceb1d15750e6f4e483c535b18edc63722c4ba43,67971dff795298beccc53773b05a4608b4b6c1fab7df0cbb80254ab38a64e7c0
StoreNet,2020-08-24,FRONTIER_R0.850,frontier,IMPROVED_PEAK_GUARD,ok,,,0.85,15.245738125,NaN,0.95,0.95,4.839819375,30,20,10,DC_SOURCE,0.07,1,10,3.3,600,36.671172405,37.9809002605535,33.29714113,31.6964453474047,18.87078,17.9361625,17.9361625,12.825367,22.7431309894813,15.2457381250002,9.96948,15.2457381250002,15.2457381250002,209.569267088821,190.019673630356,0,4.98094872232211,NaN,1.97175609173428e-13,1.97175609173428e-13,4.76702011198427e-14,2.94209101525666e-15,2.22044604925031e-16,4.76702011198427e-14,0,0,0,2.12052597703405e-14,4.44089209850063e-16,4.44089209850063e-16,4.44089209850063e-15,0,0,1,0,2,billEUR,22.7431287151685,/Users/guichenxiang/Desktop/電力專案/StoreNet/results/bahloul_vpp_improvement_v2_frontier/storenet_typical_20200824/cases/2020-08-24/FRONTIER_R0.850,4370365bb5f25a1f595cd91363c4f28ce1d0c1735190e97f8745bdddb3fc4f05,1ea29070d3e921f6c7cf23baa407a2549a8c23030daceaa8e47b4ab1591d4b19
StoreNet,2020-08-24,FRONTIER_R0.800,frontier,IMPROVED_PEAK_GUARD,ok,,,0.8,14.34893,NaN,0.95,0.95,5.29430616666667,30,20,10,DC_SOURCE,0.07,1,10,3.3,600,36.671172405,35.9245678941207,33.29714113,29.4317428482614,18.87078,17.9361625,17.9361625,12.825367,23.4972121767957,14.34893,13.56448,14.34893,14.34893,208.694879555648,172.980280385192,0,4.98096815740382,NaN,1.24344978758018e-14,1.24344978758018e-14,1.67643676718399e-14,1.67643676718399e-14,2.22044604925031e-16,1.24344978758018e-14,0,0,0,1.77635683940025e-15,8.88178419700125e-16,4.44089209850063e-16,1.15463194561016e-14,0,3.5527136788005e-15,1,1.51197257246555e-16,2,billEUR,23.4972098270747,/Users/guichenxiang/Desktop/電力專案/StoreNet/results/bahloul_vpp_improvement_v2_frontier/storenet_typical_20200824/cases/2020-08-24/FRONTIER_R0.800,a23ce9e922a1bb0a3ca8866a04f81a464f5f8cb5edf096155d410debc6e90b9b,655f024efd9ca281ec7672c8e6ab2e3170285de656ec5a9d88dbc7ecab640acd
StoreNet,2020-08-24,FRONTIER_R0.750,frontier,IMPROVED_PEAK_GUARD,ok,,,0.75,13.452121875,NaN,0.95,0.95,3.08537104166667,30,20,10,DC_SOURCE,0.07,1,10,3.3,600,36.671172405,33.868235527688,33.29714113,27.1670403491181,18.87078,17.9361625,17.9361625,12.825367,24.2512933641101,13.452121875,13.452121875,13.452121875,13.452121875,207.820492022475,155.940887140032,0,4.98098759248412,NaN,5.32907051820075e-15,5.32907051820075e-15,2.44249065417534e-14,1.45994327738208e-14,6.66133814775094e-16,2.44249065417534e-14,0,0,0,1.11022302462516e-16,4.44089209850063e-16,4.44089209850063e-16,7.57727214306669e-15,0,7.105427357601e-15,1,0,2,billEUR,24.251290938981,/Users/guichenxiang/Desktop/電力專案/StoreNet/results/bahloul_vpp_improvement_v2_frontier/storenet_typical_20200824/cases/2020-08-24/FRONTIER_R0.750,a416b963fc3b0ba18885ce67b1b6b2b5c6d48abf11ff1fb5f9abcafd639302e9,4b84a456de346153c7bf5b7307202e50eba5870ac709ff863544096e9df48e7f
StoreNet,2020-08-24,FRONTIER_R0.700,frontier,IMPROVED_PEAK_GUARD,ok,,,0.7,12.55531375,NaN,0.95,0.95,3.195103125,30,20,10,DC_SOURCE,0.07,1,10,3.3,600,36.671172405,31.7761267445507,33.29714113,24.8629361746214,18.87078,17.9361625,17.9361625,12.825367,25.0184941828745,12.55531375,12.5553137499998,12.55531375,12.5553137500002,206.942042061853,139.133296639658,0,4.8401856551714,NaN,5.32907051820075e-15,5.32907051820075e-15,2.1094237467878e-13,2.0655699373151e-13,8.32112156956555e-14,2.1094237467878e-13,0,0,0,8.98170426921752e-14,0,4.44089209850063e-16,1.74485426107651e-13,0,0,1,0,2,billEUR,25.0184916810254,/Users/guichenxiang/Desktop/電力專案/StoreNet/results/bahloul_vpp_improvement_v2_frontier/storenet_typical_20200824/cases/2020-08-24/FRONTIER_R0.700,d58865fe94afad366667ce544d967dd0d9030cb56776e7fda49071438f49fbef,cffe0d847baa104b8fd27e649b376773e5d41bef89a220c77501c49f9f2bd5ad
StoreNet,2020-08-24,FRONTIER_R0.650,frontier,IMPROVED_PEAK_GUARD,ok,,,0.65,11.658505625,NaN,0.95,0.95,3.19970575,30,20,10,DC_SOURCE,0.07,1,10,3.3,600,36.671172405,29.5970175054476,33.29714113,22.4630157044378,18.87078,17.9361625,17.9361625,12.825367,25.8175990888393,11.658505625,11.658505625,11.658505625,11.658505625,206.06166535452,122.692820810551,0,4.54074638222444,NaN,5.32907051820075e-15,5.32907051820075e-15,1.24344978758018e-14,6.66133814775094e-16,6.66133814775094e-16,1.24344978758018e-14,0,0,0,6.66133814775094e-16,4.44089209850063e-16,4.44089209850063e-16,2.4980018054066e-16,0,0,1,6.9610622915126e-14,2,billEUR,25.8175965070796,/Users/guichenxiang/Desktop/電力專案/StoreNet/results/bahloul_vpp_improvement_v2_frontier/storenet_typical_20200824/cases/2020-08-24/FRONTIER_R0.650,8e4536fedabfc47d8e822a7250b0e685f68d79d544fc1f318fa5400696a8cf19,8a279f0228caafe21b2468f780c714003c9dfcec5879fa52bb547af70b309627
StoreNet,2020-08-24,FRONTIER_R0.600,frontier,IMPROVED_PEAK_GUARD,ok,,,0.6,10.7616975,NaN,0.95,0.95,3.93448225,30,20,10,DC_SOURCE,0.07,1,10,3.3,600,36.671172405,27.4110782641803,33.29714113,20.0555731414142,18.87078,17.9361625,17.9361625,12.825367,26.6192086366729,10.7616975,10.7616975,10.7616975,10.7616975,205.202033201108,105.945915115465,0,4.54076704226739,NaN,3.5527136788005e-15,3.5527136788005e-15,1.77635683940025e-15,1.11022302462516e-16,2.22044604925031e-16,1.77635683940025e-15,0,0,0,2.22044604925031e-16,4.44089209850063e-16,4.44089209850063e-16,6.38378239159465e-16,0,0,1,0,2,billEUR,26.6192059747524,/Users/guichenxiang/Desktop/電力專案/StoreNet/results/bahloul_vpp_improvement_v2_frontier/storenet_typical_20200824/cases/2020-08-24/FRONTIER_R0.600,cc55237ef76eba5c5f34f8f75982656df23071c81d218bf9fc8885111dd8074f,1653d6b9cb99dd2e4755e3bf11fa4e78ebbb1bdcb5aafe1dd35fb943ee3a1a31
StoreNet,2020-08-24,FRONTIER_R0.550,frontier,IMPROVED_PEAK_GUARD,ok,,,0.55,9.864889375,NaN,0.95,0.95,3.61809429166667,30,20,10,DC_SOURCE,0.07,1,10,3.3,600,36.671172405,25.0958595905158,33.29714113,17.5057511370039,18.87078,17.9361625,17.9361625,12.825367,27.4682264680452,9.86488937500001,9.864889375,9.86488937500001,9.86488937500001,204.439328533738,91.7413856067917,0,4.00814361347919,NaN,5.32907051820075e-15,5.32907051820075e-15,2.27595720048157e-15,2.22044604925031e-16,2.22044604925031e-16,2.27595720048157e-15,0,0,0,1.11022302462516e-16,0,4.44089209850063e-16,5.55111512312578e-17,0,0,1,0,2,billEUR,27.4682237212229,/Users/guichenxiang/Desktop/電力專案/StoreNet/results/bahloul_vpp_improvement_v2_frontier/storenet_typical_20200824/cases/2020-08-24/FRONTIER_R0.550,9886b5d056a68d0e5ad6dc0069b99a616bf2892dfd6a4d9af25b1cefb4e9a912,66dd85ae02f72faa1639071e75e6c3738a71a0483c15f65a6108f0754cbab98b
StoreNet,2020-08-24,FRONTIER_R0.500,frontier,IMPROVED_PEAK_GUARD,ok,,,0.5,8.96808125,NaN,0.95,0.95,6.08816454166667,30,20,10,DC_SOURCE,0.07,1,10,3.3,600,36.671172405,22.4299440245837,33.29714113,14.5696957875737,18.87078,17.9361625,17.9361625,12.825367,28.4458489613999,8.96808125,8.96808125,8.96808125,4.23837855,203.764934981443,78.9491909937362,0,3.58770573661887,NaN,3.5527136788005e-15,3.5527136788005e-15,2.39808173319034e-14,1.11022302462516e-16,2.77555756156289e-17,2.39808173319034e-14,0,0,0,1.11022302462516e-16,0,4.44089209850063e-16,0,0,0,1,0,2,billEUR,28.4458461168153,/Users/guichenxiang/Desktop/電力專案/StoreNet/results/bahloul_vpp_improvement_v2_frontier/storenet_typical_20200824/cases/2020-08-24/FRONTIER_R0.500,6618532a9d3af317b713a376db79a903421cd90f15d2fe07ec463d2757476511,04634bbc17513285dd03be4ddedfe6e432338574f5983ca8fe9c25ef105c8622
StoreNet,2020-08-24,TARIFF_L0.020,tariff,VPP_BM_DEMAND_CHARGE,ok,,,NaN,NaN,0.02,0.95,0.95,3.651673875,30,20,10,DC_SOURCE,0.07,1,10,3.3,600,36.671172405,46.6664306272195,33.29714113,41.2620888439842,18.87078,17.9361625,17.9361625,12.825367,19.5580451744326,19.3465354345413,8.60422844084496e-16,19.3465354345413,19.3465354345413,214.923573345413,244.671418730582,0,32.7784594268303,19.9449758831234,NaN,NaN,6.92779167366098e-14,2.19269047363468e-15,9.99200722162641e-16,6.92779167366098e-14,0,0,0,1.11022302462516e-16,8.88178419700125e-16,4.44089209850063e-16,1.22124532708767e-15,0,1.06581410364015e-14,1,0,2,billPlusDemandChargeEUR,19.944973888626,/Users/guichenxiang/Desktop/電力專案/StoreNet/results/bahloul_vpp_improvement_v2_frontier/storenet_typical_20200824/cases/2020-08-24/TARIFF_L0.020,4deef6c9da6f9496215d40baa56f83b5fc6da5d5f3531520c6e0b2b67361ad73,1c75594c2b50321d4812f929aafea025cc682e67e3495311e764258e18965c33
StoreNet,2020-08-24,TARIFF_L0.050,tariff,VPP_BM_DEMAND_CHARGE,ok,,,NaN,NaN,0.05,0.95,0.95,4.40269345833333,30,20,10,DC_SOURCE,0.07,1,10,3.3,600,36.671172405,46.6664306435019,33.29714113,41.2620888619164,18.87078,17.9361625,17.9361625,12.825367,19.5580451684617,19.34653542798,2.35367281220533e-14,19.34653542798,19.34653542798,214.923573279799,244.671424527634,0,32.7784564659703,20.5253719398607,NaN,NaN,1.57873714101697e-13,3.33066907387547e-16,1.04083408558608e-15,1.57873714101697e-13,0,0,0,1.77635683940025e-15,8.88178419700125e-16,4.39648317751562e-14,3.13638004456607e-15,0,3.5527136788005e-14,1,0,2,billPlusDemandChargeEUR,20.5253698873237,/Users/guichenxiang/Desktop/電力專案/StoreNet/results/bahloul_vpp_improvement_v2_frontier/storenet_typical_20200824/cases/2020-08-24/TARIFF_L0.050,67a334580bbff10e6f603f7b1263a162cd0b471cc05bf576fb872e1c6741df41,759924265ee711dc4044dbef1f124254fe39d5b8d312a85cf5783f52b06aa6d8
StoreNet,2020-08-24,TARIFF_L0.100,tariff,VPP_BM_DEMAND_CHARGE,ok,,,NaN,NaN,0.1,0.95,0.95,6.38330575,30,20,10,DC_SOURCE,0.07,1,10,3.3,600,36.671172405,46.6664306684898,33.29714113,41.2620888894364,18.87078,17.9361625,17.9361625,12.825367,19.5580451592983,19.3465354179103,3.24185123190546e-14,19.3465354179103,19.3465354179103,214.923573179103,244.671433424142,0,32.778451922055,21.4926987010894,NaN,NaN,1.18793863634892e-13,1.11022302462516e-16,4.44089209850063e-16,1.18793863634892e-13,0,0,0,1.77635683940025e-15,8.88178419700125e-16,1.73194791841524e-14,2.04281036531029e-14,0,2.8421709430404e-14,1,0,2,billPlusDemandChargeEUR,21.4926965518197,/Users/guichenxiang/Desktop/電力專案/StoreNet/results/bahloul_vpp_improvement_v2_frontier/storenet_typical_20200824/cases/2020-08-24/TARIFF_L0.100,6d55c4332c278514c3bb000909a4ac4800481b7cd8e37d892b0dd49e65bb7ac5,28f81cb9aa51fb22b0d6f69754bb6ce18d6a02cb8b2ecef925a9e1fd30a23c97
StoreNet,2020-08-24,TARIFF_L0.200,tariff,VPP_BM_DEMAND_CHARGE,ok,,,NaN,NaN,0.2,0.95,0.95,4.97586970833333,30,20,10,DC_SOURCE,0.07,1,10,3.3,600,36.671172405,46.6664307117121,33.29714113,41.2620889370384,18.87078,17.9361625,17.9361625,12.825367,19.5580451434482,19.3465354004925,2.13717932240343e-15,19.3465354004925,19.3465354004926,214.923573004925,244.671448812699,0,32.7784440623081,23.4273522235467,NaN,NaN,1.08357767203415e-13,5.10702591327572e-15,5.32907051820075e-15,1.08357767203415e-13,0,0,0,3.5527136788005e-15,8.88178419700125e-16,4.44089209850063e-16,6.0507154842071e-15,0,0,1,0,2,billPlusDemandChargeEUR,23.4273498808117,/Users/guichenxiang/Desktop/電力專案/StoreNet/results/bahloul_vpp_improvement_v2_frontier/storenet_typical_20200824/cases/2020-08-24/TARIFF_L0.200,d5220ae841c3ddf1dec6c18c9260ae98719255b6c73c342a1b16b9e98160fe8b,74b9dca4b11587ce39e7f007026af8c7f6b65086197cb2c1e227dfdb73fe27ab
StoreNet,2020-08-24,TARIFF_L0.300,tariff,VPP_BM_DEMAND_CHARGE,ok,,,NaN,NaN,0.3,0.95,0.95,4.37402904166667,30,20,10,DC_SOURCE,0.07,1,10,3.3,600,36.671172405,46.6664307477901,33.29714113,41.2620889767723,18.87078,17.9361625,17.9361625,12.825367,19.558045130218,19.3465353859538,1.99840144432528e-15,19.3465353859538,19.3465353859538,214.923572859538,244.671461657655,0,32.778437501712,25.3620057460041,NaN,NaN,5.86197757002083e-14,1.11022302462516e-16,4.44089209850063e-16,5.86197757002083e-14,0,0,0,1.11022302462516e-16,8.88178419700125e-16,3.10862446895044e-15,2.19824158875781e-14,0,2.1316282072803e-14,1,0,2,billPlusDemandChargeEUR,25.3620032098038,/Users/guichenxiang/Desktop/電力專案/StoreNet/results/bahloul_vpp_improvement_v2_frontier/storenet_typical_20200824/cases/2020-08-24/TARIFF_L0.300,403f16636ab86e807cdd46c6b73ae9facd81c80d0e00fd35d5b123c27ecfb073,73b7d8735b74b3ca7eb050270aac6e42ec7c423ee4d3b394256084918d9da5f3
StoreNet,2020-08-24,TARIFF_L0.500,tariff,VPP_BM_DEMAND_CHARGE,ok,,,NaN,NaN,0.5,0.95,0.95,4.94134416666667,30,20,10,DC_SOURCE,0.07,1,10,3.3,600,36.671172405,46.6664308045939,33.29714113,41.2620890393321,18.87078,17.9361625,17.9361625,12.825367,19.5580451093873,19.346535363063,6.66133814775094e-16,19.346535363063,19.346535363063,214.92357263063,244.671481881685,0,32.7784271722346,29.2313127909188,NaN,NaN,3.5527136788005e-14,1.11022302462516e-16,2.22044604925031e-16,3.5527136788005e-14,0,0,0,1.11022302462516e-16,0,4.44089209850063e-16,7.105427357601e-15,0,0,1,0,2,billPlusDemandChargeEUR,29.2313098677879,/Users/guichenxiang/Desktop/電力專案/StoreNet/results/bahloul_vpp_improvement_v2_frontier/storenet_typical_20200824/cases/2020-08-24/TARIFF_L0.500,db2190bf29edac67992eb7a06e9fd7efd54c75f85c07d9d4859b7fd690f4cb0a,42cb981ae9d83d851fdd6466097000a52ecffb3399764718faf9bda1f63187c7
StoreNet,2020-08-24,TARIFF_L1.000,tariff,VPP_BM_DEMAND_CHARGE,ok,,,NaN,NaN,1,0.95,0.95,10.3170022083333,30,20,10,DC_SOURCE,0.07,1,10,3.3,600,36.671172405,25.6828301861151,33.29714113,18.1522000265302,18.87078,17.9361625,17.9361625,12.825367,27.2529774689663,10.0652729055259,10.0652729055259,10.0652729055259,9.42161905552586,204.606467939156,94.564631404385,0,4.3070095262311,37.3182503744922,NaN,NaN,5.32907051820075e-14,4.44089209850063e-16,4.44089209850063e-16,5.32907051820075e-14,0,0,0,2.30926389122033e-14,0,4.44089209850063e-16,0,0,0,1,1.18048551527493e-14,2,billPlusDemandChargeEUR,37.3182466426676,/Users/guichenxiang/Desktop/電力專案/StoreNet/results/bahloul_vpp_improvement_v2_frontier/storenet_typical_20200824/cases/2020-08-24/TARIFF_L1.000,b7cdf44c71364e6339f284bd1b3911e6757eb1d5c16e9530ce3eab2c14031d2f,d82d27fbbc68a2ca3cd913192054aabb000030765afbc78af8e67bcb43b3b677
StoreNet,2020-08-24,TARIFF_L2.000,tariff,VPP_BM_DEMAND_CHARGE,ok,,,NaN,NaN,2,0.95,0.95,11.6610592916667,30,20,10,DC_SOURCE,0.07,1,10,3.3,600,36.671172405,20.7443159072615,33.29714113,12.7132613549687,18.87078,17.9361625,17.9361625,12.825367,29.0639885544103,8.49824226737148,8.49824226737145,8.49824226737148,4.10338429901458e-13,203.957814416915,90.3343422349848,0,3.42397327273563,46.0604730891533,NaN,NaN,3.96571664396106e-13,3.60822483003176e-15,3.41393580072236e-15,3.96571664396106e-13,0,0,0,1.11022302462516e-16,0,4.44089209850063e-16,0,0,8.5265128291212e-14,1,0,2,billPlusDemandChargeEUR,46.0604684831063,/Users/guichenxiang/Desktop/電力專案/StoreNet/results/bahloul_vpp_improvement_v2_frontier/storenet_typical_20200824/cases/2020-08-24/TARIFF_L2.000,1d6e107df0c967bd45fcf5d81d16de83759402ab47a889ff2c3e56c8a8f7ba09,0791bade3a0b73a7405bc4db9d98af78a6372afadbd6bda3909aa5fcb88f6916
StoreNet,2020-08-24,ETA0.8469_SH_BM,efficiency,SH_BM,ok,,,NaN,NaN,NaN,0.8469,0.8469,0.781278875,30,20,10,DC_SOURCE,0.07,1,10,3.3,600,36.671172405,30.7633163156975,33.29714113,23.7474966927437,18.87078,17.9361625,17.9361625,12.825367,25.3899036413751,62.3946467267116,10.36402,62.3946467267116,62.3946467267116,237.587025589581,222.506107630812,3.39898052973383,0,NaN,NaN,NaN,2.83106871279415e-15,1.11022302462516e-16,4.44089209850063e-16,2.83106871279415e-15,0,0,0,1.11022302462516e-16,0,4.44089209850063e-16,0,0,1.77635683940025e-14,1,6.38672567980967e-16,2,billEUR,25.3899011023849,/Users/guichenxiang/Desktop/電力專案/StoreNet/results/bahloul_vpp_improvement_v2_frontier/storenet_typical_20200824/cases/2020-08-24/ETA0.8469_SH_BM,fb9499d8f2225ac44b547c218aef0a5ed856b151ecc3cb3dd37e6aa3608f2a70,d49f59c1ce3089a141ff02091cd5595960415aa66ecfd743062037df3c7b7015
StoreNet,2020-08-24,ETA0.8469_VPP_BM,efficiency,VPP_BM,ok,,,NaN,NaN,NaN,0.8469,0.8469,4.20302766666667,30,20,10,DC_SOURCE,0.07,1,10,3.3,600,36.671172405,38.4070694815647,33.29714113,32.1657987046912,18.87078,17.9361625,17.9361625,12.825367,22.5868497397073,83.7009319093163,7.84607005970828e-05,83.7009319093163,83.7009319093163,248.2070955932,275.089967702195,0,39.5591114834943,NaN,NaN,NaN,2.76167977375508e-15,1.11022302462516e-16,4.44089209850063e-16,2.76167977375508e-15,0,0,0,1.11022302462516e-16,0,4.44089209850063e-16,8.32667268468867e-16,0,1.06581410364015e-14,1,0,2,billEUR,22.5868474810225,/Users/guichenxiang/Desktop/電力專案/StoreNet/results/bahloul_vpp_improvement_v2_frontier/storenet_typical_20200824/cases/2020-08-24/ETA0.8469_VPP_BM,3935d8b7cbff5cc8c005840e63ef40a29e47d270c1f93f2b37346d88a8949e69,3a8066ed51ed243779a093928e3ed8330526a3a764bec94def44b6af27d5aafb
StoreNet,2020-08-24,ETA0.8469_VPP_BM_PEAK_LEX,efficiency,VPP_BM_PEAK_LEX,ok,,,NaN,NaN,NaN,0.8469,0.8469,6.76367604166667,30,20,10,DC_SOURCE,0.07,1,10,3.3,600,36.671172405,38.4070694815647,33.29714113,32.1657987046912,18.87078,17.9361625,17.9361625,12.825367,22.5868497397073,22.6748860037734,7.84606998047721e-05,22.6748860037734,22.6748860037734,248.2070955932,275.089967702196,0,39.5591114834947,NaN,NaN,NaN,4.23550083894497e-14,1.88737914186277e-15,4.23550083894497e-14,4.17998968771371e-14,0,0,0,1.77635683940025e-15,0,3.99680288865056e-15,9.79771819231701e-15,0,1.06581410364015e-14,1,3.30617182941953e-15,3,billEUR,22.5868474810225,/Users/guichenxiang/Desktop/電力專案/StoreNet/results/bahloul_vpp_improvement_v2_frontier/storenet_typical_20200824/cases/2020-08-24/ETA0.8469_VPP_BM_PEAK_LEX,c9c4341dd77e1bd1b162eb717f239058af985f39cba7a2344819f0013c4523d3,613ae84d9f304486c0cacfb624ae832c6c8cddcfe5cde7ca732a9a19b9ddd523
StoreNet,2020-08-24,ETA0.8469_PS,efficiency,PS,ok,,,NaN,NaN,NaN,0.8469,0.8469,11.13355125,30,20,10,DC_SOURCE,0.07,1,10,3.3,600,36.671172405,17.8930890503274,33.29714113,9.5731169435258,18.87078,17.9361625,17.9361625,12.825367,30.1095668707743,8.80396750199864,8.80396750199864,8.80396750199864,2.04748562744328e-05,211.295209810539,89.1559274023674,0,5.60335064700272,NaN,NaN,NaN,2.22044604925031e-15,1.38777878078145e-16,5.55111512312578e-17,2.22044604925031e-15,0,0,0,2.22044604925031e-16,0,4.44089209850063e-16,0,0,3.5527136788005e-15,1,0,3,systemPeakKW,8.80396662160197,/Users/guichenxiang/Desktop/電力專案/StoreNet/results/bahloul_vpp_improvement_v2_frontier/storenet_typical_20200824/cases/2020-08-24/ETA0.8469_PS,e1b2a4e9a956e9f2f2b23b3306382071b5cd5d3f4d50b51a1cc6bacfdff1f5f3,6bd422301838ab81513b03acfe99f2f9a02e81b3e63b2fbcd417b961b771b440
StoreNet,2020-08-24,ETA0.8469_PSDT,efficiency,PSDT,ok,,,NaN,NaN,NaN,0.8469,0.8469,9.32630129166667,30,20,10,DC_SOURCE,0.07,1,10,3.3,600,36.671172405,38.4070694815648,33.29714113,32.1657987046913,18.87078,17.9361625,17.9361625,12.825367,22.5868497397072,73.7802908750732,1.00000001390654e-07,73.7802908750732,73.7802907750732,248.207138638541,275.090064281751,0,39.5591524301075,NaN,NaN,NaN,3.71924713249427e-15,1.11022302462516e-16,4.44089209850063e-16,3.71924713249427e-15,0,0,0,1.11022302462516e-16,0,4.44089209850063e-16,0,0,1.39065435175826e-15,1,0,3,daytimePeakKW,0,/Users/guichenxiang/Desktop/電力專案/StoreNet/results/bahloul_vpp_improvement_v2_frontier/storenet_typical_20200824/cases/2020-08-24/ETA0.8469_PSDT,fb60e53799cd7f856f4735fb9efb4b58c32656785920a94fb1483fe64b12276b,7680a323bf2194705d674e83d4ba7e89e31658b4129cec5a7caf6fc5aa46b7a9
StoreNet,2020-08-24,ETA0.8469_LL,efficiency,LL,ok,,,NaN,NaN,NaN,0.8469,0.8469,16.174132875,30,20,10,DC_SOURCE,0.07,1,10,3.3,600,36.671172405,17.8930837804777,33.29714113,9.57311113967722,18.87078,17.9361625,17.9361625,12.825367,30.1095688032899,8.80396753616669,8.80396753616665,8.80396753616669,1.00000063341099e-07,211.295219618,89.1559084002508,0,5.60349029490665,NaN,NaN,NaN,1.01696429055664e-13,1.11022302462516e-14,2.22044604925031e-16,1.01696429055664e-13,0,0,0,6.43929354282591e-15,0,4.44089209850063e-16,0,0,6.15647422864417e-14,1,0,3,importSpreadKW,1.77635683940025e-15,/Users/guichenxiang/Desktop/電力專案/StoreNet/results/bahloul_vpp_improvement_v2_frontier/storenet_typical_20200824/cases/2020-08-24/ETA0.8469_LL,db1afefd1a4d290a9cab26ff0b8992f8494c33cee078c03750c9fd073648ca72,e6b67c0bb17de6bc8a2012e12f05da2e34318154339b3f52749ff703780692e8
StoreNet,2020-08-24,ETA0.8469_IMPROVED_PEAK_GUARD,efficiency,IMPROVED_PEAK_GUARD,ok,,,1,17.9361625,NaN,0.8469,0.8469,2.42419108333333,30,20,10,DC_SOURCE,0.07,1,10,3.3,600,36.671172405,33.0239823183016,33.29714113,26.2372381515659,18.87078,17.9361625,17.9361625,12.825367,24.5608909140589,17.9361625,13.617116,17.9361625,17.9361625,233.223348409888,194.825420992864,0,16.9233099182,NaN,1.06581410364015e-14,1.06581410364015e-14,1.33226762955019e-14,1.11022302462516e-16,4.44089209850063e-16,1.33226762955019e-14,0,0,0,1.77635683940025e-15,0,4.44089209850063e-16,7.7715611723761e-16,0,1.4210854715202e-14,1,0,2,billEUR,24.56088845797,/Users/guichenxiang/Desktop/電力專案/StoreNet/results/bahloul_vpp_improvement_v2_frontier/storenet_typical_20200824/cases/2020-08-24/ETA0.8469_IMPROVED_PEAK_GUARD,d93111cd8d9acb5337c4474abca458c2b42cb1f6f3dee145487499204e67f4ef,6503b216c31089b2c0b62cb951c7e4628e58052ce206b2552e84511adefbb654
