Time,LoadKW,PVKW,FiniteMinutes,AlignedMinutes,Rows,House,Date,ValidHour
2020-01-19 00:00:00,0.46942,0.0,60,60,60,1,2020-01-19,True
2020-01-19 01:00:00,0.46144,0.0,60,60,60,1,2020-01-19,True
2020-01-19 02:00:00,0.49073,0.0,60,60,60,1,2020-01-19,True
2020-01-19 03:00:00,0.465755,0.0,60,60,60,1,2020-01-19,True
2020-01-19 04:00:00,0.4915799999999999,0.0,60,60,60,1,2020-01-19,True
2020-01-19 05:00:00,0.47675,0.0,60,60,60,1,2020-01-19,True
2020-01-19 06:00:00,0.50644,0.0,60,60,60,1,2020-01-19,True
2020-01-19 07:00:00,0.57421,0.0,60,60,60,1,2020-01-19,True
2020-01-19 08:00:00,0.4936999999999999,0.0,60,60,60,1,2020-01-19,True
2020-01-19 09:00:00,0.28878,0.17667,60,60,60,1,2020-01-19,True
2020-01-19 10:00:00,0.65666,0.84115,60,60,60,1,2020-01-19,True
2020-01-19 11:00:00,0.68928,1.1491300000000002,60,60,60,1,2020-01-19,True
2020-01-19 12:00:00,0.28392,1.0897,60,60,60,1,2020-01-19,True
2020-01-19 13:00:00,0.28473,0.6267,60,60,60,1,2020-01-19,True
2020-01-19 14:00:00,0.48845,0.47725,60,60,60,1,2020-01-19,True
2020-01-19 15:00:00,1.09119,0.20423,60,60,60,1,2020-01-19,True
2020-01-19 16:00:00,1.48791,0.02228,60,60,60,1,2020-01-19,True
2020-01-19 17:00:00,0.75142,5e-05,60,60,60,1,2020-01-19,True
2020-01-19 18:00:00,0.29925,0.0,60,60,60,1,2020-01-19,True
2020-01-19 19:00:00,0.02617,0.0,60,60,60,1,2020-01-19,True
2020-01-19 20:00:00,0.05033,0.0,60,60,60,1,2020-01-19,True
2020-01-19 21:00:00,0.04401,0.0,60,60,60,1,2020-01-19,True
2020-01-19 22:00:00,0.02308,0.0,60,60,60,1,2020-01-19,True
2020-01-19 23:00:00,0.048505,0.0,60,60,60,1,2020-01-19,True
2020-06-21 00:00:00,0.01881,0.0,60,60,60,1,2020-06-21,True
2020-06-21 01:00:00,0.06253,0.00015,60,60,60,1,2020-06-21,True
2020-06-21 02:00:00,0.03495,0.0,60,60,60,1,2020-06-21,True
2020-06-21 03:00:00,0.04451,0.0,60,60,60,1,2020-06-21,True
2020-06-21 04:00:00,0.0536899999999999,0.00021,60,60,60,1,2020-06-21,True
2020-06-21 05:00:00,0.02599,5e-05,60,60,60,1,2020-06-21,True
2020-06-21 06:00:00,0.05176,0.03257,60,60,60,1,2020-06-21,True
2020-06-21 07:00:00,0.00284,0.2871499999999999,60,60,60,1,2020-06-21,True
2020-06-21 08:00:00,0.05132,0.77051,60,60,60,1,2020-06-21,True
2020-06-21 09:00:00,0.01028,0.85263,60,60,60,1,2020-06-21,True
2020-06-21 10:00:00,0.05467,1.26439,60,60,60,1,2020-06-21,True
2020-06-21 11:00:00,0.04292,1.84166,60,60,60,1,2020-06-21,True
2020-06-21 12:00:00,0.0277,2.0318799999999997,60,60,60,1,2020-06-21,True
2020-06-21 13:00:00,0.07388,1.83276,60,60,60,1,2020-06-21,True
2020-06-21 14:00:00,0.02667,1.73202,60,60,60,1,2020-06-21,True
2020-06-21 15:00:00,0.06323,1.5239200000000002,60,60,60,1,2020-06-21,True
2020-06-21 16:00:00,0.0248,1.12449,60,60,60,1,2020-06-21,True
2020-06-21 17:00:00,0.0621899999999999,0.69566,60,60,60,1,2020-06-21,True
2020-06-21 18:00:00,0.05274,0.28317,60,60,60,1,2020-06-21,True
2020-06-21 19:00:00,0.03456,0.13947,60,60,60,1,2020-06-21,True
2020-06-21 20:00:00,0.05621,0.05098,60,60,60,1,2020-06-21,True
2020-06-21 21:00:00,0.00661,5.9999999999999995e-05,60,60,60,1,2020-06-21,True
2020-06-21 22:00:00,0.0605799999999999,0.0002399999999999,60,60,60,1,2020-06-21,True
2020-06-21 23:00:00,0.02662,7.000000000000001e-05,60,60,60,1,2020-06-21,True
2020-01-19 00:00:00,0.14336,0.0,60,60,60,2,2020-01-19,True
2020-01-19 01:00:00,0.16539,0.0,60,60,60,2,2020-01-19,True
2020-01-19 02:00:00,0.16926,0.000675,60,60,60,2,2020-01-19,True
2020-01-19 03:00:00,0.16897,0.0,60,60,60,2,2020-01-19,True
2020-01-19 04:00:00,0.12237,0.0,60,60,60,2,2020-01-19,True
2020-01-19 05:00:00,0.14314,0.0,60,60,60,2,2020-01-19,True
2020-01-19 06:00:00,0.12776,0.0,60,60,60,2,2020-01-19,True
2020-01-19 07:00:00,0.1645,0.0001,60,60,60,2,2020-01-19,True
2020-01-19 08:00:00,0.5461800000000001,0.00296,60,60,60,2,2020-01-19,True
2020-01-19 09:00:00,0.8251900000000001,0.26811,60,60,60,2,2020-01-19,True
2020-01-19 10:00:00,0.5889800000000001,0.95118,60,60,60,2,2020-01-19,True
2020-01-19 11:00:00,1.01868,1.22537,60,60,60,2,2020-01-19,True
2020-01-19 12:00:00,0.8841100000000001,0.6834600000000001,60,60,60,2,2020-01-19,True
2020-01-19 13:00:00,1.08467,0.48323,60,60,60,2,2020-01-19,True
2020-01-19 14:00:00,0.9453,0.66411,60,60,60,2,2020-01-19,True
2020-01-19 15:00:00,0.54955,0.34406,60,60,60,2,2020-01-19,True
2020-01-19 16:00:00,0.52976,0.0461,60,60,60,2,2020-01-19,True
2020-01-19 17:00:00,1.80947,0.00257,60,60,60,2,2020-01-19,True
2020-01-19 18:00:00,0.89974,0.00032,60,60,60,2,2020-01-19,True
2020-01-19 19:00:00,0.56435,5e-05,60,60,60,2,2020-01-19,True
2020-01-19 20:00:00,0.6257699999999999,0.00068,60,60,60,2,2020-01-19,True
2020-01-19 21:00:00,0.5430900000000001,0.00117,60,60,60,2,2020-01-19,True
2020-01-19 22:00:00,0.95414,0.00277,60,60,60,2,2020-01-19,True
2020-01-19 23:00:00,0.5540900000000001,0.00175,60,60,60,2,2020-01-19,True
2020-06-21 00:00:00,0.23137,0.0,60,60,60,2,2020-06-21,True
2020-06-21 01:00:00,0.45212,0.0,60,60,60,2,2020-06-21,True
2020-06-21 02:00:00,0.081,0.0,60,60,60,2,2020-06-21,True
2020-06-21 03:00:00,0.1229,0.0,60,60,60,2,2020-06-21,True
2020-06-21 04:00:00,0.07926,0.0,60,60,60,2,2020-06-21,True
2020-06-21 05:00:00,0.19119,0.0,60,60,60,2,2020-06-21,True
2020-06-21 06:00:00,0.46499,0.02724,60,60,60,2,2020-06-21,True
2020-06-21 07:00:00,0.23582,0.1664,60,60,60,2,2020-06-21,True
2020-06-21 08:00:00,0.17638,0.46,60,60,60,2,2020-06-21,True
2020-06-21 09:00:00,0.18383,0.69952,60,60,60,2,2020-06-21,True
2020-06-21 10:00:00,0.99196,1.19374,60,60,60,2,2020-06-21,True
2020-06-21 11:00:00,0.93296,1.70629,60,60,60,2,2020-06-21,True
2020-06-21 12:00:00,0.17612,1.98616,60,60,60,2,2020-06-21,True
2020-06-21 13:00:00,0.15056,1.68554,60,60,60,2,2020-06-21,True
2020-06-21 14:00:00,0.0954,1.97571,60,60,60,2,2020-06-21,True
2020-06-21 15:00:00,0.25489,1.84454,60,60,60,2,2020-06-21,True
2020-06-21 16:00:00,0.14542,0.30188,60,60,60,2,2020-06-21,True
2020-06-21 17:00:00,1.31435,0.8334900000000001,60,60,60,2,2020-06-21,True
2020-06-21 18:00:00,1.44719,0.49601,60,60,60,2,2020-06-21,True
2020-06-21 19:00:00,0.13093,0.2189199999999999,60,60,60,2,2020-06-21,True
2020-06-21 20:00:00,0.30444,0.06262,60,60,60,2,2020-06-21,True
2020-06-21 21:00:00,0.2509,0.00457,60,60,60,2,2020-06-21,True
2020-06-21 22:00:00,0.22047,2.9999999999999997e-05,60,60,60,2,2020-06-21,True
2020-06-21 23:00:00,0.80562,0.00093,60,60,60,2,2020-06-21,True
2020-01-19 00:00:00,0.98003,0.00076,60,60,60,3,2020-01-19,True
2020-01-19 01:00:00,0.46997,0.0,60,60,60,3,2020-01-19,True
2020-01-19 02:00:00,0.280615,0.0001,60,60,60,3,2020-01-19,True
2020-01-19 03:00:00,0.1866399999999999,0.0001199999999999,60,60,60,3,2020-01-19,True
2020-01-19 04:00:00,0.21517,0.0,60,60,60,3,2020-01-19,True
2020-01-19 05:00:00,0.1912299999999999,0.0,60,60,60,3,2020-01-19,True
2020-01-19 06:00:00,1.22307,0.0,60,60,60,3,2020-01-19,True
2020-01-19 07:00:00,3.02445,0.01661,60,60,60,3,2020-01-19,True
2020-01-19 08:00:00,0.7269,0.00839,60,60,60,3,2020-01-19,True
2020-01-19 09:00:00,0.28739,0.338,60,60,60,3,2020-01-19,True
2020-01-19 10:00:00,0.95344,1.08319,60,60,60,3,2020-01-19,True
2020-01-19 11:00:00,0.91697,1.27068,60,60,60,3,2020-01-19,True
2020-01-19 12:00:00,1.27927,0.64807,60,60,60,3,2020-01-19,True
2020-01-19 13:00:00,1.53212,0.38277,60,60,60,3,2020-01-19,True
2020-01-19 14:00:00,0.40512,0.5415800000000001,60,60,60,3,2020-01-19,True
2020-01-19 15:00:00,0.34874,0.24364,60,60,60,3,2020-01-19,True
2020-01-19 16:00:00,0.37981,0.03279,60,60,60,3,2020-01-19,True
2020-01-19 17:00:00,0.43063,0.00017,60,60,60,3,2020-01-19,True
2020-01-19 18:00:00,0.4424,0.00086,60,60,60,3,2020-01-19,True
2020-01-19 19:00:00,0.24653,0.0001699999999999,60,60,60,3,2020-01-19,True
2020-01-19 20:00:00,0.48163,0.00027,60,60,60,3,2020-01-19,True
2020-01-19 21:00:00,0.47059,0.00057,60,60,60,3,2020-01-19,True
2020-01-19 22:00:00,0.52936,0.0008,60,60,60,3,2020-01-19,True
2020-01-19 23:00:00,0.50776,0.00204,60,60,60,3,2020-01-19,True
2020-06-21 00:00:00,0.37448,0.0,60,60,60,3,2020-06-21,True
2020-06-21 01:00:00,0.36562,0.0,60,60,60,3,2020-06-21,True
2020-06-21 02:00:00,0.31211,0.0,60,60,60,3,2020-06-21,True
2020-06-21 03:00:00,0.2196699999999999,0.0,60,60,60,3,2020-06-21,True
2020-06-21 04:00:00,0.22629,0.0,60,60,60,3,2020-06-21,True
2020-06-21 05:00:00,1.87569,0.0,60,60,60,3,2020-06-21,True
2020-06-21 06:00:00,1.91908,0.02565,60,60,60,3,2020-06-21,True
2020-06-21 07:00:00,0.34912,0.27268,60,60,60,3,2020-06-21,True
2020-06-21 08:00:00,0.26948,0.73981,60,60,60,3,2020-06-21,True
2020-06-21 09:00:00,0.94791,0.84565,60,60,60,3,2020-06-21,True
2020-06-21 10:00:00,0.79073,1.37275,60,60,60,3,2020-06-21,True
2020-06-21 11:00:00,0.29659,1.91747,60,60,60,3,2020-06-21,True
2020-06-21 12:00:00,1.07859,1.99725,60,60,60,3,2020-06-21,True
2020-06-21 13:00:00,0.4761499999999999,1.63625,60,60,60,3,2020-06-21,True
2020-06-21 14:00:00,0.40191,1.72143,60,60,60,3,2020-06-21,True
2020-06-21 15:00:00,0.3109599999999999,1.48268,60,60,60,3,2020-06-21,True
2020-06-21 16:00:00,0.38056,1.04825,60,60,60,3,2020-06-21,True
2020-06-21 17:00:00,0.29366,0.54511,60,60,60,3,2020-06-21,True
2020-06-21 18:00:00,0.22802,0.25342,60,60,60,3,2020-06-21,True
2020-06-21 19:00:00,0.20393,0.12956,60,60,60,3,2020-06-21,True
2020-06-21 20:00:00,0.18505,0.05353,60,60,60,3,2020-06-21,True
2020-06-21 21:00:00,0.17622,0.00222,60,60,60,3,2020-06-21,True
2020-06-21 22:00:00,1.2036,0.00607,60,60,60,3,2020-06-21,True
2020-06-21 23:00:00,0.968915,0.00437,60,60,60,3,2020-06-21,True
2020-01-19 00:00:00,1.18451,0.0,60,60,60,4,2020-01-19,True
2020-01-19 01:00:00,1.19836,0.0,60,60,60,4,2020-01-19,True
2020-01-19 02:00:00,1.21503,0.0,60,60,60,4,2020-01-19,True
2020-01-19 03:00:00,1.16099,0.0,60,60,60,4,2020-01-19,True
2020-01-19 04:00:00,1.13746,0.0,60,60,60,4,2020-01-19,True
2020-01-19 05:00:00,1.06387,0.0,60,60,60,4,2020-01-19,True
2020-01-19 06:00:00,1.17881,0.0,60,60,60,4,2020-01-19,True
2020-01-19 07:00:00,1.43007,0.0,60,60,60,4,2020-01-19,True
2020-01-19 08:00:00,1.3461500000000002,0.0,60,60,60,4,2020-01-19,True
2020-01-19 09:00:00,1.21107,0.00184,60,60,60,4,2020-01-19,True
2020-01-19 10:00:00,0.36585,0.09639,60,60,60,4,2020-01-19,True
2020-01-19 11:00:00,1.6826,0.13024,60,60,60,4,2020-01-19,True
2020-01-19 12:00:00,0.33193,0.2433199999999999,60,60,60,4,2020-01-19,True
2020-01-19 13:00:00,4.01096,0.28002,60,60,60,4,2020-01-19,True
2020-01-19 14:00:00,1.67902,0.59849,60,60,60,4,2020-01-19,True
2020-01-19 15:00:00,1.81535,0.32864,60,60,60,4,2020-01-19,True
2020-01-19 16:00:00,0.71386,0.02673,60,60,60,4,2020-01-19,True
2020-01-19 17:00:00,2.98338,0.0,60,60,60,4,2020-01-19,True
2020-01-19 18:00:00,2.85994,0.0,60,60,60,4,2020-01-19,True
2020-01-19 19:00:00,3.61312,0.0,60,60,60,4,2020-01-19,True
2020-01-19 20:00:00,2.27217,0.0,60,60,60,4,2020-01-19,True
2020-01-19 21:00:00,2.7205700000000004,0.0,60,60,60,4,2020-01-19,True
2020-01-19 22:00:00,1.4928800000000002,0.0,60,60,60,4,2020-01-19,True
2020-01-19 23:00:00,1.297,0.0,60,60,60,4,2020-01-19,True
2020-06-21 00:00:00,0.2386899999999999,0.0,60,60,60,4,2020-06-21,True
2020-06-21 01:00:00,0.1624499999999999,0.0,60,60,60,4,2020-06-21,True
2020-06-21 02:00:00,0.206495,0.0,60,60,60,4,2020-06-21,True
2020-06-21 03:00:00,0.24317,0.0,60,60,60,4,2020-06-21,True
2020-06-21 04:00:00,0.18831,0.0,60,60,60,4,2020-06-21,True
2020-06-21 05:00:00,0.13185,0.0,60,60,60,4,2020-06-21,True
2020-06-21 06:00:00,0.13459,0.00233,60,60,60,4,2020-06-21,True
2020-06-21 07:00:00,0.3729599999999999,0.03468,60,60,60,4,2020-06-21,True
2020-06-21 08:00:00,2.8394700000000004,0.04433,60,60,60,4,2020-06-21,True
2020-06-21 09:00:00,1.81924,0.22808,60,60,60,4,2020-06-21,True
2020-06-21 10:00:00,1.94167,0.6163200000000001,60,60,60,4,2020-06-21,True
2020-06-21 11:00:00,0.69151,1.00342,60,60,60,4,2020-06-21,True
2020-06-21 12:00:00,1.22012,0.3937,60,60,60,4,2020-06-21,True
2020-06-21 13:00:00,1.7625,1.12049,60,60,60,4,2020-06-21,True
2020-06-21 14:00:00,1.21959,1.3656700000000002,60,60,60,4,2020-06-21,True
2020-06-21 15:00:00,0.2186,1.37696,60,60,60,4,2020-06-21,True
2020-06-21 16:00:00,0.21267,0.96604,60,60,60,4,2020-06-21,True
2020-06-21 17:00:00,0.24046,0.65377,60,60,60,4,2020-06-21,True
2020-06-21 18:00:00,0.22521,1.20528,60,60,60,4,2020-06-21,True
2020-06-21 19:00:00,0.34048,0.52259,60,60,60,4,2020-06-21,True
2020-06-21 20:00:00,1.86467,0.17131,60,60,60,4,2020-06-21,True
2020-06-21 21:00:00,0.39105,0.0158,60,60,60,4,2020-06-21,True
2020-06-21 22:00:00,0.32179,0.0,60,60,60,4,2020-06-21,True
2020-06-21 23:00:00,0.43036,0.0,60,60,60,4,2020-06-21,True
2020-01-19 00:00:00,0.08516,0.0,60,60,60,5,2020-01-19,True
2020-01-19 01:00:00,0.0879699999999999,0.0095,60,60,60,5,2020-01-19,True
2020-01-19 02:00:00,0.08989,0.00068,60,60,60,5,2020-01-19,True
2020-01-19 03:00:00,0.09126,0.0,60,60,60,5,2020-01-19,True
2020-01-19 04:00:00,0.09315,0.0,60,60,60,5,2020-01-19,True
2020-01-19 05:00:00,0.087,0.0,60,60,60,5,2020-01-19,True
2020-01-19 06:00:00,0.1167899999999999,0.0,60,60,60,5,2020-01-19,True
2020-01-19 07:00:00,0.2747699999999999,0.00908,60,60,60,5,2020-01-19,True
2020-01-19 08:00:00,0.151,0.00329,60,60,60,5,2020-01-19,True
2020-01-19 09:00:00,0.70074,0.04204,60,60,60,5,2020-01-19,True
2020-01-19 10:00:00,1.0045,0.3560299999999999,60,60,60,5,2020-01-19,True
2020-01-19 11:00:00,0.23813,0.77844,60,60,60,5,2020-01-19,True
2020-01-19 12:00:00,0.12538,0.92783,60,60,60,5,2020-01-19,True
2020-01-19 13:00:00,0.41738,0.8177000000000001,60,60,60,5,2020-01-19,True
2020-01-19 14:00:00,0.20943,0.7797799999999999,60,60,60,5,2020-01-19,True
2020-01-19 15:00:00,0.14093,0.34345,60,60,60,5,2020-01-19,True
2020-01-19 16:00:00,0.31504,0.0493,60,60,60,5,2020-01-19,True
2020-01-19 17:00:00,0.4826,0.01016,60,60,60,5,2020-01-19,True
2020-01-19 18:00:00,0.7570800000000001,0.01251,60,60,60,5,2020-01-19,True
2020-01-19 19:00:00,0.36651,0.0081199999999999,60,60,60,5,2020-01-19,True
2020-01-19 20:00:00,0.38424,0.0089,60,60,60,5,2020-01-19,True
2020-01-19 21:00:00,0.28185,0.00771,60,60,60,5,2020-01-19,True
2020-01-19 22:00:00,0.15613,0.00569,60,60,60,5,2020-01-19,True
2020-01-19 23:00:00,0.0940699999999999,0.0002,60,60,60,5,2020-01-19,True
2020-06-21 00:00:00,0.1601,0.00405,60,60,60,5,2020-06-21,True
2020-06-21 01:00:00,0.14978,0.00323,60,60,60,5,2020-06-21,True
2020-06-21 02:00:00,0.14334,0.00333,60,60,60,5,2020-06-21,True
2020-06-21 03:00:00,0.1670499999999999,0.0038399999999999,60,60,60,5,2020-06-21,True
2020-06-21 04:00:00,0.14428,0.00441,60,60,60,5,2020-06-21,True
2020-06-21 05:00:00,0.15959,0.00332,60,60,60,5,2020-06-21,True
2020-06-21 06:00:00,0.14374,0.03791,60,60,60,5,2020-06-21,True
2020-06-21 07:00:00,0.13305,0.13678,60,60,60,5,2020-06-21,True
2020-06-21 08:00:00,0.15697,0.2492899999999999,60,60,60,5,2020-06-21,True
2020-06-21 09:00:00,0.44174,0.5681499999999999,60,60,60,5,2020-06-21,True
2020-06-21 10:00:00,0.60191,0.89997,60,60,60,5,2020-06-21,True
2020-06-21 11:00:00,0.21349,1.3688399999999998,60,60,60,5,2020-06-21,True
2020-06-21 12:00:00,0.19777,1.70667,60,60,60,5,2020-06-21,True
2020-06-21 13:00:00,0.3400899999999999,1.75228,60,60,60,5,2020-06-21,True
2020-06-21 14:00:00,0.28446,1.91584,60,60,60,5,2020-06-21,True
2020-06-21 15:00:00,0.27579,1.44584,60,60,60,5,2020-06-21,True
2020-06-21 16:00:00,1.93345,1.81684,60,60,60,5,2020-06-21,True
2020-06-21 17:00:00,0.74295,0.89634,60,60,60,5,2020-06-21,True
2020-06-21 18:00:00,0.32366,0.38067,60,60,60,5,2020-06-21,True
2020-06-21 19:00:00,0.38106,0.32997,60,60,60,5,2020-06-21,True
2020-06-21 20:00:00,0.3085299999999999,0.09026,60,60,60,5,2020-06-21,True
2020-06-21 21:00:00,0.29629,0.0197,60,60,60,5,2020-06-21,True
2020-06-21 22:00:00,0.35666,0.00867,60,60,60,5,2020-06-21,True
2020-06-21 23:00:00,0.30441,0.00708,60,60,60,5,2020-06-21,True
2020-01-19 00:00:00,0.66602,0.0,60,60,60,6,2020-01-19,True
2020-01-19 01:00:00,0.41813,0.0,60,60,60,6,2020-01-19,True
2020-01-19 02:00:00,0.22774,0.0,60,60,60,6,2020-01-19,True
2020-01-19 03:00:00,0.02234,0.0,60,60,60,6,2020-01-19,True
2020-01-19 04:00:00,0.32393,0.0,60,60,60,6,2020-01-19,True
2020-01-19 05:00:00,0.2822099999999999,0.0,60,60,60,6,2020-01-19,True
2020-01-19 06:00:00,0.46588,0.0,60,60,60,6,2020-01-19,True
2020-01-19 07:00:00,0.34985,0.0,60,60,60,6,2020-01-19,True
2020-01-19 08:00:00,0.3645199999999999,0.0,60,60,60,6,2020-01-19,True
2020-01-19 09:00:00,0.26962,0.0,60,60,60,6,2020-01-19,True
2020-01-19 10:00:00,0.45912,0.0,60,60,60,6,2020-01-19,True
2020-01-19 11:00:00,1.1905599999999998,0.0,60,60,60,6,2020-01-19,True
2020-01-19 12:00:00,0.6497200000000001,0.0,60,60,60,6,2020-01-19,True
2020-01-19 13:00:00,0.52052,0.0,60,60,60,6,2020-01-19,True
2020-01-19 14:00:00,0.3825,0.0,60,60,60,6,2020-01-19,True
2020-01-19 15:00:00,0.5251699999999999,0.0,60,60,60,6,2020-01-19,True
2020-01-19 16:00:00,1.15578,0.0,60,60,60,6,2020-01-19,True
2020-01-19 17:00:00,1.21294,0.0,60,60,60,6,2020-01-19,True
2020-01-19 18:00:00,0.60414,0.0,60,60,60,6,2020-01-19,True
2020-01-19 19:00:00,0.7699900000000001,0.0,60,60,60,6,2020-01-19,True
2020-01-19 20:00:00,0.35197,0.0,60,60,60,6,2020-01-19,True
2020-01-19 21:00:00,0.57409,0.0,60,60,60,6,2020-01-19,True
2020-01-19 22:00:00,1.21623,0.0,60,60,60,6,2020-01-19,True
2020-01-19 23:00:00,1.18616,0.0,60,60,60,6,2020-01-19,True
2020-06-21 00:00:00,0.48084,0.0,60,60,60,6,2020-06-21,True
2020-06-21 01:00:00,0.23263,0.0,60,60,60,6,2020-06-21,True
2020-06-21 02:00:00,0.37833,0.0,60,60,60,6,2020-06-21,True
2020-06-21 03:00:00,0.19665,0.0,60,60,60,6,2020-06-21,True
2020-06-21 04:00:00,0.320015,0.0,60,60,60,6,2020-06-21,True
2020-06-21 05:00:00,0.10392,0.0,60,60,60,6,2020-06-21,True
2020-06-21 06:00:00,0.17467,0.0,60,60,60,6,2020-06-21,True
2020-06-21 07:00:00,0.01582,0.0,60,60,60,6,2020-06-21,True
2020-06-21 08:00:00,0.29467,0.0,60,60,60,6,2020-06-21,True
2020-06-21 09:00:00,0.82265,0.0,60,60,60,6,2020-06-21,True
2020-06-21 10:00:00,2.06031,0.0,60,60,60,6,2020-06-21,True
2020-06-21 11:00:00,2.48479,0.0,60,60,60,6,2020-06-21,True
2020-06-21 12:00:00,1.58424,0.0,60,60,60,6,2020-06-21,True
2020-06-21 13:00:00,0.49669,0.0,60,60,60,6,2020-06-21,True
2020-06-21 14:00:00,0.2957599999999999,0.0,60,60,60,6,2020-06-21,True
2020-06-21 15:00:00,0.5830599999999999,0.0,60,60,60,6,2020-06-21,True
2020-06-21 16:00:00,0.4652099999999999,0.0,60,60,60,6,2020-06-21,True
2020-06-21 17:00:00,3.32113,0.0,60,60,60,6,2020-06-21,True
2020-06-21 18:00:00,0.5420499999999999,0.0,60,60,60,6,2020-06-21,True
2020-06-21 19:00:00,0.97605,0.0,60,60,60,6,2020-06-21,True
2020-06-21 20:00:00,0.75218,0.0,60,60,60,6,2020-06-21,True
2020-06-21 21:00:00,0.74202,0.0,60,60,60,6,2020-06-21,True
2020-06-21 22:00:00,0.60978,0.0,60,60,60,6,2020-06-21,True
2020-06-21 23:00:00,0.38776,0.0,60,60,60,6,2020-06-21,True
2020-01-19 00:00:00,0.77193,0.0,60,60,60,7,2020-01-19,True
2020-01-19 01:00:00,2.98465,0.0,60,60,60,7,2020-01-19,True
2020-01-19 02:00:00,3.23071,0.0,60,60,60,7,2020-01-19,True
2020-01-19 03:00:00,3.109,0.0,60,60,60,7,2020-01-19,True
2020-01-19 04:00:00,0.5422100000000001,0.0,60,60,60,7,2020-01-19,True
2020-01-19 05:00:00,0.2604599999999999,0.0,60,60,60,7,2020-01-19,True
2020-01-19 06:00:00,0.30487,0.0,60,60,60,7,2020-01-19,True
2020-01-19 07:00:00,0.15852,0.0,60,60,60,7,2020-01-19,True
2020-01-19 08:00:00,0.77708,0.00093,60,60,60,7,2020-01-19,True
2020-01-19 09:00:00,1.68424,0.1592599999999999,60,60,60,7,2020-01-19,True
2020-01-19 10:00:00,0.64807,0.7052200000000001,60,60,60,7,2020-01-19,True
2020-01-19 11:00:00,0.34292,0.90462,60,60,60,7,2020-01-19,True
2020-01-19 12:00:00,1.9318,0.7765299999999999,60,60,60,7,2020-01-19,True
2020-01-19 13:00:00,3.0449499999999996,0.39076,60,60,60,7,2020-01-19,True
2020-01-19 14:00:00,1.84696,0.24671,60,60,60,7,2020-01-19,True
2020-01-19 15:00:00,5.574019999999999,0.13227,60,60,60,7,2020-01-19,True
2020-01-19 16:00:00,4.6636999999999995,0.0343,60,60,60,7,2020-01-19,True
2020-01-19 17:00:00,2.98061,0.0,60,60,60,7,2020-01-19,True
2020-01-19 18:00:00,3.89543,0.0,60,60,60,7,2020-01-19,True
2020-01-19 19:00:00,4.029780000000001,0.0,60,60,60,7,2020-01-19,True
2020-01-19 20:00:00,2.78634,0.0,60,60,60,7,2020-01-19,True
2020-01-19 21:00:00,2.9932399999999997,0.0,60,60,60,7,2020-01-19,True
2020-01-19 22:00:00,3.40842,0.0,60,60,60,7,2020-01-19,True
2020-01-19 23:00:00,2.93496,0.0,60,60,60,7,2020-01-19,True
2020-06-21 00:00:00,0.76036,0.0,60,60,60,7,2020-06-21,True
2020-06-21 01:00:00,0.65667,0.0,60,60,60,7,2020-06-21,True
2020-06-21 02:00:00,0.35801,0.0,60,60,60,7,2020-06-21,True
2020-06-21 03:00:00,0.2753299999999999,0.0,60,60,60,7,2020-06-21,True
2020-06-21 04:00:00,0.26876,0.0,60,60,60,7,2020-06-21,True
2020-06-21 05:00:00,0.2644499999999999,0.0,60,60,60,7,2020-06-21,True
2020-06-21 06:00:00,0.15353,0.05621,60,60,60,7,2020-06-21,True
2020-06-21 07:00:00,0.06729,0.3917,60,60,60,7,2020-06-21,True
2020-06-21 08:00:00,0.11275,0.94917,60,60,60,7,2020-06-21,True
2020-06-21 09:00:00,0.2773899999999999,0.90561,60,60,60,7,2020-06-21,True
2020-06-21 10:00:00,0.79353,1.18272,60,60,60,7,2020-06-21,True
2020-06-21 11:00:00,0.25995,1.59795,60,60,60,7,2020-06-21,True
2020-06-21 12:00:00,0.55131,1.66349,60,60,60,7,2020-06-21,True
2020-06-21 13:00:00,0.27386,1.50448,60,60,60,7,2020-06-21,True
2020-06-21 14:00:00,0.14924,1.53975,60,60,60,7,2020-06-21,True
2020-06-21 15:00:00,0.23527,1.27932,60,60,60,7,2020-06-21,True
2020-06-21 16:00:00,0.15844,0.84566,60,60,60,7,2020-06-21,True
2020-06-21 17:00:00,1.14571,0.43029,60,60,60,7,2020-06-21,True
2020-06-21 18:00:00,0.42457,0.2687,60,60,60,7,2020-06-21,True
2020-06-21 19:00:00,0.28891,0.16752,60,60,60,7,2020-06-21,True
2020-06-21 20:00:00,0.29189,0.08136,60,60,60,7,2020-06-21,True
2020-06-21 21:00:00,0.8365699999999999,0.0120299999999999,60,60,60,7,2020-06-21,True
2020-06-21 22:00:00,0.37053,0.0,60,60,60,7,2020-06-21,True
2020-06-21 23:00:00,0.3374,0.0,60,60,60,7,2020-06-21,True
2020-01-19 00:00:00,0.3435899999999999,0.0,60,60,60,8,2020-01-19,True
2020-01-19 01:00:00,3.15676,0.0,60,60,60,8,2020-01-19,True
2020-01-19 02:00:00,3.2867800000000003,0.0,60,60,60,8,2020-01-19,True
2020-01-19 03:00:00,3.2398200000000004,0.0,60,60,60,8,2020-01-19,True
2020-01-19 04:00:00,0.34132,0.0,60,60,60,8,2020-01-19,True
2020-01-19 05:00:00,0.2374399999999999,0.0,60,60,60,8,2020-01-19,True
2020-01-19 06:00:00,0.20527,0.0,60,60,60,8,2020-01-19,True
2020-01-19 07:00:00,0.26961,0.0,60,60,60,8,2020-01-19,True
2020-01-19 08:00:00,0.26477,0.0,60,60,60,8,2020-01-19,True
2020-01-19 09:00:00,0.5865199999999999,0.0,60,60,60,8,2020-01-19,True
2020-01-19 10:00:00,0.09731,0.0,60,60,60,8,2020-01-19,True
2020-01-19 11:00:00,0.13981,0.0,60,60,60,8,2020-01-19,True
2020-01-19 12:00:00,0.1059399999999999,0.0,60,60,60,8,2020-01-19,True
2020-01-19 13:00:00,1.40887,0.0,60,60,60,8,2020-01-19,True
2020-01-19 14:00:00,0.37147,0.0,60,60,60,8,2020-01-19,True
2020-01-19 15:00:00,0.15574,0.0,60,60,60,8,2020-01-19,True
2020-01-19 16:00:00,0.17259,0.0,60,60,60,8,2020-01-19,True
2020-01-19 17:00:00,0.36007,0.0,60,60,60,8,2020-01-19,True
2020-01-19 18:00:00,0.92703,0.0,60,60,60,8,2020-01-19,True
2020-01-19 19:00:00,0.85139,0.0,60,60,60,8,2020-01-19,True
2020-01-19 20:00:00,1.27002,0.0,60,60,60,8,2020-01-19,True
2020-01-19 21:00:00,0.3857199999999999,0.0,60,60,60,8,2020-01-19,True
2020-01-19 22:00:00,0.33393,0.0,60,60,60,8,2020-01-19,True
2020-01-19 23:00:00,0.3503799999999999,0.0,60,60,60,8,2020-01-19,True
2020-06-21 00:00:00,0.19162,0.0,60,60,60,8,2020-06-21,True
2020-06-21 01:00:00,0.1301,0.0,60,60,60,8,2020-06-21,True
2020-06-21 02:00:00,0.19625,0.0,60,60,60,8,2020-06-21,True
2020-06-21 03:00:00,0.14994,0.0,60,60,60,8,2020-06-21,True
2020-06-21 04:00:00,0.11406,0.0,60,60,60,8,2020-06-21,True
2020-06-21 05:00:00,1.81928,0.0,60,60,60,8,2020-06-21,True
2020-06-21 06:00:00,3.64989,0.0,60,60,60,8,2020-06-21,True
2020-06-21 07:00:00,3.65804,0.0,60,60,60,8,2020-06-21,True
2020-06-21 08:00:00,0.32008,0.0,60,60,60,8,2020-06-21,True
2020-06-21 09:00:00,0.19578,0.0,60,60,60,8,2020-06-21,True
2020-06-21 10:00:00,0.44298,0.0,60,60,60,8,2020-06-21,True
2020-06-21 11:00:00,0.62279,0.0,60,60,60,8,2020-06-21,True
2020-06-21 12:00:00,0.25932,0.0,60,60,60,8,2020-06-21,True
2020-06-21 13:00:00,0.48837,0.0,60,60,60,8,2020-06-21,True
2020-06-21 14:00:00,0.23483,0.0,60,60,60,8,2020-06-21,True
2020-06-21 15:00:00,0.21628,0.0,60,60,60,8,2020-06-21,True
2020-06-21 16:00:00,0.20374,0.0,60,60,60,8,2020-06-21,True
2020-06-21 17:00:00,0.18092,0.0,60,60,60,8,2020-06-21,True
2020-06-21 18:00:00,0.97361,0.0,60,60,60,8,2020-06-21,True
2020-06-21 19:00:00,1.12268,0.0,60,60,60,8,2020-06-21,True
2020-06-21 20:00:00,0.5963200000000001,0.0,60,60,60,8,2020-06-21,True
2020-06-21 21:00:00,0.55423,0.0,60,60,60,8,2020-06-21,True
2020-06-21 22:00:00,0.24443,0.0,60,60,60,8,2020-06-21,True
2020-06-21 23:00:00,0.17759,0.0,60,60,60,8,2020-06-21,True
2020-01-19 00:00:00,0.59529,0.0,60,60,60,9,2020-01-19,True
2020-01-19 01:00:00,0.26427,0.0,60,60,60,9,2020-01-19,True
2020-01-19 02:00:00,0.212445,0.0,60,60,60,9,2020-01-19,True
2020-01-19 03:00:00,0.42926,0.0,60,60,60,9,2020-01-19,True
2020-01-19 04:00:00,0.19088,0.0,60,60,60,9,2020-01-19,True
2020-01-19 05:00:00,0.1501299999999999,0.0,60,60,60,9,2020-01-19,True
2020-01-19 06:00:00,0.23306,0.0,60,60,60,9,2020-01-19,True
2020-01-19 07:00:00,0.2430999999999999,0.0,60,60,60,9,2020-01-19,True
2020-01-19 08:00:00,0.43462,0.0,60,60,60,9,2020-01-19,True
2020-01-19 09:00:00,0.4747699999999999,0.0,60,60,60,9,2020-01-19,True
2020-01-19 10:00:00,0.3576999999999999,0.0,60,60,60,9,2020-01-19,True
2020-01-19 11:00:00,0.51655,0.0,60,60,60,9,2020-01-19,True
2020-01-19 12:00:00,1.09244,0.0,60,60,60,9,2020-01-19,True
2020-01-19 13:00:00,0.85273,0.0,60,60,60,9,2020-01-19,True
2020-01-19 14:00:00,0.41287,0.0,60,60,60,9,2020-01-19,True
2020-01-19 15:00:00,0.39632,0.0,60,60,60,9,2020-01-19,True
2020-01-19 16:00:00,1.21904,0.0,60,60,60,9,2020-01-19,True
2020-01-19 17:00:00,0.8843300000000001,0.0,60,60,60,9,2020-01-19,True
2020-01-19 18:00:00,0.6234700000000001,0.0,60,60,60,9,2020-01-19,True
2020-01-19 19:00:00,0.55879,0.0,60,60,60,9,2020-01-19,True
2020-01-19 20:00:00,1.17786,0.0,60,60,60,9,2020-01-19,True
2020-01-19 21:00:00,0.5722,0.0,60,60,60,9,2020-01-19,True
2020-01-19 22:00:00,0.8605600000000001,0.0,60,60,60,9,2020-01-19,True
2020-01-19 23:00:00,0.66707,0.0,60,60,60,9,2020-01-19,True
2020-06-21 00:00:00,0.13009,0.0,60,60,60,9,2020-06-21,True
2020-06-21 01:00:00,0.2164,0.0,60,60,60,9,2020-06-21,True
2020-06-21 02:00:00,0.14009,0.0,60,60,60,9,2020-06-21,True
2020-06-21 03:00:00,0.11714,0.0,60,60,60,9,2020-06-21,True
2020-06-21 04:00:00,0.20023,0.0,60,60,60,9,2020-06-21,True
2020-06-21 05:00:00,0.13653,0.0,60,60,60,9,2020-06-21,True
2020-06-21 06:00:00,0.1290799999999999,0.0,60,60,60,9,2020-06-21,True
2020-06-21 07:00:00,0.20018,0.0,60,60,60,9,2020-06-21,True
2020-06-21 08:00:00,0.16794,0.0,60,60,60,9,2020-06-21,True
2020-06-21 09:00:00,0.13578,0.0,60,60,60,9,2020-06-21,True
2020-06-21 10:00:00,0.22865,0.0,60,60,60,9,2020-06-21,True
2020-06-21 11:00:00,0.1877299999999999,0.0,60,60,60,9,2020-06-21,True
2020-06-21 12:00:00,0.17653,0.0,60,60,60,9,2020-06-21,True
2020-06-21 13:00:00,0.23016,0.0,60,60,60,9,2020-06-21,True
2020-06-21 14:00:00,0.22984,0.0,60,60,60,9,2020-06-21,True
2020-06-21 15:00:00,0.2282,0.0,60,60,60,9,2020-06-21,True
2020-06-21 16:00:00,0.20837,0.0,60,60,60,9,2020-06-21,True
2020-06-21 17:00:00,0.14943,0.0,60,60,60,9,2020-06-21,True
2020-06-21 18:00:00,0.22885,0.0,60,60,60,9,2020-06-21,True
2020-06-21 19:00:00,0.12702,0.0,60,60,60,9,2020-06-21,True
2020-06-21 20:00:00,0.23781,0.0,60,60,60,9,2020-06-21,True
2020-06-21 21:00:00,0.12827,0.0,60,60,60,9,2020-06-21,True
2020-06-21 22:00:00,0.23249,0.0,60,60,60,9,2020-06-21,True
2020-06-21 23:00:00,0.13631,0.0,60,60,60,9,2020-06-21,True
2020-01-19 00:00:00,0.88743,0.0,60,60,60,10,2020-01-19,True
2020-01-19 01:00:00,2.8178400000000003,0.0,60,60,60,10,2020-01-19,True
2020-01-19 02:00:00,2.87623,0.0,60,60,60,10,2020-01-19,True
2020-01-19 03:00:00,2.0835749999999997,0.0,60,60,60,10,2020-01-19,True
2020-01-19 04:00:00,0.1279,0.0,60,60,60,10,2020-01-19,True
2020-01-19 05:00:00,0.0899399999999999,0.0,60,60,60,10,2020-01-19,True
2020-01-19 06:00:00,0.40293,0.0,60,60,60,10,2020-01-19,True
2020-01-19 07:00:00,0.25401,0.0,60,60,60,10,2020-01-19,True
2020-01-19 08:00:00,0.85066,0.00581,60,60,60,10,2020-01-19,True
2020-01-19 09:00:00,1.56536,0.45473,60,60,60,10,2020-01-19,True
2020-01-19 10:00:00,0.2453199999999999,1.15025,60,60,60,10,2020-01-19,True
2020-01-19 11:00:00,0.38137,1.30156,60,60,60,10,2020-01-19,True
2020-01-19 12:00:00,0.5804199999999999,1.34695,60,60,60,10,2020-01-19,True
2020-01-19 13:00:00,1.28772,0.68472,60,60,60,10,2020-01-19,True
2020-01-19 14:00:00,1.72752,0.7594099999999999,60,60,60,10,2020-01-19,True
2020-01-19 15:00:00,2.39118,0.23708,60,60,60,10,2020-01-19,True
2020-01-19 16:00:00,0.31235,0.03214,60,60,60,10,2020-01-19,True
2020-01-19 17:00:00,0.5824400000000001,0.0,60,60,60,10,2020-01-19,True
2020-01-19 18:00:00,1.17178,0.0,60,60,60,10,2020-01-19,True
2020-01-19 19:00:00,0.58253,0.0,60,60,60,10,2020-01-19,True
2020-01-19 20:00:00,0.20074,0.0,60,60,60,10,2020-01-19,True
2020-01-19 21:00:00,0.11364,0.0,60,60,60,10,2020-01-19,True
2020-01-19 22:00:00,0.1048299999999999,0.0,60,60,60,10,2020-01-19,True
2020-01-19 23:00:00,0.0589,0.0,60,60,60,10,2020-01-19,True
2020-06-21 00:00:00,1.03681,0.0,60,60,60,10,2020-06-21,True
2020-06-21 01:00:00,0.92602,0.0,60,60,60,10,2020-06-21,True
2020-06-21 02:00:00,0.45412,0.0,60,60,60,10,2020-06-21,True
2020-06-21 03:00:00,0.44523,0.0,60,60,60,10,2020-06-21,True
2020-06-21 04:00:00,0.4416899999999999,0.0,60,60,60,10,2020-06-21,True
2020-06-21 05:00:00,0.69136,0.0,60,60,60,10,2020-06-21,True
2020-06-21 06:00:00,0.4487,0.04276,60,60,60,10,2020-06-21,True
2020-06-21 07:00:00,0.41554,0.29586,60,60,60,10,2020-06-21,True
2020-06-21 08:00:00,0.2996399999999999,0.6881499999999999,60,60,60,10,2020-06-21,True
2020-06-21 09:00:00,0.34204,0.68753,60,60,60,10,2020-06-21,True
2020-06-21 10:00:00,1.0932,1.20529,60,60,60,10,2020-06-21,True
2020-06-21 11:00:00,1.68025,1.5496800000000002,60,60,60,10,2020-06-21,True
2020-06-21 12:00:00,0.2956,1.60814,60,60,60,10,2020-06-21,True
2020-06-21 13:00:00,0.87991,1.59221,60,60,60,10,2020-06-21,True
2020-06-21 14:00:00,0.4266399999999999,1.59554,60,60,60,10,2020-06-21,True
2020-06-21 15:00:00,0.17695,1.15843,60,60,60,10,2020-06-21,True
2020-06-21 16:00:00,0.14088,0.87658,60,60,60,10,2020-06-21,True
2020-06-21 17:00:00,0.22845,0.32508,60,60,60,10,2020-06-21,True
2020-06-21 18:00:00,0.22169,0.25792,60,60,60,10,2020-06-21,True
2020-06-21 19:00:00,0.23194,0.16601,60,60,60,10,2020-06-21,True
2020-06-21 20:00:00,0.3533799999999999,0.07801,60,60,60,10,2020-06-21,True
2020-06-21 21:00:00,0.32101,0.00878,60,60,60,10,2020-06-21,True
2020-06-21 22:00:00,1.45662,0.0,60,60,60,10,2020-06-21,True
2020-06-21 23:00:00,0.466,0.0,60,60,60,10,2020-06-21,True
2020-01-19 00:00:00,0.76248,0.0,60,60,60,11,2020-01-19,True
2020-01-19 01:00:00,0.28,0.0,60,60,60,11,2020-01-19,True
2020-01-19 02:00:00,0.22441,0.0,60,60,60,11,2020-01-19,True
2020-01-19 03:00:00,0.25261,0.0,60,60,60,11,2020-01-19,True
2020-01-19 04:00:00,0.22688,0.0,60,60,60,11,2020-01-19,True
2020-01-19 05:00:00,0.24211,0.0,60,60,60,11,2020-01-19,True
2020-01-19 06:00:00,2.5975300000000003,0.0,60,60,60,11,2020-01-19,True
2020-01-19 07:00:00,0.34797,0.0,60,60,60,11,2020-01-19,True
2020-01-19 08:00:00,0.28067,0.00156,60,60,60,11,2020-01-19,True
2020-01-19 09:00:00,1.45331,0.2713299999999999,60,60,60,11,2020-01-19,True
2020-01-19 10:00:00,0.39316,0.92012,60,60,60,11,2020-01-19,True
2020-01-19 11:00:00,1.54293,1.1025699999999998,60,60,60,11,2020-01-19,True
2020-01-19 12:00:00,1.86754,0.7667999999999999,60,60,60,11,2020-01-19,True
2020-01-19 13:00:00,0.86164,0.43289,60,60,60,11,2020-01-19,True
2020-01-19 14:00:00,0.47258,0.66123,60,60,60,11,2020-01-19,True
2020-01-19 15:00:00,2.030875,0.299015,60,60,60,11,2020-01-19,True
2020-01-19 16:00:00,3.2413499999999997,0.039,60,60,60,11,2020-01-19,True
2020-01-19 17:00:00,3.01306,0.0,60,60,60,11,2020-01-19,True
2020-01-19 18:00:00,2.30637,0.0,60,60,60,11,2020-01-19,True
2020-01-19 19:00:00,0.93491,0.0,60,60,60,11,2020-01-19,True
2020-01-19 20:00:00,0.93003,0.0,60,60,60,11,2020-01-19,True
2020-01-19 21:00:00,2.68991,0.0,60,60,60,11,2020-01-19,True
2020-01-19 22:00:00,2.6374899999999997,0.0,60,60,60,11,2020-01-19,True
2020-01-19 23:00:00,0.68253,0.0,60,60,60,11,2020-01-19,True
2020-06-21 00:00:00,1.35404,0.0,60,60,60,11,2020-06-21,True
2020-06-21 01:00:00,0.16817,0.0,60,60,60,11,2020-06-21,True
2020-06-21 02:00:00,0.15483,0.0,60,60,60,11,2020-06-21,True
2020-06-21 03:00:00,0.11807,0.0,60,60,60,11,2020-06-21,True
2020-06-21 04:00:00,0.13856,0.0,60,60,60,11,2020-06-21,True
2020-06-21 05:00:00,0.12877,0.0,60,60,60,11,2020-06-21,True
2020-06-21 06:00:00,0.1300799999999999,0.03793,60,60,60,11,2020-06-21,True
2020-06-21 07:00:00,0.1440449999999999,0.1265,60,60,60,11,2020-06-21,True
2020-06-21 08:00:00,0.88518,0.26819,60,60,60,11,2020-06-21,True
2020-06-21 09:00:00,0.27781,0.53449,60,60,60,11,2020-06-21,True
2020-06-21 10:00:00,0.48773,1.07773,60,60,60,11,2020-06-21,True
2020-06-21 11:00:00,1.22619,1.51814,60,60,60,11,2020-06-21,True
2020-06-21 12:00:00,0.43975,1.65478,60,60,60,11,2020-06-21,True
2020-06-21 13:00:00,0.85065,1.49986,60,60,60,11,2020-06-21,True
2020-06-21 14:00:00,0.93099,1.54209,60,60,60,11,2020-06-21,True
2020-06-21 15:00:00,0.25718,1.24768,60,60,60,11,2020-06-21,True
2020-06-21 16:00:00,1.4403,1.06505,60,60,60,11,2020-06-21,True
2020-06-21 17:00:00,0.27017,0.70121,60,60,60,11,2020-06-21,True
2020-06-21 18:00:00,1.08646,0.30025,60,60,60,11,2020-06-21,True
2020-06-21 19:00:00,2.5562,0.15811,60,60,60,11,2020-06-21,True
2020-06-21 20:00:00,2.6008400000000003,0.07263,60,60,60,11,2020-06-21,True
2020-06-21 21:00:00,1.45668,0.01031,60,60,60,11,2020-06-21,True
2020-06-21 22:00:00,0.89854,0.0,60,60,60,11,2020-06-21,True
2020-06-21 23:00:00,0.70533,0.0,60,60,60,11,2020-06-21,True
2020-01-19 00:00:00,0.2718399999999999,0.0,60,60,60,12,2020-01-19,True
2020-01-19 01:00:00,0.13388,0.0,60,60,60,12,2020-01-19,True
2020-01-19 02:00:00,0.10595,0.0,60,60,60,12,2020-01-19,True
2020-01-19 03:00:00,0.137175,0.0,60,60,60,12,2020-01-19,True
2020-01-19 04:00:00,0.14414,0.0,60,60,60,12,2020-01-19,True
2020-01-19 05:00:00,0.10857,0.0,60,60,60,12,2020-01-19,True
2020-01-19 06:00:00,0.14171,0.0,60,60,60,12,2020-01-19,True
2020-01-19 07:00:00,0.2157899999999999,0.0,60,60,60,12,2020-01-19,True
2020-01-19 08:00:00,0.42843,0.0,60,60,60,12,2020-01-19,True
2020-01-19 09:00:00,0.79836,0.0,60,60,60,12,2020-01-19,True
2020-01-19 10:00:00,0.15481,0.0,60,60,60,12,2020-01-19,True
2020-01-19 11:00:00,0.1510699999999999,0.0,60,60,60,12,2020-01-19,True
2020-01-19 12:00:00,0.18214,0.0,60,60,60,12,2020-01-19,True
2020-01-19 13:00:00,0.22615,0.0,60,60,60,12,2020-01-19,True
2020-01-19 14:00:00,0.23802,0.0,60,60,60,12,2020-01-19,True
2020-01-19 15:00:00,0.25013,0.0,60,60,60,12,2020-01-19,True
2020-01-19 16:00:00,0.2575199999999999,0.0,60,60,60,12,2020-01-19,True
2020-01-19 17:00:00,0.27591,0.0,60,60,60,12,2020-01-19,True
2020-01-19 18:00:00,0.5562,0.0,60,60,60,12,2020-01-19,True
2020-01-19 19:00:00,0.44567,0.0,60,60,60,12,2020-01-19,True
2020-01-19 20:00:00,0.3903399999999999,0.0,60,60,60,12,2020-01-19,True
2020-01-19 21:00:00,0.22531,0.0,60,60,60,12,2020-01-19,True
2020-01-19 22:00:00,0.13918,0.0,60,60,60,12,2020-01-19,True
2020-01-19 23:00:00,0.17472,0.0,60,60,60,12,2020-01-19,True
2020-06-21 00:00:00,0.141455,0.0,60,60,60,12,2020-06-21,True
2020-06-21 01:00:00,0.13843,0.0,60,60,60,12,2020-06-21,True
2020-06-21 02:00:00,0.19406,0.0,60,60,60,12,2020-06-21,True
2020-06-21 03:00:00,0.13958,0.0,60,60,60,12,2020-06-21,True
2020-06-21 04:00:00,0.10861,0.0,60,60,60,12,2020-06-21,True
2020-06-21 05:00:00,0.15346,0.0,60,60,60,12,2020-06-21,True
2020-06-21 06:00:00,0.20747,0.0,60,60,60,12,2020-06-21,True
2020-06-21 07:00:00,0.38081,0.0,60,60,60,12,2020-06-21,True
2020-06-21 08:00:00,0.19591,0.0,60,60,60,12,2020-06-21,True
2020-06-21 09:00:00,0.5484199999999999,0.0,60,60,60,12,2020-06-21,True
2020-06-21 10:00:00,0.61291,0.0,60,60,60,12,2020-06-21,True
2020-06-21 11:00:00,0.26893,0.0,60,60,60,12,2020-06-21,True
2020-06-21 12:00:00,0.40658,0.0,60,60,60,12,2020-06-21,True
2020-06-21 13:00:00,0.34324,0.0,60,60,60,12,2020-06-21,True
2020-06-21 14:00:00,1.49163,0.0,60,60,60,12,2020-06-21,True
2020-06-21 15:00:00,0.60478,0.0,60,60,60,12,2020-06-21,True
2020-06-21 16:00:00,0.31343,0.0,60,60,60,12,2020-06-21,True
2020-06-21 17:00:00,0.26164,0.0,60,60,60,12,2020-06-21,True
2020-06-21 18:00:00,0.24201,0.0,60,60,60,12,2020-06-21,True
2020-06-21 19:00:00,0.25917,0.0,60,60,60,12,2020-06-21,True
2020-06-21 20:00:00,0.37472,0.0,60,60,60,12,2020-06-21,True
2020-06-21 21:00:00,0.31148,0.0,60,60,60,12,2020-06-21,True
2020-06-21 22:00:00,0.24906,0.0,60,60,60,12,2020-06-21,True
2020-06-21 23:00:00,0.18571,0.0,60,60,60,12,2020-06-21,True
2020-01-19 00:00:00,0.19238,0.0,60,60,60,13,2020-01-19,True
2020-01-19 01:00:00,0.18568,0.0,60,60,60,13,2020-01-19,True
2020-01-19 02:00:00,0.18572,0.0,60,60,60,13,2020-01-19,True
2020-01-19 03:00:00,0.18566,0.0,60,60,60,13,2020-01-19,True
2020-01-19 04:00:00,0.51488,0.0,60,60,60,13,2020-01-19,True
2020-01-19 05:00:00,0.43997,0.0,60,60,60,13,2020-01-19,True
2020-01-19 06:00:00,0.84017,0.0,60,60,60,13,2020-01-19,True
2020-01-19 07:00:00,0.46985,0.0,60,60,60,13,2020-01-19,True
2020-01-19 08:00:00,0.44531,0.0,60,60,60,13,2020-01-19,True
2020-01-19 09:00:00,0.26748,0.0447899999999999,60,60,60,13,2020-01-19,True
2020-01-19 10:00:00,0.22181,0.2175699999999999,60,60,60,13,2020-01-19,True
2020-01-19 11:00:00,0.20425,0.27392,60,60,60,13,2020-01-19,True
2020-01-19 12:00:00,0.19665,0.26104,60,60,60,13,2020-01-19,True
2020-01-19 13:00:00,0.20788,0.25816,60,60,60,13,2020-01-19,True
2020-01-19 14:00:00,0.1847299999999999,0.67474,60,60,60,13,2020-01-19,True
2020-01-19 15:00:00,0.1786599999999999,0.5580700000000001,60,60,60,13,2020-01-19,True
2020-01-19 16:00:00,0.18918,0.03949,60,60,60,13,2020-01-19,True
2020-01-19 17:00:00,1.1985,0.0,60,60,60,13,2020-01-19,True
2020-01-19 18:00:00,0.43722,0.0,60,60,60,13,2020-01-19,True
2020-01-19 19:00:00,0.26606,0.0,60,60,60,13,2020-01-19,True
2020-01-19 20:00:00,0.33032,0.0,60,60,60,13,2020-01-19,True
2020-01-19 21:00:00,0.26286,0.0,60,60,60,13,2020-01-19,True
2020-01-19 22:00:00,0.24586,0.0,60,60,60,13,2020-01-19,True
2020-01-19 23:00:00,0.2261999999999999,0.0,60,60,60,13,2020-01-19,True
2020-06-21 00:00:00,0.08936,0.0,60,60,60,13,2020-06-21,True
2020-06-21 01:00:00,0.08888,0.0,60,60,60,13,2020-06-21,True
2020-06-21 02:00:00,0.41573,0.0,60,60,60,13,2020-06-21,True
2020-06-21 03:00:00,0.2703,0.0,60,60,60,13,2020-06-21,True
2020-06-21 04:00:00,0.6250399999999999,0.0,60,60,60,13,2020-06-21,True
2020-06-21 05:00:00,0.08533,0.0,60,60,60,13,2020-06-21,True
2020-06-21 06:00:00,0.35869,0.05169,60,60,60,13,2020-06-21,True
2020-06-21 07:00:00,0.90564,0.13022,60,60,60,13,2020-06-21,True
2020-06-21 08:00:00,0.41117,0.22327,60,60,60,13,2020-06-21,True
2020-06-21 09:00:00,0.19174,0.44824,60,60,60,13,2020-06-21,True
2020-06-21 10:00:00,0.26936,0.74261,60,60,60,13,2020-06-21,True
2020-06-21 11:00:00,0.24571,1.11142,60,60,60,13,2020-06-21,True
2020-06-21 12:00:00,0.2006399999999999,1.43505,60,60,60,13,2020-06-21,True
2020-06-21 13:00:00,0.29884,1.72452,60,60,60,13,2020-06-21,True
2020-06-21 14:00:00,0.23748,1.8702,60,60,60,13,2020-06-21,True
2020-06-21 15:00:00,0.30273,1.94437,60,60,60,13,2020-06-21,True
2020-06-21 16:00:00,0.45116,1.90737,60,60,60,13,2020-06-21,True
2020-06-21 17:00:00,0.2450099999999999,1.43235,60,60,60,13,2020-06-21,True
2020-06-21 18:00:00,0.5036,0.6921,60,60,60,13,2020-06-21,True
2020-06-21 19:00:00,0.13271,0.50228,60,60,60,13,2020-06-21,True
2020-06-21 20:00:00,0.16464,0.10903,60,60,60,13,2020-06-21,True
2020-06-21 21:00:00,0.11393,0.01865,60,60,60,13,2020-06-21,True
2020-06-21 22:00:00,0.15811,0.0,60,60,60,13,2020-06-21,True
2020-06-21 23:00:00,0.10567,0.0,60,60,60,13,2020-06-21,True
2020-01-19 00:00:00,0.38896,0.0,60,60,60,14,2020-01-19,True
2020-01-19 01:00:00,0.23972,0.0,60,60,60,14,2020-01-19,True
2020-01-19 02:00:00,0.2545,0.0,60,60,60,14,2020-01-19,True
2020-01-19 03:00:00,0.23723,0.0,60,60,60,14,2020-01-19,True
2020-01-19 04:00:00,0.23438,0.0,60,60,60,14,2020-01-19,True
2020-01-19 05:00:00,0.24752,0.0,60,60,60,14,2020-01-19,True
2020-01-19 06:00:00,0.31962,0.0,60,60,60,14,2020-01-19,True
2020-01-19 07:00:00,0.50193,0.0,60,60,60,14,2020-01-19,True
2020-01-19 08:00:00,2.75946,0.0,60,60,60,14,2020-01-19,True
2020-01-19 09:00:00,1.15515,0.0,60,60,60,14,2020-01-19,True
2020-01-19 10:00:00,0.26344,0.0,60,60,60,14,2020-01-19,True
2020-01-19 11:00:00,3.40206,0.0,60,60,60,14,2020-01-19,True
2020-01-19 12:00:00,1.78164,0.0,60,60,60,14,2020-01-19,True
2020-01-19 13:00:00,2.6428499999999997,0.0,60,60,60,14,2020-01-19,True
2020-01-19 14:00:00,2.0802400000000003,0.0,60,60,60,14,2020-01-19,True
2020-01-19 15:00:00,3.56425,0.0,60,60,60,14,2020-01-19,True
2020-01-19 16:00:00,1.59533,0.0,60,60,60,14,2020-01-19,True
2020-01-19 17:00:00,5.45247,0.0,60,60,60,14,2020-01-19,True
2020-01-19 18:00:00,2.2051399999999997,0.0,60,60,60,14,2020-01-19,True
2020-01-19 19:00:00,1.19845,0.0,60,60,60,14,2020-01-19,True
2020-01-19 20:00:00,0.8673,0.0,60,60,60,14,2020-01-19,True
2020-01-19 21:00:00,1.13352,0.0,60,60,60,14,2020-01-19,True
2020-01-19 22:00:00,0.8861,0.0,60,60,60,14,2020-01-19,True
2020-01-19 23:00:00,0.65158,0.0,60,60,60,14,2020-01-19,True
2020-06-21 00:00:00,0.44548,0.0,60,60,60,14,2020-06-21,True
2020-06-21 01:00:00,1.00882,0.0,60,60,60,14,2020-06-21,True
2020-06-21 02:00:00,0.7306699999999999,0.0,60,60,60,14,2020-06-21,True
2020-06-21 03:00:00,0.2309,0.0,60,60,60,14,2020-06-21,True
2020-06-21 04:00:00,0.23004,0.0,60,60,60,14,2020-06-21,True
2020-06-21 05:00:00,0.2927,0.0,60,60,60,14,2020-06-21,True
2020-06-21 06:00:00,0.29748,0.0,60,60,60,14,2020-06-21,True
2020-06-21 07:00:00,0.28205,0.0,60,60,60,14,2020-06-21,True
2020-06-21 08:00:00,0.23308,0.0,60,60,60,14,2020-06-21,True
2020-06-21 09:00:00,0.6133500000000001,0.0,60,60,60,14,2020-06-21,True
2020-06-21 10:00:00,1.41141,0.0,60,60,60,14,2020-06-21,True
2020-06-21 11:00:00,0.28923,0.0,60,60,60,14,2020-06-21,True
2020-06-21 12:00:00,0.23521,0.0,60,60,60,14,2020-06-21,True
2020-06-21 13:00:00,0.30482,0.0,60,60,60,14,2020-06-21,True
2020-06-21 14:00:00,0.22351,0.0,60,60,60,14,2020-06-21,True
2020-06-21 15:00:00,0.24155,0.0,60,60,60,14,2020-06-21,True
2020-06-21 16:00:00,0.25342,0.0,60,60,60,14,2020-06-21,True
2020-06-21 17:00:00,1.03115,0.0,60,60,60,14,2020-06-21,True
2020-06-21 18:00:00,1.08467,0.0,60,60,60,14,2020-06-21,True
2020-06-21 19:00:00,0.27115,0.0,60,60,60,14,2020-06-21,True
2020-06-21 20:00:00,1.47597,0.0,60,60,60,14,2020-06-21,True
2020-06-21 21:00:00,0.6025499999999999,0.0,60,60,60,14,2020-06-21,True
2020-06-21 22:00:00,0.50236,0.0,60,60,60,14,2020-06-21,True
2020-06-21 23:00:00,0.45073,0.0,60,60,60,14,2020-06-21,True
2020-01-19 00:00:00,0.8579199999999999,0.0,60,60,60,15,2020-01-19,True
2020-01-19 01:00:00,0.45122,0.0,60,60,60,15,2020-01-19,True
2020-01-19 02:00:00,0.17254,0.0,60,60,60,15,2020-01-19,True
2020-01-19 03:00:00,0.15339,0.0,60,60,60,15,2020-01-19,True
2020-01-19 04:00:00,0.18492,0.0,60,60,60,15,2020-01-19,True
2020-01-19 05:00:00,0.37299,0.0,60,60,60,15,2020-01-19,True
2020-01-19 06:00:00,0.17339,0.0,60,60,60,15,2020-01-19,True
2020-01-19 07:00:00,0.1566399999999999,0.0,60,60,60,15,2020-01-19,True
2020-01-19 08:00:00,0.6941900000000001,0.0,60,60,60,15,2020-01-19,True
2020-01-19 09:00:00,0.72746,0.0,60,60,60,15,2020-01-19,True
2020-01-19 10:00:00,0.71757,0.0,60,60,60,15,2020-01-19,True
2020-01-19 11:00:00,1.46191,0.0,60,60,60,15,2020-01-19,True
2020-01-19 12:00:00,2.1806799999999997,0.0,60,60,60,15,2020-01-19,True
2020-01-19 13:00:00,1.10122,0.0,60,60,60,15,2020-01-19,True
2020-01-19 14:00:00,2.76156,0.0,60,60,60,15,2020-01-19,True
2020-01-19 15:00:00,0.80196,0.0,60,60,60,15,2020-01-19,True
2020-01-19 16:00:00,0.78767,0.0,60,60,60,15,2020-01-19,True
2020-01-19 17:00:00,0.81808,0.0,60,60,60,15,2020-01-19,True
2020-01-19 18:00:00,1.3759400000000002,0.0,60,60,60,15,2020-01-19,True
2020-01-19 19:00:00,1.1319,0.0,60,60,60,15,2020-01-19,True
2020-01-19 20:00:00,0.98631,0.0,60,60,60,15,2020-01-19,True
2020-01-19 21:00:00,1.24017,0.0,60,60,60,15,2020-01-19,True
2020-01-19 22:00:00,3.00439,0.0,60,60,60,15,2020-01-19,True
2020-01-19 23:00:00,2.06857,0.0,60,60,60,15,2020-01-19,True
2020-06-21 00:00:00,0.24488,0.0,60,60,60,15,2020-06-21,True
2020-06-21 01:00:00,0.24367,0.0,60,60,60,15,2020-06-21,True
2020-06-21 02:00:00,0.250875,0.0,60,60,60,15,2020-06-21,True
2020-06-21 03:00:00,0.16412,0.0,60,60,60,15,2020-06-21,True
2020-06-21 04:00:00,0.18055,0.0,60,60,60,15,2020-06-21,True
2020-06-21 05:00:00,0.20703,0.0,60,60,60,15,2020-06-21,True
2020-06-21 06:00:00,0.17515,0.0,60,60,60,15,2020-06-21,True
2020-06-21 07:00:00,0.20209,0.0,60,60,60,15,2020-06-21,True
2020-06-21 08:00:00,0.17063,0.0,60,60,60,15,2020-06-21,True
2020-06-21 09:00:00,1.37166,0.0,60,60,60,15,2020-06-21,True
2020-06-21 10:00:00,2.58856,0.0,60,60,60,15,2020-06-21,True
2020-06-21 11:00:00,1.91039,0.0,60,60,60,15,2020-06-21,True
2020-06-21 12:00:00,1.91623,0.0,60,60,60,15,2020-06-21,True
2020-06-21 13:00:00,0.7667999999999999,0.0,60,60,60,15,2020-06-21,True
2020-06-21 14:00:00,0.88505,0.0,60,60,60,15,2020-06-21,True
2020-06-21 15:00:00,0.52461,0.0,60,60,60,15,2020-06-21,True
2020-06-21 16:00:00,0.84027,0.0,60,60,60,15,2020-06-21,True
2020-06-21 17:00:00,0.39956,0.0,60,60,60,15,2020-06-21,True
2020-06-21 18:00:00,0.3903999999999999,0.0,60,60,60,15,2020-06-21,True
2020-06-21 19:00:00,0.32385,0.0,60,60,60,15,2020-06-21,True
2020-06-21 20:00:00,0.35036,0.0,60,60,60,15,2020-06-21,True
2020-06-21 21:00:00,0.3977799999999999,0.0,60,60,60,15,2020-06-21,True
2020-06-21 22:00:00,0.4840299999999999,0.0,60,60,60,15,2020-06-21,True
2020-06-21 23:00:00,0.38615,0.0,60,60,60,15,2020-06-21,True
2020-01-19 00:00:00,0.41683,0.0,60,60,60,16,2020-01-19,True
2020-01-19 01:00:00,0.36337,0.0,60,60,60,16,2020-01-19,True
2020-01-19 02:00:00,0.31737,0.0,60,60,60,16,2020-01-19,True
2020-01-19 03:00:00,0.30463,0.0,60,60,60,16,2020-01-19,True
2020-01-19 04:00:00,0.30766,0.0,60,60,60,16,2020-01-19,True
2020-01-19 05:00:00,0.4161499999999999,0.0,60,60,60,16,2020-01-19,True
2020-01-19 06:00:00,0.36549,0.0,60,60,60,16,2020-01-19,True
2020-01-19 07:00:00,0.30187,0.0,60,60,60,16,2020-01-19,True
2020-01-19 08:00:00,0.29844,0.0,60,60,60,16,2020-01-19,True
2020-01-19 09:00:00,0.28678,0.0,60,60,60,16,2020-01-19,True
2020-01-19 10:00:00,0.3882,0.0,60,60,60,16,2020-01-19,True
2020-01-19 11:00:00,0.40458,0.0,60,60,60,16,2020-01-19,True
2020-01-19 12:00:00,0.30651,0.0,60,60,60,16,2020-01-19,True
2020-01-19 13:00:00,0.29902,0.0,60,60,60,16,2020-01-19,True
2020-01-19 14:00:00,0.3737799999999999,0.0,60,60,60,16,2020-01-19,True
2020-01-19 15:00:00,0.41325,0.0,60,60,60,16,2020-01-19,True
2020-01-19 16:00:00,0.32131,0.0,60,60,60,16,2020-01-19,True
2020-01-19 17:00:00,0.27298,0.0,60,60,60,16,2020-01-19,True
2020-01-19 18:00:00,0.3403,0.0,60,60,60,16,2020-01-19,True
2020-01-19 19:00:00,0.42089,0.0,60,60,60,16,2020-01-19,True
2020-01-19 20:00:00,0.34937,0.0,60,60,60,16,2020-01-19,True
2020-01-19 21:00:00,0.2936499999999999,0.0,60,60,60,16,2020-01-19,True
2020-01-19 22:00:00,0.33013,0.0,60,60,60,16,2020-01-19,True
2020-01-19 23:00:00,0.39654,0.0,60,60,60,16,2020-01-19,True
2020-06-21 00:00:00,0.4117099999999999,0.0,60,60,60,16,2020-06-21,True
2020-06-21 01:00:00,0.43898,0.0,60,60,60,16,2020-06-21,True
2020-06-21 02:00:00,0.33229,0.0,60,60,60,16,2020-06-21,True
2020-06-21 03:00:00,0.2863,0.0,60,60,60,16,2020-06-21,True
2020-06-21 04:00:00,0.271205,0.0,60,60,60,16,2020-06-21,True
2020-06-21 05:00:00,0.2912,0.0,60,60,60,16,2020-06-21,True
2020-06-21 06:00:00,0.28491,0.0,60,60,60,16,2020-06-21,True
2020-06-21 07:00:00,0.29337,0.0,60,60,60,16,2020-06-21,True
2020-06-21 08:00:00,0.2997599999999999,0.0,60,60,60,16,2020-06-21,True
2020-06-21 09:00:00,0.28438,0.0,60,60,60,16,2020-06-21,True
2020-06-21 10:00:00,0.27432,0.0,60,60,60,16,2020-06-21,True
2020-06-21 11:00:00,0.8938200000000001,0.0,60,60,60,16,2020-06-21,True
2020-06-21 12:00:00,1.20826,0.0,60,60,60,16,2020-06-21,True
2020-06-21 13:00:00,0.31185,0.0,60,60,60,16,2020-06-21,True
2020-06-21 14:00:00,0.30057,0.0,60,60,60,16,2020-06-21,True
2020-06-21 15:00:00,1.57097,0.0,60,60,60,16,2020-06-21,True
2020-06-21 16:00:00,1.43223,0.0,60,60,60,16,2020-06-21,True
2020-06-21 17:00:00,2.1327,0.0,60,60,60,16,2020-06-21,True
2020-06-21 18:00:00,0.27162,0.0,60,60,60,16,2020-06-21,True
2020-06-21 19:00:00,0.23096,0.0,60,60,60,16,2020-06-21,True
2020-06-21 20:00:00,0.168,0.0,60,60,60,16,2020-06-21,True
2020-06-21 21:00:00,0.2575199999999999,0.0,60,60,60,16,2020-06-21,True
2020-06-21 22:00:00,0.22991,0.0,60,60,60,16,2020-06-21,True
2020-06-21 23:00:00,0.23031,0.0,60,60,60,16,2020-06-21,True
2020-01-19 00:00:00,0.05145,0.0,60,60,60,17,2020-01-19,True
2020-01-19 01:00:00,0.06622,0.0,60,60,60,17,2020-01-19,True
2020-01-19 02:00:00,0.04118,0.0,60,60,60,17,2020-01-19,True
2020-01-19 03:00:00,0.04154,0.0,60,60,60,17,2020-01-19,True
2020-01-19 04:00:00,0.040715,0.0,60,60,60,17,2020-01-19,True
2020-01-19 05:00:00,0.04873,0.0,60,60,60,17,2020-01-19,True
2020-01-19 06:00:00,0.04784,0.0,60,60,60,17,2020-01-19,True
2020-01-19 07:00:00,0.04861,0.0,60,60,60,17,2020-01-19,True
2020-01-19 08:00:00,0.96027,0.0050999999999999,60,60,60,17,2020-01-19,True
2020-01-19 09:00:00,0.73088,0.33793,60,60,60,17,2020-01-19,True
2020-01-19 10:00:00,1.55563,1.04873,60,60,60,17,2020-01-19,True
2020-01-19 11:00:00,0.7599199999999999,1.25257,60,60,60,17,2020-01-19,True
2020-01-19 12:00:00,0.40276,0.69598,60,60,60,17,2020-01-19,True
2020-01-19 13:00:00,0.09982,0.41391,60,60,60,17,2020-01-19,True
2020-01-19 14:00:00,0.1766599999999999,0.51316,60,60,60,17,2020-01-19,True
2020-01-19 15:00:00,0.18233,0.28811,60,60,60,17,2020-01-19,True
2020-01-19 16:00:00,0.13871,0.04703,60,60,60,17,2020-01-19,True
2020-01-19 17:00:00,1.54895,0.00065,60,60,60,17,2020-01-19,True
2020-01-19 18:00:00,0.20682,0.0,60,60,60,17,2020-01-19,True
2020-01-19 19:00:00,0.38353,0.0,60,60,60,17,2020-01-19,True
2020-01-19 20:00:00,0.22843,0.0,60,60,60,17,2020-01-19,True
2020-01-19 21:00:00,0.2388,0.0,60,60,60,17,2020-01-19,True
2020-01-19 22:00:00,0.43271,0.0,60,60,60,17,2020-01-19,True
2020-01-19 23:00:00,0.1234,0.0,60,60,60,17,2020-01-19,True
2020-06-21 00:00:00,0.10457,0.0,60,60,60,17,2020-06-21,True
2020-06-21 01:00:00,0.05891,0.0,60,60,60,17,2020-06-21,True
2020-06-21 02:00:00,0.063235,0.0,60,60,60,17,2020-06-21,True
2020-06-21 03:00:00,0.04724,0.0,60,60,60,17,2020-06-21,True
2020-06-21 04:00:00,0.03537,0.0,60,60,60,17,2020-06-21,True
2020-06-21 05:00:00,0.03562,0.0,60,60,60,17,2020-06-21,True
2020-06-21 06:00:00,0.05067,0.05329,60,60,60,17,2020-06-21,True
2020-06-21 07:00:00,0.22634,0.26392,60,60,60,17,2020-06-21,True
2020-06-21 08:00:00,0.21365,0.6303200000000001,60,60,60,17,2020-06-21,True
2020-06-21 09:00:00,0.07234,0.78906,60,60,60,17,2020-06-21,True
2020-06-21 10:00:00,0.88279,1.3236199999999998,60,60,60,17,2020-06-21,True
2020-06-21 11:00:00,0.22405,1.81013,60,60,60,17,2020-06-21,True
2020-06-21 12:00:00,1.8398,1.97002,60,60,60,17,2020-06-21,True
2020-06-21 13:00:00,1.20263,1.67232,60,60,60,17,2020-06-21,True
2020-06-21 14:00:00,0.27165,1.77627,60,60,60,17,2020-06-21,True
2020-06-21 15:00:00,0.22131,1.54999,60,60,60,17,2020-06-21,True
2020-06-21 16:00:00,0.4729099999999999,1.2021,60,60,60,17,2020-06-21,True
2020-06-21 17:00:00,0.75178,0.79513,60,60,60,17,2020-06-21,True
2020-06-21 18:00:00,0.30671,0.3432,60,60,60,17,2020-06-21,True
2020-06-21 19:00:00,0.4690299999999999,0.18386,60,60,60,17,2020-06-21,True
2020-06-21 20:00:00,0.7234499999999999,0.08953,60,60,60,17,2020-06-21,True
2020-06-21 21:00:00,0.05934,0.0148399999999999,60,60,60,17,2020-06-21,True
2020-06-21 22:00:00,0.09026,0.0,60,60,60,17,2020-06-21,True
2020-06-21 23:00:00,0.12053,0.0,60,60,60,17,2020-06-21,True
2020-01-19 00:00:00,0.38722,0.0,60,60,60,18,2020-01-19,True
2020-01-19 01:00:00,0.35807,0.0,60,60,60,18,2020-01-19,True
2020-01-19 02:00:00,0.6720499999999999,0.0,60,60,60,18,2020-01-19,True
2020-01-19 03:00:00,0.31318,0.0,60,60,60,18,2020-01-19,True
2020-01-19 04:00:00,0.33394,0.0,60,60,60,18,2020-01-19,True
2020-01-19 05:00:00,0.29648,0.0,60,60,60,18,2020-01-19,True
2020-01-19 06:00:00,0.3020199999999999,0.0,60,60,60,18,2020-01-19,True
2020-01-19 07:00:00,0.29083,0.0,60,60,60,18,2020-01-19,True
2020-01-19 08:00:00,0.39279,0.0,60,60,60,18,2020-01-19,True
2020-01-19 09:00:00,0.80402,0.0,60,60,60,18,2020-01-19,True
2020-01-19 10:00:00,3.0002600000000004,0.0,60,60,60,18,2020-01-19,True
2020-01-19 11:00:00,0.53124,0.0,60,60,60,18,2020-01-19,True
2020-01-19 12:00:00,2.31541,0.0,60,60,60,18,2020-01-19,True
2020-01-19 13:00:00,2.13745,0.0,60,60,60,18,2020-01-19,True
2020-01-19 14:00:00,0.69565,0.0,60,60,60,18,2020-01-19,True
2020-01-19 15:00:00,0.26032,0.0,60,60,60,18,2020-01-19,True
2020-01-19 16:00:00,0.53812,0.0,60,60,60,18,2020-01-19,True
2020-01-19 17:00:00,1.0201900000000002,0.0,60,60,60,18,2020-01-19,True
2020-01-19 18:00:00,1.63422,0.0,60,60,60,18,2020-01-19,True
2020-01-19 19:00:00,1.0336,0.0,60,60,60,18,2020-01-19,True
2020-01-19 20:00:00,1.2629,0.0,60,60,60,18,2020-01-19,True
2020-01-19 21:00:00,1.09779,0.0,60,60,60,18,2020-01-19,True
2020-01-19 22:00:00,0.73707,0.0,60,60,60,18,2020-01-19,True
2020-01-19 23:00:00,0.37361,0.0,60,60,60,18,2020-01-19,True
2020-06-21 00:00:00,1.03771,0.0,60,60,60,18,2020-06-21,True
2020-06-21 01:00:00,0.76438,0.0,60,60,60,18,2020-06-21,True
2020-06-21 02:00:00,0.67099,0.0,60,60,60,18,2020-06-21,True
2020-06-21 03:00:00,0.63677,0.0,60,60,60,18,2020-06-21,True
2020-06-21 04:00:00,0.6721900000000001,0.0,60,60,60,18,2020-06-21,True
2020-06-21 05:00:00,0.7575299999999999,0.0,60,60,60,18,2020-06-21,True
2020-06-21 06:00:00,0.61985,0.0,60,60,60,18,2020-06-21,True
2020-06-21 07:00:00,0.71881,0.0,60,60,60,18,2020-06-21,True
2020-06-21 08:00:00,0.58863,0.0,60,60,60,18,2020-06-21,True
2020-06-21 09:00:00,0.92298,0.0,60,60,60,18,2020-06-21,True
2020-06-21 10:00:00,1.2133,0.0,60,60,60,18,2020-06-21,True
2020-06-21 11:00:00,1.72391,0.0,60,60,60,18,2020-06-21,True
2020-06-21 12:00:00,0.45758,0.0,60,60,60,18,2020-06-21,True
2020-06-21 13:00:00,1.0459,0.0,60,60,60,18,2020-06-21,True
2020-06-21 14:00:00,1.16057,0.0,60,60,60,18,2020-06-21,True
2020-06-21 15:00:00,1.24725,0.0,60,60,60,18,2020-06-21,True
2020-06-21 16:00:00,2.07365,0.0,60,60,60,18,2020-06-21,True
2020-06-21 17:00:00,3.16632,0.0,60,60,60,18,2020-06-21,True
2020-06-21 18:00:00,0.97655,0.0,60,60,60,18,2020-06-21,True
2020-06-21 19:00:00,0.57545,0.0,60,60,60,18,2020-06-21,True
2020-06-21 20:00:00,0.4905899999999999,0.0,60,60,60,18,2020-06-21,True
2020-06-21 21:00:00,0.68659,0.0,60,60,60,18,2020-06-21,True
2020-06-21 22:00:00,0.88371,0.0,60,60,60,18,2020-06-21,True
2020-06-21 23:00:00,0.72936,0.0,60,60,60,18,2020-06-21,True
2020-01-19 00:00:00,0.73333,0.0,60,60,60,19,2020-01-19,True
2020-01-19 01:00:00,0.3718,0.0,60,60,60,19,2020-01-19,True
2020-01-19 02:00:00,0.16955,0.0,60,60,60,19,2020-01-19,True
2020-01-19 03:00:00,0.16728,0.0,60,60,60,19,2020-01-19,True
2020-01-19 04:00:00,0.22365,0.0,60,60,60,19,2020-01-19,True
2020-01-19 05:00:00,0.26607,0.0,60,60,60,19,2020-01-19,True
2020-01-19 06:00:00,0.31215,0.0,60,60,60,19,2020-01-19,True
2020-01-19 07:00:00,0.31451,0.0,60,60,60,19,2020-01-19,True
2020-01-19 08:00:00,1.2531,0.0,60,60,60,19,2020-01-19,True
2020-01-19 09:00:00,1.03276,0.0,60,60,60,19,2020-01-19,True
2020-01-19 10:00:00,0.89474,0.0,60,60,60,19,2020-01-19,True
2020-01-19 11:00:00,0.84178,0.0,60,60,60,19,2020-01-19,True
2020-01-19 12:00:00,0.7955800000000001,0.0,60,60,60,19,2020-01-19,True
2020-01-19 13:00:00,1.3038299999999998,0.0,60,60,60,19,2020-01-19,True
2020-01-19 14:00:00,0.56916,0.0,60,60,60,19,2020-01-19,True
2020-01-19 15:00:00,1.04152,0.0,60,60,60,19,2020-01-19,True
2020-01-19 16:00:00,0.96522,0.0,60,60,60,19,2020-01-19,True
2020-01-19 17:00:00,0.29527,0.0,60,60,60,19,2020-01-19,True
2020-01-19 18:00:00,1.06582,0.0,60,60,60,19,2020-01-19,True
2020-01-19 19:00:00,0.91813,0.0,60,60,60,19,2020-01-19,True
2020-01-19 20:00:00,0.82712,0.0,60,60,60,19,2020-01-19,True
2020-01-19 21:00:00,0.8546,0.0,60,60,60,19,2020-01-19,True
2020-01-19 22:00:00,0.93692,0.0,60,60,60,19,2020-01-19,True
2020-01-19 23:00:00,0.83627,0.0,60,60,60,19,2020-01-19,True
2020-06-21 00:00:00,0.95934,0.0,60,60,60,19,2020-06-21,True
2020-06-21 01:00:00,0.74687,0.0,60,60,60,19,2020-06-21,True
2020-06-21 02:00:00,0.138225,0.0,60,60,60,19,2020-06-21,True
2020-06-21 03:00:00,0.12912,0.0,60,60,60,19,2020-06-21,True
2020-06-21 04:00:00,0.17651,0.0,60,60,60,19,2020-06-21,True
2020-06-21 05:00:00,0.13096,0.0,60,60,60,19,2020-06-21,True
2020-06-21 06:00:00,0.13252,0.0,60,60,60,19,2020-06-21,True
2020-06-21 07:00:00,0.17625,0.0,60,60,60,19,2020-06-21,True
2020-06-21 08:00:00,0.1346399999999999,0.0,60,60,60,19,2020-06-21,True
2020-06-21 09:00:00,0.61197,0.0,60,60,60,19,2020-06-21,True
2020-06-21 10:00:00,0.16099,0.0,60,60,60,19,2020-06-21,True
2020-06-21 11:00:00,0.5203300000000001,0.0,60,60,60,19,2020-06-21,True
2020-06-21 12:00:00,0.68621,0.0,60,60,60,19,2020-06-21,True
2020-06-21 13:00:00,0.28948,0.0,60,60,60,19,2020-06-21,True
2020-06-21 14:00:00,0.3450899999999999,0.0,60,60,60,19,2020-06-21,True
2020-06-21 15:00:00,0.27164,0.0,60,60,60,19,2020-06-21,True
2020-06-21 16:00:00,0.92631,0.0,60,60,60,19,2020-06-21,True
2020-06-21 17:00:00,0.72499,0.0,60,60,60,19,2020-06-21,True
2020-06-21 18:00:00,0.4465699999999999,0.0,60,60,60,19,2020-06-21,True
2020-06-21 19:00:00,0.28854,0.0,60,60,60,19,2020-06-21,True
2020-06-21 20:00:00,0.30845,0.0,60,60,60,19,2020-06-21,True
2020-06-21 21:00:00,0.23598,0.0,60,60,60,19,2020-06-21,True
2020-06-21 22:00:00,0.36028,0.0,60,60,60,19,2020-06-21,True
2020-06-21 23:00:00,0.3040899999999999,0.0,60,60,60,19,2020-06-21,True
2020-01-19 00:00:00,0.23467,0.0,60,60,60,20,2020-01-19,True
2020-01-19 01:00:00,0.21303,0.0,60,60,60,20,2020-01-19,True
2020-01-19 02:00:00,0.11077,0.0,60,60,60,20,2020-01-19,True
2020-01-19 03:00:00,0.06895,0.0,60,60,60,20,2020-01-19,True
2020-01-19 04:00:00,0.06943,0.0,60,60,60,20,2020-01-19,True
2020-01-19 05:00:00,0.10792,0.0,60,60,60,20,2020-01-19,True
2020-01-19 06:00:00,0.0809899999999999,0.0,60,60,60,20,2020-01-19,True
2020-01-19 07:00:00,0.05627,0.0,60,60,60,20,2020-01-19,True
2020-01-19 08:00:00,0.05906,0.0,60,60,60,20,2020-01-19,True
2020-01-19 09:00:00,0.32555,0.0,60,60,60,20,2020-01-19,True
2020-01-19 10:00:00,0.94378,0.0,60,60,60,20,2020-01-19,True
2020-01-19 11:00:00,1.06364,0.0,60,60,60,20,2020-01-19,True
2020-01-19 12:00:00,0.51017,0.0,60,60,60,20,2020-01-19,True
2020-01-19 13:00:00,2.77072,0.0,60,60,60,20,2020-01-19,True
2020-01-19 14:00:00,0.6789,0.0,60,60,60,20,2020-01-19,True
2020-01-19 15:00:00,0.07094,0.0,60,60,60,20,2020-01-19,True
2020-01-19 16:00:00,0.0620799999999999,0.0,60,60,60,20,2020-01-19,True
2020-01-19 17:00:00,0.23232,0.0,60,60,60,20,2020-01-19,True
2020-01-19 18:00:00,0.18544,0.0,60,60,60,20,2020-01-19,True
2020-01-19 19:00:00,0.50628,0.0,60,60,60,20,2020-01-19,True
2020-01-19 20:00:00,0.2793899999999999,0.0,60,60,60,20,2020-01-19,True
2020-01-19 21:00:00,0.42817,0.0,60,60,60,20,2020-01-19,True
2020-01-19 22:00:00,0.2775,0.0,60,60,60,20,2020-01-19,True
2020-01-19 23:00:00,0.35638,0.0,60,60,60,20,2020-01-19,True
2020-06-21 00:00:00,0.18496,0.0,60,60,60,20,2020-06-21,True
2020-06-21 01:00:00,0.07962,0.0,60,60,60,20,2020-06-21,True
2020-06-21 02:00:00,0.11813,0.0,60,60,60,20,2020-06-21,True
2020-06-21 03:00:00,0.12256,0.0,60,60,60,20,2020-06-21,True
2020-06-21 04:00:00,0.06933,0.0,60,60,60,20,2020-06-21,True
2020-06-21 05:00:00,0.09728,0.0,60,60,60,20,2020-06-21,True
2020-06-21 06:00:00,0.17438,0.0,60,60,60,20,2020-06-21,True
2020-06-21 07:00:00,0.17952,0.0,60,60,60,20,2020-06-21,True
2020-06-21 08:00:00,0.08397,0.0,60,60,60,20,2020-06-21,True
2020-06-21 09:00:00,0.1427199999999999,0.0,60,60,60,20,2020-06-21,True
2020-06-21 10:00:00,0.2510799999999999,0.0,60,60,60,20,2020-06-21,True
2020-06-21 11:00:00,0.2338599999999999,0.0,60,60,60,20,2020-06-21,True
2020-06-21 12:00:00,0.52547,0.0,60,60,60,20,2020-06-21,True
2020-06-21 13:00:00,0.25112,0.0,60,60,60,20,2020-06-21,True
2020-06-21 14:00:00,0.27072,0.0,60,60,60,20,2020-06-21,True
2020-06-21 15:00:00,0.38018,0.0,60,60,60,20,2020-06-21,True
2020-06-21 16:00:00,0.23574,0.0,60,60,60,20,2020-06-21,True
2020-06-21 17:00:00,0.27974,0.0,60,60,60,20,2020-06-21,True
2020-06-21 18:00:00,0.8048,0.0,60,60,60,20,2020-06-21,True
2020-06-21 19:00:00,1.33249,0.0,60,60,60,20,2020-06-21,True
2020-06-21 20:00:00,0.83399,0.0,60,60,60,20,2020-06-21,True
2020-06-21 21:00:00,0.2276699999999999,0.0,60,60,60,20,2020-06-21,True
2020-06-21 22:00:00,0.22265,0.0,60,60,60,20,2020-06-21,True
2020-06-21 23:00:00,0.26985,0.0,60,60,60,20,2020-06-21,True
