Date,LegacyMeanWhPerMinute,MinimumHomesPresent,Minutes,AmbientTemperatureC
2020-01-01,220.28313194444445,20,1440,9.632722222222222
2020-01-02,189.72218750000002,20,1440,10.426665972222223
2020-01-03,199.2077048611111,20,1440,7.950279166666666
2020-01-04,204.04262152777778,20,1440,8.957248611111112
2020-01-05,46.187215277777774,20,1440,9.98713888888889
2020-01-06,145.22692708333332,20,1440,9.684006944444445
2020-01-07,148.06947222222223,20,1440,11.423590277777778
2020-01-08,198.22347222222223,20,1440,7.9129625
2020-01-09,162.66191666666666,20,1440,5.781454166666666
2020-01-10,165.32633680555554,20,1440,8.971068055555556
2020-01-11,235.54450347222223,20,1440,10.330730555555556
2020-01-12,205.7827777777778,20,1440,7.285615277777778
2020-01-13,233.23638194444445,20,1440,8.343524305555555
2020-01-14,213.82953472222223,20,1440,5.8703
2020-01-15,220.19197222222223,20,1440,7.563674999999999
2020-01-16,253.7367048611111,20,1440,8.919435416666666
2020-01-17,258.01452777777774,20,1440,4.912938194444445
2020-01-18,225.54218055555555,20,1440,4.843070833333333
2020-01-19,262.10575,20,1440,5.569175
2020-01-20,217.75440277777778,20,1440,8.258370833333334
2020-01-21,213.76644791666666,20,1440,8.500254861111111
2020-01-22,197.85974305555553,20,1440,9.11538125
2020-01-23,192.52158333333335,20,1440,7.163960416666666
2020-01-24,196.56532291666667,20,1440,7.077994444444444
2020-01-25,187.86258680555557,20,1440,8.49052986111111
2020-01-26,206.85805208333332,20,1440,7.24945
2020-01-27,199.17836805555555,20,1440,5.124209027777778
2020-01-28,205.34605208333335,20,1440,5.942895138888889
2020-01-29,195.57016666666667,20,1440,8.840315277777778
2020-01-30,182.66579513888888,20,1440,10.11701388888889
2020-01-31,175.65014236111114,20,1440,10.880506944444445
2020-02-01,184.17002430555556,20,1440,8.42049375
2020-02-02,189.2314826388889,20,1440,10.36787013888889
2020-02-03,211.92563194444443,20,1440,7.728763194444444
2020-02-04,195.6262847222222,20,1440,7.536915972222222
2020-02-05,46.854274305555556,20,1440,7.528495833333333
2020-02-06,158.36457291666667,20,1440,8.764375000000001
2020-02-07,157.40679166666666,20,1440,8.80994861111111
2020-02-08,172.94197222222223,20,1440,8.888790972222223
2020-02-09,189.8642222222222,20,1440,10.10961388888889
2020-02-10,179.03621180555555,20,1440,6.093389583333333
2020-02-11,222.32309027777777,20,1440,5.471330555555555
2020-02-12,231.9890034722222,20,1440,6.260474305555556
2020-02-13,190.92344097222224,20,1440,8.364399305555557
2020-02-14,201.96616666666668,20,1440,9.899035416666667
2020-02-15,205.40018055555555,20,1440,9.942425
2020-02-16,201.60549305555554,20,1440,6.775452083333334
2020-02-17,191.2004583333333,20,1440,6.819285416666667
2020-02-18,186.24662847222223,20,1440,7.232818055555556
2020-02-19,219.70531250000002,20,1440,9.404886805555556
2020-02-20,209.51218402777778,20,1440,6.883029166666667
2020-02-21,244.79510069444444,20,1440,10.150729166666666
2020-02-22,230.98406597222223,20,1440,8.974941666666666
2020-02-23,223.731125,20,1440,8.695493055555556
2020-02-24,231.41699652777777,20,1440,9.14670625
2020-02-25,213.74587152777778,20,1440,5.399175694444445
2020-02-26,214.22423958333331,20,1440,5.397095833333333
2020-02-27,205.86322916666666,20,1440,6.122556944444445
2020-02-28,208.40964267917727,20,1440,9.886047916666666
2020-02-29,228.85439204304492,20,1440,5.261157638888889
2020-03-01,188.04860416666665,20,1440,5.703101388888889
2020-03-02,199.25043055555554,20,1440,5.5349868055555556
2020-03-03,199.82438194444444,20,1440,6.024891666666666
2020-03-04,194.2284097222222,20,1440,6.165176388888889
2020-03-05,32.41896527777778,20,1440,5.247101388888889
2020-03-06,155.26714583333333,20,1440,8.315104861111111
2020-03-07,172.09164583333333,20,1440,10.651493055555555
2020-03-08,159.50435416666667,20,1440,8.162875694444445
2020-03-09,172.63425421678616,20,1440,9.787762500000001
2020-03-10,193.42654786654717,20,1440,10.046252083333332
2020-03-11,205.360125,20,1440,7.847711111111111
2020-03-12,230.5521597222222,20,1440,6.853705555555555
2020-03-13,258.7440798611111,20,1440,8.233422222222222
2020-03-14,249.3279201388889,20,1440,9.164922916666667
2020-03-15,244.89198958333336,20,1440,6.911671527777778
2020-03-16,270.38766319444443,20,1440,7.909583333333333
2020-03-17,221.78919444444443,20,1440,10.103220833333333
2020-03-18,240.63919791666666,20,1440,6.424186111111111
2020-03-19,223.2621076388889,20,1440,6.5581659722222225
2020-03-20,225.50624305555556,20,1440,6.085508333333333
2020-03-21,231.44338888888888,20,1440,6.647590972222223
2020-03-22,225.94630902777777,20,1440,8.456255555555556
2020-03-23,227.56045138888888,20,1440,8.767379861111111
2020-03-24,231.46928819444446,20,1440,9.284048611111112
2020-03-25,225.51752430555555,20,1440,10.467770833333333
2020-03-26,198.0232777777778,20,1440,9.433869444444445
2020-03-27,218.2279652777778,20,1440,9.56340138888889
2020-03-28,194.37558912037036,20,1440,9.453663888888888
2020-03-29,196.00708796296297,20,1440,6.07674513888889
2020-03-30,201.25224652777777,20,1440,6.7691638888888885
2020-03-31,212.7652361111111,20,1440,7.919403472222223
2020-04-01,195.72387847222222,20,1440,7.883821527777777
2020-04-02,178.31314930555556,20,1440,9.347491666666667
2020-04-03,208.0837013888889,20,1440,8.523066666666667
2020-04-04,188.5872013888889,20,1440,10.179818055555556
2020-04-05,51.02830208333334,20,1440,11.551879166666666
2020-04-06,159.28904166666666,20,1440,9.369440972222224
2020-04-07,167.09572916666667,20,1440,9.982002777777778
2020-04-08,149.38623611111112,20,1440,9.640711111111111
2020-04-09,167.05267916666668,20,1440,11.981822222222222
2020-04-10,180.42945625,20,1440,12.417208333333333
2020-04-11,204.0844375,20,1440,9.941541666666666
2020-04-12,220.46923958333335,20,1440,8.921243055555555
2020-04-13,197.40728124999998,20,1440,10.794421527777779
2020-04-14,188.06641666666667,20,1440,8.430447916666667
2020-04-15,172.20593055555557,20,1440,8.23436388888889
2020-04-16,184.42272916666664,20,1440,12.109285416666665
2020-04-17,174.70345833333334,20,1440,12.585312499999999
2020-04-18,186.40148958333336,20,1440,12.399368055555556
2020-04-19,176.90522916666666,20,1440,12.28338888888889
2020-04-20,184.27452430555556,20,1440,13.177686805555554
2020-04-21,176.8161736111111,20,1440,9.883327083333333
2020-04-22,175.76010069444445,20,1440,12.866576388888888
2020-04-23,170.60998958333334,20,1440,11.678609722222223
2020-04-24,192.53123263888887,20,1440,11.215260416666666
2020-04-25,174.94387847222222,20,1440,11.611979166666666
2020-04-26,172.01684375,20,1440,10.976930555555557
2020-04-27,170.02671527777778,20,1440,10.328076388888888
2020-04-28,112.36983333333333,20,1440,9.6445125
2020-04-29,37.67928472222222,20,1440,8.093552083333334
2020-04-30,64.32486805555556,20,1440,8.02418125
2020-05-01,211.8225763888889,20,1440,9.473672916666667
2020-05-02,173.83864930555555,20,1440,9.102207638888888
2020-05-03,221.1307673611111,20,1440,11.165000000000001
2020-05-04,189.3403923611111,20,1440,13.60970138888889
2020-05-05,80.17142708333333,20,1440,12.226729166666669
2020-05-06,166.0699826388889,20,1440,12.7104375
2020-05-07,163.82530555555556,20,1440,12.694749999999999
2020-05-08,168.63818055555555,20,1440,13.58288888888889
2020-05-09,184.63455208333335,20,1440,14.267138888888889
2020-05-10,187.095,20,1440,12.4496875
2020-05-11,183.4902290943789,20,1440,8.338989583333333
2020-05-12,234.56171187784332,20,1440,8.719345833333334
2020-05-13,166.09641319444444,20,1440,9.544238888888888
2020-05-14,158.50117013888888,20,1440,8.83223888888889
2020-05-15,161.18048958333333,20,1440,9.740584722222222
2020-05-16,159.70925347222223,20,1440,10.494849305555556
2020-05-17,168.04779861111112,20,1440,12.276826388888889
2020-05-18,170.3068125,20,1440,12.862326388888889
2020-05-19,182.33562847222223,20,1440,12.9449375
2020-05-20,170.23051388888888,20,1440,12.808381944444445
2020-05-21,175.65250694444444,20,1440,12.418444444444445
2020-05-22,179.19190277777778,20,1440,12.257291666666667
2020-05-23,186.3688298611111,20,1440,11.827291666666666
2020-05-24,171.328625,20,1440,12.815333333333335
2020-05-25,166.37097569444444,20,1440,12.33913888888889
2020-05-26,171.99323611111112,20,1440,13.339965277777777
2020-05-27,173.604625,20,1440,13.338472222222224
2020-05-28,157.5256875,20,1440,18.118402777777778
2020-05-29,157.64827430555556,20,1440,17.994555555555557
2020-05-30,159.09682291666667,20,1440,18.162708333333335
2020-05-31,164.7949409722222,20,1440,18.88107638888889
2020-06-01,233.72140972222223,20,1440,16.569652777777776
2020-06-02,173.46017013888888,20,1440,15.674395833333334
2020-06-03,199.90047222222222,20,1440,13.719618055555555
2020-06-04,206.58896875,20,1440,11.782013888888887
2020-06-05,168.20230555555557,20,1440,11.592354166666668
2020-06-06,162.40834375,20,1440,9.947805555555556
2020-06-07,169.72372222222222,20,1440,11.491131944444444
2020-06-08,172.0252361111111,20,1440,11.875256944444443
2020-06-09,207.16684722222223,20,1440,12.084819444444443
2020-06-10,183.770681585703,20,1440,11.584458333333332
2020-06-11,189.35887167110167,20,1440,13.988715277777779
2020-06-12,217.60406479875087,20,1440,13.848625
2020-06-13,151.77322916666668,20,1440,15.078208333333333
2020-06-14,158.56990625,20,1440,14.651263888888888
2020-06-15,156.96430555555557,20,1440,13.914868055555555
2020-06-16,167.3765277777778,20,1440,12.860236111111112
2020-06-17,161.29145833333334,20,1440,12.983
2020-06-18,150.19018402777778,20,1440,12.798166666666667
2020-06-19,158.84097222222223,20,1440,12.841506944444445
2020-06-20,179.5615625,20,1440,13.878215277777779
2020-06-21,161.57218402777778,20,1440,13.85
2020-06-22,170.65827083333335,20,1440,14.412069444444445
2020-06-23,165.9053263888889,20,1440,13.146013888888888
2020-06-24,154.84395486111111,20,1440,14.104131944444445
2020-06-25,147.8665173611111,20,1440,15.450701388888888
2020-06-26,138.14843402777777,20,1440,13.7091875
2020-06-27,158.3496875,20,1440,13.002576388888889
2020-06-28,152.16752083333333,20,1440,13.092756944444444
2020-06-29,151.20527083333334,20,1440,12.875833333333334
2020-06-30,156.23281597222223,20,1440,12.870534722222223
2020-07-01,213.51013541666666,20,1440,12.926604166666667
2020-07-02,203.8951736111111,20,1440,13.695500000000001
2020-07-03,233.97006944444445,20,1440,14.50945138888889
2020-07-04,189.38234375000002,20,1440,14.672340277777776
2020-07-05,175.98371180555557,20,1440,13.588006944444444
2020-07-06,152.2944375,20,1440,13.56053472222222
2020-07-07,161.66348611111113,20,1440,13.971368055555557
2020-07-08,178.98510763888888,20,1440,14.704131944444445
2020-07-09,194.54675694444447,20,1440,13.909895833333334
2020-07-10,206.15949561454238,20,1440,13.061159722222222
2020-07-11,207.40635533049965,20,1440,12.368707638888887
2020-07-12,231.92249280495795,20,1440,14.257895833333333
2020-07-13,149.7299927377044,20,1440,14.420208333333333
2020-07-14,141.5851192137162,20,1440,13.60032638888889
2020-07-15,164.69314846524605,20,1440,14.330152777777776
2020-07-16,151.89996760091927,20,1440,15.262444444444442
2020-07-17,162.2652337879696,20,1440,15.86401388888889
2020-07-18,175.90590277777778,20,1440,14.434958333333334
2020-07-19,160.86951041666666,20,1440,13.969930555555557
2020-07-20,169.0750234375,20,1440,13.164419444444444
2020-07-21,164.2660703125,20,1440,13.60818125
2020-07-22,166.34614583333334,20,1440,16.0084375
2020-07-23,168.91312152777778,20,1440,14.978618055555556
2020-07-24,172.14555208333334,20,1440,15.35045138888889
2020-07-25,180.96662847222223,20,1440,14.999215277777777
2020-07-26,179.9447152777778,20,1440,14.678652777777776
2020-07-27,157.4835,20,1440,15.095694444444444
2020-07-28,157.17245377280264,20,1440,14.476222222222221
2020-07-29,172.81550456053068,20,1440,14.524729166666667
2020-07-30,171.74988541666667,20,1440,16.967020833333333
2020-07-31,166.75809375,20,1440,16.241555555555557
2020-08-01,223.6720138888889,20,1440,14.608159722222222
2020-08-02,201.37716666666665,20,1440,14.47509027777778
2020-08-03,213.04597222222222,20,1440,14.98825
2020-08-04,200.45573958333335,20,1440,16.69186111111111
2020-08-05,173.29422569444444,20,1440,15.908611111111112
2020-08-06,148.8777673611111,20,1440,16.638631944444445
2020-08-07,170.7848263888889,20,1440,16.139756944444443
2020-08-08,186.25278472222223,20,1440,14.429326388888889
2020-08-09,194.39426388888887,20,1440,15.49259027777778
2020-08-10,178.9106802037551,20,1440,16.949854166666668
2020-08-11,221.4778338658532,20,1440,16.089534722222222
2020-08-12,228.17163523594726,20,1440,16.629680555555556
2020-08-13,181.5677638888889,20,1440,17.670673611111113
2020-08-14,168.529625,20,1440,18.294666666666668
2020-08-15,185.9621423611111,20,1440,17.314506944444442
2020-08-16,208.22109027777776,20,1440,17.529374999999998
2020-08-17,181.83937847222222,20,1440,16.749465277777777
2020-08-18,190.1614189814815,20,1440,17.00347222222222
2020-08-19,171.91180324074074,20,1440,16.412736111111112
2020-08-20,177.9702638888889,20,1440,15.901020833333334
2020-08-21,168.42390277777778,20,1440,15.756472222222222
2020-08-22,174.17292013888888,20,1440,15.045
2020-08-23,183.79652430555555,20,1440,14.939965277777777
2020-08-24,165.69326388888888,20,1440,15.51457638888889
2020-08-25,166.31346180555556,20,1440,15.699583333333335
2020-08-26,186.96548958333332,20,1440,15.442486111111112
2020-08-27,172.97238888888887,20,1440,15.33020138888889
2020-08-28,172.55667708333334,20,1440,14.709097222222221
2020-08-29,175.93816666666666,20,1440,13.70897222222222
2020-08-30,167.51540625,20,1440,13.003666666666666
2020-08-31,181.894375,20,1440,14.370555555555555
2020-09-01,214.90177777777777,20,1440,15.230187500000001
2020-09-02,211.4475277777778,20,1440,16.129416666666668
2020-09-03,224.0101909722222,20,1440,15.014833333333334
2020-09-04,182.72453472222224,20,1440,14.294541666666666
2020-09-05,181.27259375,20,1440,14.432138888888888
2020-09-06,156.91090277777778,20,1440,14.92807638888889
2020-09-07,153.1338888888889,20,1440,15.4385625
2020-09-08,176.81293402777777,20,1440,16.11832638888889
2020-09-09,164.55203819444444,20,1440,14.238993055555557
2020-09-10,167.3537557372388,20,1440,13.506902777777777
2020-09-11,203.6678349308929,20,1440,14.3735625
2020-09-12,233.26054127631275,20,1440,15.099673611111111
2020-09-13,176.54527083333335,20,1440,16.066395833333335
2020-09-14,180.26647569444444,20,1440,18.153125
2020-09-15,190.74505555555555,20,1440,18.095805555555554
2020-09-16,174.2516909722222,20,1440,17.338631944444444
2020-09-17,164.89038194444444,20,1440,17.67626388888889
2020-09-18,163.93792708333334,20,1440,17.403194444444445
2020-09-19,159.2060798611111,20,1440,14.484770833333332
2020-09-20,182.1644201388889,20,1440,12.88093611111111
2020-09-21,170.72273611111112,20,1440,12.743986111111111
2020-09-22,171.17181597222222,20,1440,13.883708333333335
2020-09-23,155.75087847222224,20,1440,11.406847222222222
2020-09-24,178.60054166666666,20,1440,10.650395833333333
2020-09-25,163.87271875,20,1440,11.09979861111111
2020-09-26,173.76232638888888,20,1440,9.283477083333334
2020-09-27,194.31086458333334,20,1440,11.657428472222222
2020-09-28,165.33507291666666,20,1440,13.086647222222222
2020-09-29,176.87663194444445,20,1440,12.41151736111111
2020-09-30,171.6401111111111,20,1440,11.54255486111111
2020-10-01,218.01080555555555,20,1440,8.688068055555554
2020-10-02,229.57638541666665,20,1440,11.089806944444444
2020-10-03,243.2949444444444,20,1440,11.101381944444444
2020-10-04,186.48568055555555,20,1440,11.73404861111111
2020-10-05,170.56982638888888,20,1440,12.328944444444444
2020-10-06,149.78458680555556,20,1440,12.4953125
2020-10-07,148.80443055555557,20,1440,12.77534027777778
2020-10-08,181.5832465277778,20,1440,11.780826388888888
2020-10-09,168.73459027777778,20,1440,11.472673611111112
2020-10-10,207.92667024732052,20,1440,11.641534722222223
2020-10-11,199.19125580229777,20,1440,11.62657638888889
2020-10-12,219.72662950593724,20,1440,11.999368055555555
2020-10-13,177.05480902777776,20,1440,11.503861111111112
2020-10-14,186.7712013888889,20,1440,10.40705486111111
2020-10-15,163.92144097222223,20,1440,9.687252777777777
2020-10-16,163.15456597222223,20,1440,11.097826388888889
2020-10-17,179.15279513888888,20,1440,11.273423611111111
2020-10-18,196.86472222222224,20,1440,13.553652777777776
2020-10-19,196.9171770833333,20,1440,13.8309375
2020-10-20,183.95671875,20,1440,12.956652777777778
2020-10-21,178.17247569444444,20,1440,11.098194444444443
2020-10-22,172.75583333333333,20,1440,9.659683333333334
2020-10-23,170.43473958333334,20,1440,10.975944444444444
2020-10-24,193.30840277777776,20,1440,10.612895833333333
2020-10-25,204.78285416666665,20,1440,10.051338888888889
2020-10-26,202.94592708333334,20,1440,10.786277777777778
2020-10-27,200.57341319444447,20,1440,10.420761805555555
2020-10-28,199.0516284722222,20,1440,9.714727777777778
2020-10-29,202.43037152777777,20,1440,13.442020833333332
2020-10-30,189.6059722222222,20,1440,11.327722222222222
2020-10-31,230.14263194444445,20,1440,10.9285625
2020-11-01,235.99220833333337,20,1440,11.072475694444444
2020-11-02,192.6942326388889,20,1440,9.222111111111111
2020-11-03,238.62264930555554,20,1440,8.559132638888888
2020-11-04,197.33295486111112,20,1440,7.426590277777779
2020-11-05,175.36696875,20,1440,5.394980555555556
2020-11-06,147.0759375,20,1440,9.383129166666667
2020-11-07,135.92697222222222,20,1440,12.712722222222222
2020-11-08,172.21833333333333,20,1440,13.658819444444445
2020-11-09,176.73467013888887,20,1440,12.023284722222222
2020-11-10,188.08615325246743,20,1440,11.5000625
2020-11-11,202.64168937466266,20,1440,11.349631944444443
2020-11-12,196.09543870815259,20,1440,10.21598611111111
2020-11-13,198.59480500730993,20,1440,9.665559722222223
2020-11-14,236.67765935672514,20,1440,10.937979166666667
2020-11-15,219.10365953947365,20,1440,9.70566736111111
2020-11-16,211.18810416666668,20,1440,11.796513888888889
2020-11-17,206.6849168494152,20,1440,13.11561111111111
2020-11-18,202.57998346734894,20,1440,10.0734375
2020-11-19,203.52348263888888,20,1440,9.34136111111111
2020-11-20,226.12053819444446,20,1440,11.603270833333333
2020-11-21,223.6814097222222,20,1440,10.714247222222221
2020-11-22,219.4895590277778,20,1440,7.060667361111111
2020-11-23,219.75461111111113,20,1440,11.047661805555556
2020-11-24,214.95328124999997,20,1440,9.135105555555555
2020-11-25,217.51609027777778,20,1440,7.84234375
2020-11-26,219.01671180555556,20,1440,6.750588194444444
2020-11-27,200.87850694444444,20,1440,7.649290277777777
2020-11-28,210.62743055555555,20,1440,9.712918055555557
2020-11-29,222.90393402777775,20,1440,9.287638888888889
2020-11-30,219.94439583333332,20,1440,9.996592361111112
2020-12-01,239.56184375,20,1440,10.401388888888889
2020-12-02,206.55480555555553,20,1440,8.675418749999999
2020-12-03,230.69509722222222,20,1440,5.253734027777778
2020-12-04,186.67384375,20,1440,6.31245625
2020-12-05,176.25508333333335,20,1440,7.937975694444444
2020-12-06,146.56237847222224,20,1440,5.950017361111111
2020-12-07,145.7216585988562,20,1440,3.845036111111111
2020-12-08,169.19700112336602,20,1440,5.762723611111111
2020-12-09,184.69006944444445,20,1440,8.822484722222223
2020-12-10,175.97175316620402,20,1440,9.82357638888889
2020-12-11,200.33059058379598,19,1440,8.993169444444446
2020-12-12,200.14205555555554,19,1440,8.106483333333333
2020-12-13,230.14753125000001,19,1440,11.135055555555555
2020-12-14,225.6673125,19,1440,8.82182361111111
2020-12-15,222.05668402777778,19,1440,8.322147916666667
2020-12-16,229.25130208333334,19,1440,9.030236111111112
2020-12-17,250.49522916666666,19,1440,10.504025694444445
2020-12-18,223.58723958333334,19,1440,10.632979166666667
2020-12-19,261.1881701388889,19,1440,8.443495833333333
2020-12-20,238.03066319444446,19,1440,7.943504861111112
2020-12-21,249.05785416666666,19,1440,9.240729166666666
2020-12-22,249.79197569444446,19,1440,4.771550694444445
2020-12-23,262.18368055555555,19,1440,6.995201388888889
2020-12-24,292.35935416666666,19,1440,6.917557638888889
2020-12-25,305.5854375,19,1440,6.024211111111111
2020-12-26,264.4820798611111,19,1440,9.630992361111112
2020-12-27,265.4865277777778,19,1440,6.300990277777777
2020-12-28,276.3995625,19,1440,7.172324305555557
2020-12-29,266.05153125000004,19,1440,6.1854611111111115
2020-12-30,236.02003125,19,1440,5.346577083333333
2020-12-31,260.75968728283533,18,1439,5.629215972222222
