Date,ReleasedProcessedConsumptionKWh,MinimumHomesPresent,MaximumHomesPresent,Minutes,ReleasedGridComplete,ReleasedGridCompleteConsumptionKWh,AmbientTemperatureC
2020-01-01,311.446935,0,20,1440,False,,9.632722222222222
2020-01-02,269.94802000000004,20,20,1440,True,269.94802000000004,10.426665972222223
2020-01-03,287.779465,20,20,1440,True,287.779465,7.950279166666666
2020-01-04,300.9471,20,20,1440,True,300.9471,8.957248611111112
2020-01-05,60.168405,20,20,1440,True,60.168405,9.98713888888889
2020-01-06,208.25615500000004,20,20,1440,True,208.25615500000004,9.684006944444445
2020-01-07,213.758755,20,20,1440,True,213.758755,11.423590277777778
2020-01-08,285.47344499999997,20,20,1440,True,285.47344499999997,7.9129625
2020-01-09,234.299055,20,20,1440,True,234.299055,5.781454166666666
2020-01-10,236.649265,20,20,1440,True,236.649265,8.971068055555556
2020-01-11,339.42882000000003,20,20,1440,True,339.42882000000003,10.330730555555556
2020-01-12,295.67720999999995,20,20,1440,True,295.67720999999995,7.285615277777778
2020-01-13,335.749445,20,20,1440,True,335.749445,8.343524305555555
2020-01-14,310.40612,20,20,1440,True,310.40612,5.8703
2020-01-15,316.757975,20,20,1440,True,316.757975,7.563674999999999
2020-01-16,365.39932,20,20,1440,True,365.39932,8.919435416666666
2020-01-17,369.59181,20,20,1440,True,369.59181,4.912938194444445
2020-01-18,323.46688,20,20,1440,True,323.46688,4.843070833333333
2020-01-19,378.63385,20,20,1440,True,378.63385,5.569175
2020-01-20,313.69784000000004,20,20,1440,True,313.69784000000004,8.258370833333334
2020-01-21,307.43064999999996,20,20,1440,True,307.43064999999996,8.500254861111111
2020-01-22,287.670235,20,20,1440,True,287.670235,9.11538125
2020-01-23,277.03877,20,20,1440,True,277.03877,7.163960416666666
2020-01-24,282.11153,20,20,1440,True,282.11153,7.077994444444444
2020-01-25,269.417555,20,20,1440,True,269.417555,8.49052986111111
2020-01-26,299.95696999999996,20,20,1440,True,299.95696999999996,7.24945
2020-01-27,287.24374,20,20,1440,True,287.24374,5.124209027777778
2020-01-28,295.003725,20,20,1440,True,295.003725,5.942895138888889
2020-01-29,281.03458499999994,20,20,1440,True,281.03458499999994,8.840315277777778
2020-01-30,262.220555,20,20,1440,True,262.220555,10.11701388888889
2020-01-31,251.57809000000003,20,20,1440,True,251.57809000000003,10.880506944444445
2020-02-01,267.03269,20,20,1440,True,267.03269,8.42049375
2020-02-02,272.70731,20,20,1440,True,272.70731,10.36787013888889
2020-02-03,304.33845499999995,20,20,1440,True,304.33845499999995,7.728763194444444
2020-02-04,289.98992499999997,20,20,1440,True,289.98992499999997,7.536915972222222
2020-02-05,60.77907,20,20,1440,True,60.77907,7.528495833333333
2020-02-06,226.20128999999997,20,20,1440,True,226.20128999999997,8.764375000000001
2020-02-07,229.20776,20,20,1440,True,229.20776,8.80994861111111
2020-02-08,249.133505,20,20,1440,True,249.133505,8.888790972222223
2020-02-09,273.71751,20,20,1440,True,273.71751,10.10961388888889
2020-02-10,256.55102500000004,20,20,1440,True,256.55102500000004,6.093389583333333
2020-02-11,317.04271,20,20,1440,True,317.04271,5.471330555555555
2020-02-12,335.16438,20,20,1440,True,335.16438,6.260474305555556
2020-02-13,274.79454000000004,20,20,1440,True,274.79454000000004,8.364399305555557
2020-02-14,292.03465,20,20,1440,True,292.03465,9.899035416666667
2020-02-15,296.84548,20,20,1440,True,296.84548,9.942425
2020-02-16,289.633475,20,20,1440,True,289.633475,6.775452083333334
2020-02-17,274.14456,20,20,1440,True,274.14456,6.819285416666667
2020-02-18,269.394075,20,20,1440,True,269.394075,7.232818055555556
2020-02-19,314.749465,20,20,1440,True,314.749465,9.404886805555556
2020-02-20,302.100205,20,20,1440,True,302.100205,6.883029166666667
2020-02-21,349.37242000000003,20,20,1440,True,349.37242000000003,10.150729166666666
2020-02-22,333.89140999999995,20,20,1440,True,333.89140999999995,8.974941666666666
2020-02-23,323.494275,20,20,1440,True,323.494275,8.695493055555556
2020-02-24,335.09828000000005,20,20,1440,True,335.09828000000005,9.14670625
2020-02-25,306.57925,20,20,1440,True,306.57925,5.399175694444445
2020-02-26,308.160555,20,20,1440,True,308.160555,5.397095833333333
2020-02-27,296.801735,20,20,1440,True,296.801735,6.122556944444445
2020-02-28,295.04242999999997,20,20,1440,True,295.04242999999997,9.886047916666666
2020-02-29,332.42197,20,20,1440,True,332.42197,5.261157638888889
2020-03-01,272.248765,20,20,1440,True,272.248765,5.703101388888889
2020-03-02,288.24672,20,20,1440,True,288.24672,5.5349868055555556
2020-03-03,289.15236,20,20,1440,True,289.15236,6.024891666666666
2020-03-04,286.34290000000004,20,20,1440,True,286.34290000000004,6.165176388888889
2020-03-05,41.726324999999996,20,20,1440,True,41.726324999999996,5.247101388888889
2020-03-06,223.168875,20,20,1440,True,223.168875,8.315104861111111
2020-03-07,245.31041,20,20,1440,True,245.31041,10.651493055555555
2020-03-08,230.637675,20,20,1440,True,230.637675,8.162875694444445
2020-03-09,249.632275,20,20,1440,True,249.632275,9.787762500000001
2020-03-10,279.031515,20,20,1440,True,279.031515,10.046252083333332
2020-03-11,293.46116500000005,20,20,1440,True,293.46116500000005,7.847711111111111
2020-03-12,328.8075,20,20,1440,True,328.8075,6.853705555555555
2020-03-13,373.396215,20,20,1440,True,373.396215,8.233422222222222
2020-03-14,359.12007,20,20,1440,True,359.12007,9.164922916666667
2020-03-15,351.08346,20,20,1440,True,351.08346,6.911671527777778
2020-03-16,390.30987,20,20,1440,True,390.30987,7.909583333333333
2020-03-17,320.86638999999997,20,20,1440,True,320.86638999999997,10.103220833333333
2020-03-18,347.09366000000006,20,20,1440,True,347.09366000000006,6.424186111111111
2020-03-19,322.37340500000005,20,20,1440,True,322.37340500000005,6.5581659722222225
2020-03-20,324.06007,20,20,1440,True,324.06007,6.085508333333333
2020-03-21,333.333245,20,20,1440,True,333.333245,6.647590972222223
2020-03-22,325.30103499999996,20,20,1440,True,325.30103499999996,8.456255555555556
2020-03-23,326.72930500000007,20,20,1440,True,326.72930500000007,8.767379861111111
2020-03-24,334.70321499999994,20,20,1440,True,334.70321499999994,9.284048611111112
2020-03-25,325.16864000000004,20,20,1440,True,325.16864000000004,10.467770833333333
2020-03-26,285.671725,20,20,1440,True,285.671725,9.433869444444445
2020-03-27,310.107055,20,20,1440,True,310.107055,9.56340138888889
2020-03-28,282.94566,20,20,1440,True,282.94566,9.453663888888888
2020-03-29,283.21939000000003,20,20,1440,True,283.21939000000003,6.07674513888889
2020-03-30,289.58754000000005,20,20,1440,True,289.58754000000005,6.7691638888888885
2020-03-31,303.911055,20,20,1440,True,303.911055,7.919403472222223
2020-04-01,285.462105,20,20,1440,True,285.462105,7.883821527777777
2020-04-02,254.399125,20,20,1440,True,254.399125,9.347491666666667
2020-04-03,300.40627499999994,20,20,1440,True,300.40627499999994,8.523066666666667
2020-04-04,278.82339,20,20,1440,True,278.82339,10.179818055555556
2020-04-05,68.484015,20,20,1440,True,68.484015,11.551879166666666
2020-04-06,225.67024500000002,20,20,1440,True,225.67024500000002,9.369440972222224
2020-04-07,243.54424,20,20,1440,True,243.54424,9.982002777777778
2020-04-08,214.315845,20,20,1440,True,214.315845,9.640711111111111
2020-04-09,238.327185,20,20,1440,True,238.327185,11.981822222222222
2020-04-10,262.41427500000003,20,20,1440,True,262.41427500000003,12.417208333333333
2020-04-11,293.51988,20,20,1440,True,293.51988,9.941541666666666
2020-04-12,315.35050500000006,20,20,1440,True,315.35050500000006,8.921243055555555
2020-04-13,284.747385,20,20,1440,True,284.747385,10.794421527777779
2020-04-14,273.160455,20,20,1440,True,273.160455,8.430447916666667
2020-04-15,246.09333,20,20,1440,True,246.09333,8.23436388888889
2020-04-16,265.67592999999994,20,20,1440,True,265.67592999999994,12.109285416666665
2020-04-17,252.027835,20,20,1440,True,252.027835,12.585312499999999
2020-04-18,268.46558,20,20,1440,True,268.46558,12.399368055555556
2020-04-19,255.009,20,20,1440,True,255.009,12.28338888888889
2020-04-20,266.09522,20,20,1440,True,266.09522,13.177686805555554
2020-04-21,254.43395,20,20,1440,True,254.43395,9.883327083333333
2020-04-22,253.63575500000002,20,20,1440,True,253.63575500000002,12.866576388888888
2020-04-23,245.65641856275303,20,20,1440,True,245.65641856275303,11.678609722222223
2020-04-24,272.9147764372469,20,20,1440,True,272.9147764372469,11.215260416666666
2020-04-25,255.87385,20,20,1440,True,255.87385,11.611979166666666
2020-04-26,246.00671000000003,20,20,1440,True,246.00671000000003,10.976930555555557
2020-04-27,247.542125,20,20,1440,True,247.542125,10.328076388888888
2020-04-28,166.346595,20,20,1440,True,166.346595,9.6445125
2020-04-29,54.64578999999999,20,20,1440,True,54.64578999999999,8.093552083333334
2020-04-30,85.62395499999998,20,20,1440,True,85.62395499999998,8.02418125
2020-05-01,303.83168499999994,20,20,1440,True,303.83168499999994,9.473672916666667
2020-05-02,249.47042000000002,20,20,1440,True,249.47042000000002,9.102207638888888
2020-05-03,319.30003000000005,20,20,1440,True,319.30003000000005,11.165000000000001
2020-05-04,281.091745,20,20,1440,True,281.091745,13.60970138888889
2020-05-05,108.37303,20,20,1440,True,108.37303,12.226729166666669
2020-05-06,237.83380499999998,20,20,1440,True,237.83380499999998,12.7104375
2020-05-07,235.59659499999998,20,20,1440,True,235.59659499999998,12.694749999999999
2020-05-08,245.03584,20,20,1440,True,245.03584,13.58288888888889
2020-05-09,266.59457999999995,20,20,1440,True,266.59457999999995,14.267138888888889
2020-05-10,269.23770499999995,20,20,1440,True,269.23770499999995,12.4496875
2020-05-11,262.49596499999996,20,20,1440,True,262.49596499999996,8.338989583333333
2020-05-12,338.40765999999996,20,20,1440,True,338.40765999999996,8.719345833333334
2020-05-13,240.71145500000003,20,20,1440,True,240.71145500000003,9.544238888888888
2020-05-14,227.84487,20,20,1440,True,227.84487,8.83223888888889
2020-05-15,231.48151000000001,20,20,1440,True,231.48151000000001,9.740584722222222
2020-05-16,230.07108499999998,20,20,1440,True,230.07108499999998,10.494849305555556
2020-05-17,242.06912000000003,20,20,1440,True,242.06912000000003,12.276826388888889
2020-05-18,246.07254,20,20,1440,True,246.07254,12.862326388888889
2020-05-19,261.05489500000004,20,20,1440,True,261.05489500000004,12.9449375
2020-05-20,247.337405,20,20,1440,True,247.337405,12.808381944444445
2020-05-21,252.05314500000003,20,20,1440,True,252.05314500000003,12.418444444444445
2020-05-22,255.17527,20,20,1440,True,255.17527,12.257291666666667
2020-05-23,271.77692,20,20,1440,True,271.77692,11.827291666666666
2020-05-24,246.41185499999997,20,20,1440,True,246.41185499999997,12.815333333333335
2020-05-25,239.59885500000001,20,20,1440,True,239.59885500000001,12.33913888888889
2020-05-26,247.251115,20,20,1440,True,247.251115,13.339965277777777
2020-05-27,250.47043500000004,20,20,1440,True,250.47043500000004,13.338472222222224
2020-05-28,227.203665,20,20,1440,True,227.203665,18.118402777777778
2020-05-29,224.81248000000002,20,20,1440,True,224.81248000000002,17.994555555555557
2020-05-30,224.71376,20,20,1440,True,224.71376,18.162708333333335
2020-05-31,242.085585,20,20,1440,True,242.085585,18.88107638888889
2020-06-01,338.10092000000003,20,20,1440,True,338.10092000000003,16.569652777777776
2020-06-02,246.522635,20,20,1440,True,246.522635,15.674395833333334
2020-06-03,288.19485,20,20,1440,True,288.19485,13.719618055555555
2020-06-04,298.84417,20,20,1440,True,298.84417,11.782013888888887
2020-06-05,243.70789499999998,20,20,1440,True,243.70789499999998,11.592354166666668
2020-06-06,231.80876500000002,20,20,1440,True,231.80876500000002,9.947805555555556
2020-06-07,245.04933499999999,20,20,1440,True,245.04933499999999,11.491131944444444
2020-06-08,247.15508499999999,20,20,1440,True,247.15508499999999,11.875256944444443
2020-06-09,297.937695,20,20,1440,True,297.937695,12.084819444444443
2020-06-10,265.08295499999997,20,20,1440,True,265.08295499999997,11.584458333333332
2020-06-11,271.212205,20,20,1440,True,271.212205,13.988715277777779
2020-06-12,315.607375,20,20,1440,True,315.607375,13.848625
2020-06-13,216.028435,20,20,1440,True,216.028435,15.078208333333333
2020-06-14,231.591615,20,20,1440,True,231.591615,14.651263888888888
2020-06-15,226.182235,20,20,1440,True,226.182235,13.914868055555555
2020-06-16,241.09788,20,20,1440,True,241.09788,12.860236111111112
2020-06-17,232.86738,20,20,1440,True,232.86738,12.983
2020-06-18,215.216195,20,20,1440,True,215.216195,12.798166666666667
2020-06-19,226.29208,20,20,1440,True,226.29208,12.841506944444445
2020-06-20,259.09157,20,20,1440,True,259.09157,13.878215277777779
2020-06-21,235.67300500000002,20,20,1440,True,235.67300500000002,13.85
2020-06-22,245.752445,20,20,1440,True,245.752445,14.412069444444445
2020-06-23,238.28592999999998,20,20,1440,True,238.28592999999998,13.146013888888888
2020-06-24,223.34250500000002,20,20,1440,True,223.34250500000002,14.104131944444445
2020-06-25,213.313175,20,20,1440,True,213.313175,15.450701388888888
2020-06-26,197.26978999999997,20,20,1440,True,197.26978999999997,13.7091875
2020-06-27,227.91323500000001,20,20,1440,True,227.91323500000001,13.002576388888889
2020-06-28,218.394965,20,20,1440,True,218.394965,13.092756944444444
2020-06-29,219.981295,20,20,1440,True,219.981295,12.875833333333334
2020-06-30,222.16773999999998,20,20,1440,True,222.16773999999998,12.870534722222223
2020-07-01,310.68251000000004,20,20,1440,True,310.68251000000004,12.926604166666667
2020-07-02,288.52307,20,20,1440,True,288.52307,13.695500000000001
2020-07-03,339.19760499999995,20,20,1440,True,339.19760499999995,14.50945138888889
2020-07-04,273.596,20,20,1440,True,273.596,14.672340277777776
2020-07-05,253.48611499999998,20,20,1440,True,253.48611499999998,13.588006944444444
2020-07-06,218.97269500000002,20,20,1440,True,218.97269500000002,13.56053472222222
2020-07-07,231.53753500000002,20,20,1440,True,231.53753500000002,13.971368055555557
2020-07-08,259.786345,20,20,1440,True,259.786345,14.704131944444445
2020-07-09,278.95994,20,20,1440,True,278.95994,13.909895833333334
2020-07-10,296.24152000000004,20,20,1440,True,296.24152000000004,13.061159722222222
2020-07-11,295.59603500000003,20,20,1440,True,295.59603500000003,12.368707638888887
2020-07-12,339.56477,20,20,1440,True,339.56477,14.257895833333333
2020-07-13,216.97161779837774,20,20,1440,True,216.97161779837774,14.420208333333333
2020-07-14,201.47204446189625,20,20,1440,True,201.47204446189625,13.60032638888889
2020-07-15,237.94667773972603,20,20,1440,True,237.94667773972603,14.330152777777776
2020-07-16,218.18770703703703,20,20,1440,True,218.18770703703703,15.262444444444442
2020-07-17,231.74909796296296,20,20,1440,True,231.74909796296296,15.86401388888889
2020-07-18,251.93415,20,20,1440,True,251.93415,14.434958333333334
2020-07-19,236.094835,20,20,1440,True,236.094835,13.969930555555557
2020-07-20,242.42172000000002,20,20,1440,True,242.42172000000002,13.164419444444444
2020-07-21,234.44614833333335,20,20,1440,True,234.44614833333335,13.60818125
2020-07-22,242.30030666666667,20,20,1440,True,242.30030666666667,16.0084375
2020-07-23,241.63514500000002,20,20,1440,True,241.63514500000002,14.978618055555556
2020-07-24,248.639195,20,20,1440,True,248.639195,15.35045138888889
2020-07-25,260.78544,20,20,1440,True,260.78544,14.999215277777777
2020-07-26,257.956875,20,20,1440,True,257.956875,14.678652777777776
2020-07-27,227.24671999999998,20,20,1440,True,227.24671999999998,15.095694444444444
2020-07-28,224.755845,20,20,1440,True,224.755845,14.476222222222221
2020-07-29,251.04266,20,20,1440,True,251.04266,14.524729166666667
2020-07-30,244.96955000000003,20,20,1440,True,244.96955000000003,16.967020833333333
2020-07-31,240.91995500000002,20,20,1440,True,240.91995500000002,16.241555555555557
2020-08-01,320.72712,20,20,1440,True,320.72712,14.608159722222222
2020-08-02,291.15124,20,20,1440,True,291.15124,14.47509027777778
2020-08-03,308.11916499999995,20,20,1440,True,308.11916499999995,14.98825
2020-08-04,289.992365,20,20,1440,True,289.992365,16.69186111111111
2020-08-05,248.24434999999997,20,20,1440,True,248.24434999999997,15.908611111111112
2020-08-06,215.048985,20,20,1440,True,215.048985,16.638631944444445
2020-08-07,241.19644,20,20,1440,True,241.19644,16.139756944444443
2020-08-08,272.06981,20,20,1440,True,272.06981,14.429326388888889
2020-08-09,281.38321,20,20,1440,True,281.38321,15.49259027777778
2020-08-10,254.644375,20,20,1440,True,254.644375,16.949854166666668
2020-08-11,317.531045,20,20,1440,True,317.531045,16.089534722222222
2020-08-12,331.434185,20,20,1440,True,331.434185,16.629680555555556
2020-08-13,260.56446,20,20,1440,True,260.56446,17.670673611111113
2020-08-14,242.64841000000004,20,20,1440,True,242.64841000000004,18.294666666666668
2020-08-15,267.515235,20,20,1440,True,267.515235,17.314506944444442
2020-08-16,299.97045999999995,20,20,1440,True,299.97045999999995,17.529374999999998
2020-08-17,262.04898833333334,20,20,1440,True,262.04898833333334,16.749465277777777
2020-08-18,273.32606740196076,20,20,1440,True,273.32606740196076,17.00347222222222
2020-08-19,246.2592592647059,20,20,1440,True,246.2592592647059,16.412736111111112
2020-08-20,257.062035,20,20,1440,True,257.062035,15.901020833333334
2020-08-21,240.44147,20,20,1440,True,240.44147,15.756472222222222
2020-08-22,254.66314500000001,20,20,1440,True,254.66314500000001,15.045
2020-08-23,265.525575,20,20,1440,True,265.525575,14.939965277777777
2020-08-24,237.352575,20,20,1440,True,237.352575,15.51457638888889
2020-08-25,240.48894,20,20,1440,True,240.48894,15.699583333333335
2020-08-26,266.88656999999995,20,20,1440,True,266.88656999999995,15.442486111111112
2020-08-27,249.58489999999998,20,20,1440,True,249.58489999999998,15.33020138888889
2020-08-28,249.5861,20,20,1440,True,249.5861,14.709097222222221
2020-08-29,253.94048999999998,20,20,1440,True,253.94048999999998,13.70897222222222
2020-08-30,242.08640000000003,20,20,1440,True,242.08640000000003,13.003666666666666
2020-08-31,258.938115,20,20,1440,True,258.938115,14.370555555555555
2020-09-01,310.263735,20,20,1440,True,310.263735,15.230187500000001
2020-09-02,303.59397,20,20,1440,True,303.59397,16.129416666666668
2020-09-03,324.22515500000003,20,20,1440,True,324.22515500000003,15.014833333333334
2020-09-04,262.6949,20,20,1440,True,262.6949,14.294541666666666
2020-09-05,261.63521999999995,20,20,1440,True,261.63521999999995,14.432138888888888
2020-09-06,226.599195,20,20,1440,True,226.599195,14.92807638888889
2020-09-07,215.69153999999997,20,20,1440,True,215.69153999999997,15.4385625
2020-09-08,258.799375,20,20,1440,True,258.799375,16.11832638888889
2020-09-09,236.70477000000002,20,20,1440,True,236.70477000000002,14.238993055555557
2020-09-10,240.46740500000004,20,20,1440,True,240.46740500000004,13.506902777777777
2020-09-11,290.11146499999995,20,20,1440,True,290.11146499999995,14.3735625
2020-09-12,340.37011,20,20,1440,True,340.37011,15.099673611111111
2020-09-13,253.449535,20,20,1440,True,253.449535,16.066395833333335
2020-09-14,259.519665,20,20,1440,True,259.519665,18.153125
2020-09-15,276.252705,20,20,1440,True,276.252705,18.095805555555554
2020-09-16,250.75090500000002,20,20,1440,True,250.75090500000002,17.338631944444444
2020-09-17,236.96773,20,20,1440,True,236.96773,17.67626388888889
2020-09-18,235.07222499999997,20,20,1440,True,235.07222499999997,17.403194444444445
2020-09-19,229.89630499999998,20,20,1440,True,229.89630499999998,14.484770833333332
2020-09-20,263.598235,20,20,1440,True,263.598235,12.88093611111111
2020-09-21,244.744745,20,20,1440,True,244.744745,12.743986111111111
2020-09-22,248.38367499999998,20,20,1440,True,248.38367499999998,13.883708333333335
2020-09-23,223.986495,20,20,1440,True,223.986495,11.406847222222222
2020-09-24,254.406945,20,20,1440,True,254.406945,10.650395833333333
2020-09-25,236.71023499999998,20,20,1440,True,236.71023499999998,11.09979861111111
2020-09-26,249.91751499999998,20,20,1440,True,249.91751499999998,9.283477083333334
2020-09-27,282.09847499999995,20,20,1440,True,282.09847499999995,11.657428472222222
2020-09-28,238.70642500000002,20,20,1440,True,238.70642500000002,13.086647222222222
2020-09-29,253.37964000000002,20,20,1440,True,253.37964000000002,12.41151736111111
2020-09-30,246.08854499999998,20,20,1440,True,246.08854499999998,11.54255486111111
2020-10-01,311.96824499999997,20,20,1440,True,311.96824499999997,8.688068055555554
2020-10-02,331.15805000000006,20,20,1440,True,331.15805000000006,11.089806944444444
2020-10-03,350.49858,20,20,1440,True,350.49858,11.101381944444444
2020-10-04,267.40310999999997,20,20,1440,True,267.40310999999997,11.73404861111111
2020-10-05,249.26628499999998,20,20,1440,True,249.26628499999998,12.328944444444444
2020-10-06,213.04865999999998,20,20,1440,True,213.04865999999998,12.4953125
2020-10-07,215.07997500000002,20,20,1440,True,215.07997500000002,12.77534027777778
2020-10-08,263.3654250000001,20,20,1440,True,263.3654250000001,11.780826388888888
2020-10-09,242.306035,20,20,1440,True,242.306035,11.472673611111112
2020-10-10,299.730485,20,20,1440,True,299.730485,11.641534722222223
2020-10-11,284.39188,20,20,1440,True,284.39188,11.62657638888889
2020-10-12,318.437265,20,20,1440,True,318.437265,11.999368055555555
2020-10-13,253.28583999999998,20,20,1440,True,253.28583999999998,11.503861111111112
2020-10-14,268.302545,20,20,1440,True,268.302545,10.40705486111111
2020-10-15,237.76395,20,20,1440,True,237.76395,9.687252777777777
2020-10-16,234.36905000000002,20,20,1440,True,234.36905000000002,11.097826388888889
2020-10-17,258.142425,20,20,1440,True,258.142425,11.273423611111111
2020-10-18,283.33166500000004,20,20,1440,True,283.33166500000004,13.553652777777776
2020-10-19,284.98608,20,20,1440,True,284.98608,13.8309375
2020-10-20,265.097265,20,20,1440,True,265.097265,12.956652777777778
2020-10-21,256.05821999999995,20,20,1440,True,256.05821999999995,11.098194444444443
2020-10-22,247.77655,20,20,1440,True,247.77655,9.659683333333334
2020-10-23,246.753245,20,20,1440,True,246.753245,10.975944444444444
2020-10-24,275.662275,20,20,1440,True,275.662275,10.612895833333333
2020-10-25,296.40820499999995,20,20,1440,True,296.40820499999995,10.051338888888889
2020-10-26,293.75632,20,20,1440,True,293.75632,10.786277777777778
2020-10-27,287.773385,20,20,1440,True,287.773385,10.420761805555555
2020-10-28,286.11268,20,20,1440,True,286.11268,9.714727777777778
2020-10-29,292.9926,20,20,1440,True,292.9926,13.442020833333332
2020-10-30,271.40169999999995,20,20,1440,True,271.40169999999995,11.327722222222222
2020-10-31,329.349575,20,20,1440,True,329.349575,10.9285625
2020-11-01,340.98528000000005,20,20,1440,True,340.98528000000005,11.072475694444444
2020-11-02,275.696005,20,20,1440,True,275.696005,9.222111111111111
2020-11-03,344.764445,20,20,1440,True,344.764445,8.559132638888888
2020-11-04,286.60428,20,20,1440,True,286.60428,7.426590277777779
2020-11-05,253.57045000000002,20,20,1440,True,253.57045000000002,5.394980555555556
2020-11-06,211.99310999999997,20,20,1440,True,211.99310999999997,9.383129166666667
2020-11-07,194.306345,20,20,1440,True,194.306345,12.712722222222222
2020-11-08,247.71233499999997,20,20,1440,True,247.71233499999997,13.658819444444445
2020-11-09,254.245005,20,20,1440,True,254.245005,12.023284722222222
2020-11-10,271.66057,20,20,1440,True,271.66057,11.5000625
2020-11-11,291.05431999999996,20,20,1440,True,291.05431999999996,11.349631944444443
2020-11-12,283.040525,20,20,1440,True,283.040525,10.21598611111111
2020-11-13,283.1682994736842,20,20,1440,True,283.1682994736842,9.665559722222223
2020-11-14,341.2365197368421,20,20,1440,True,341.2365197368421,10.937979166666667
2020-11-15,316.64043,20,20,1440,True,316.64043,9.70566736111111
2020-11-16,305.4137552631579,20,20,1440,True,305.4137552631579,11.796513888888889
2020-11-17,297.3088155263158,20,20,1440,True,297.3088155263158,13.11561111111111
2020-11-18,290.664885,20,20,1440,True,290.664885,10.0734375
2020-11-19,293.158365,20,20,1440,True,293.158365,9.34136111111111
2020-11-20,323.100495,20,20,1440,True,323.100495,11.603270833333333
2020-11-21,323.679865,20,20,1440,True,323.679865,10.714247222222221
2020-11-22,317.23419,20,20,1440,True,317.23419,7.060667361111111
2020-11-23,317.41149499999995,20,20,1440,True,317.41149499999995,11.047661805555556
2020-11-24,308.14936,20,20,1440,True,308.14936,9.135105555555555
2020-11-25,313.40004,20,20,1440,True,313.40004,7.84234375
2020-11-26,315.28173,20,20,1440,True,315.28173,6.750588194444444
2020-11-27,286.992135,20,20,1440,True,286.992135,7.649290277777777
2020-11-28,304.55695999999995,20,20,1440,True,304.55695999999995,9.712918055555557
2020-11-29,321.651755,20,20,1440,True,321.651755,9.287638888888889
2020-11-30,315.30429499999997,20,20,1440,True,315.30429499999997,9.996592361111112
2020-12-01,346.87521499999997,20,20,1440,True,346.87521499999997,10.401388888888889
2020-12-02,295.151625,20,20,1440,True,295.151625,8.675418749999999
2020-12-03,333.77261,20,20,1440,True,333.77261,5.253734027777778
2020-12-04,270.142945,20,20,1440,True,270.142945,6.31245625
2020-12-05,254.72914,20,20,1440,True,254.72914,7.937975694444444
2020-12-06,212.77226499999998,20,20,1440,True,212.77226499999998,5.950017361111111
2020-12-07,207.53476,20,20,1440,True,207.53476,3.845036111111111
2020-12-08,243.30062,20,20,1440,True,243.30062,5.762723611111111
2020-12-09,265.33997,20,20,1440,True,265.33997,8.822484722222223
2020-12-10,254.29431,20,20,1440,True,254.29431,9.82357638888889
2020-12-11,287.91182000000003,20,20,1440,True,287.91182000000003,8.993169444444446
2020-12-12,287.968365,19,19,1440,False,,8.106483333333333
2020-12-13,329.09481,19,19,1440,False,,11.135055555555555
2020-12-14,322.552075,19,19,1440,False,,8.82182361111111
2020-12-15,323.95208999999994,19,19,1440,False,,8.322147916666667
2020-12-16,327.81516500000004,19,19,1440,False,,9.030236111111112
2020-12-17,361.99742000000003,19,19,1440,False,,10.504025694444445
2020-12-18,320.48276,19,19,1440,False,,10.632979166666667
2020-12-19,372.611625,19,19,1440,False,,8.443495833333333
2020-12-20,346.87005,19,19,1440,False,,7.943504861111112
2020-12-21,358.312735,19,19,1440,False,,9.240729166666666
2020-12-22,359.396275,19,19,1440,False,,4.771550694444445
2020-12-23,376.998665,19,19,1440,False,,6.995201388888889
2020-12-24,417.40499,19,19,1440,False,,6.917557638888889
2020-12-25,439.907125,19,19,1440,False,,6.024211111111111
2020-12-26,383.030235,19,19,1440,False,,9.630992361111112
2020-12-27,382.19381999999996,19,19,1440,False,,6.300990277777777
2020-12-28,393.43433999999996,19,19,1440,False,,7.172324305555557
2020-12-29,386.90702999999996,19,19,1440,False,,6.1854611111111115
2020-12-30,343.46033500000004,19,19,1440,False,,5.346577083333333
2020-12-31,371.489985,19,19,1440,False,,5.629215972222222
