Day,Strategy,Status,ErrorIdentifier,ErrorMessage,WallTimeSeconds,BatteryCapacityKWh,BatteryPowerKW,BaselineBillEUR,OptimizedBillEUR,SavingsEUR,SavingsPercent,BaselinePeakImportKW,PeakImportKW,DaytimePeakImportKW,ImportSpreadKW,TotalGridImportKWh,TotalBatteryThroughputKWh,EnergyBalanceResidualKW,TerminalSocErrorKWh,SimultaneousChargeDischargeKW,MinimumExitFlag
01-Jan-2020,SH_BM,quality_rejected,StoreNet:QualityRejected,"Day 2020-01-01 fails release_literal: physical_incomplete:H1,H2,H3,H4,H5,H6,H7,H8,H9,H10,H11,H12,H13,H14,H15,H16,H17,H18,H19,H20.",0,10,3.3,NaN,NaN,NaN,NaN,NaN,NaN,NaN,NaN,NaN,NaN,NaN,NaN,NaN,NaN
01-Jan-2020,VPP_BM,quality_rejected,StoreNet:QualityRejected,"Day 2020-01-01 fails release_literal: physical_incomplete:H1,H2,H3,H4,H5,H6,H7,H8,H9,H10,H11,H12,H13,H14,H15,H16,H17,H18,H19,H20.",0,10,3.3,NaN,NaN,NaN,NaN,NaN,NaN,NaN,NaN,NaN,NaN,NaN,NaN,NaN,NaN
01-Jan-2020,PS,quality_rejected,StoreNet:QualityRejected,"Day 2020-01-01 fails release_literal: physical_incomplete:H1,H2,H3,H4,H5,H6,H7,H8,H9,H10,H11,H12,H13,H14,H15,H16,H17,H18,H19,H20.",0,10,3.3,NaN,NaN,NaN,NaN,NaN,NaN,NaN,NaN,NaN,NaN,NaN,NaN,NaN,NaN
01-Jan-2020,PSDT,quality_rejected,StoreNet:QualityRejected,"Day 2020-01-01 fails release_literal: physical_incomplete:H1,H2,H3,H4,H5,H6,H7,H8,H9,H10,H11,H12,H13,H14,H15,H16,H17,H18,H19,H20.",0,10,3.3,NaN,NaN,NaN,NaN,NaN,NaN,NaN,NaN,NaN,NaN,NaN,NaN,NaN,NaN
01-Jan-2020,LL,quality_rejected,StoreNet:QualityRejected,"Day 2020-01-01 fails release_literal: physical_incomplete:H1,H2,H3,H4,H5,H6,H7,H8,H9,H10,H11,H12,H13,H14,H15,H16,H17,H18,H19,H20.",0,10,3.3,NaN,NaN,NaN,NaN,NaN,NaN,NaN,NaN,NaN,NaN,NaN,NaN,NaN,NaN
02-Jan-2020,SH_BM,ok,,"",3.475878625,10,3.3,38.74046168225,27.7379896602636,11.0024720219864,28.4004669645624,18.175861,64.1528157243767,7.076768725,64.1528157243767,263.205606576249,236.692639460412,8.88178419700125e-16,0,0,1
02-Jan-2020,VPP_BM,ok,,"",2.667329375,10,3.3,38.74046168225,24.4515710952055,14.2888905870445,36.8836352654809,18.175861,79.8526431671284,6.66133814775094e-16,79.8526431671284,268.698583463797,308.434210282316,1.36002320516582e-15,0,0,1
02-Jan-2020,PS,ok,,"",4.96480679166667,10,3.3,38.74046168225,36.1715093388375,2.56895234341251,6.63118670211806,18.175861,10.6090591479369,10.6090591479369,0.866486647936885,253.392443513982,71.5301570617546,2.1316282072803e-14,0,0,1
02-Jan-2020,PSDT,ok,,"",3.62998816666667,10,3.3,38.74046168225,24.4515710952055,14.2888905870445,36.8836352654809,18.175861,54.4500589473684,2.22044604925031e-15,54.4500589473684,268.698583463797,308.434210282323,1.95121696577871e-14,0,0,1
02-Jan-2020,LL,ok,,"",3.42172679166667,10,3.3,38.74046168225,36.1722715506065,2.56819013164347,6.62921921970836,18.175861,10.6090581870311,10.6090581870311,0.858078187031072,253.400831114683,71.5320651622031,2.53130849614536e-14,0,0,1
15-Jan-2020,SH_BM,ok,,"",1.03132575,10,3.3,45.07088547,34.1886195929359,10.8822658770641,24.1447794148788,22.857254,67.1001626371191,10.29368,67.1001626371191,300.543613935559,225.641399852825,8.88178419700125e-16,0,0,1
15-Jan-2020,VPP_BM,ok,,"",1.52536891666667,10,3.3,45.07088547,29.2608774081311,15.8100080618689,35.0780950873315,22.857254,84.5514542105263,8.43996556393533,84.5514542105263,307.001192119504,322.266795707504,3.77475828372553e-15,0,0,1
15-Jan-2020,PS,ok,,"",3.75063183333333,10,3.3,45.07088547,41.6570432187123,3.41384225128771,7.57438469577001,22.857254,12.2400586746915,12.2400586746915,2.24127317469146,291.520126822875,114.902549616797,2.69055611124003e-15,0,0,1
15-Jan-2020,PSDT,ok,,"",2.25261670833333,10,3.3,45.07088547,29.2608774081311,15.8100080618689,35.0780950873315,22.857254,84.5514542105263,1.07100930751757,83.4804449030087,307.001207736697,322.268175478917,3.66373598126302e-15,0,0,1
15-Jan-2020,LL,ok,,"",2.63540970833333,10,3.3,45.07088547,41.6572127107025,3.41367275929748,7.57400863927929,22.857254,12.2400595105747,12.2400595105747,2.23945951057471,291.521968743214,114.902450630833,3.03757019537443e-13,0,0,1
16-Jan-2020,SH_BM,ok,,"",0.9135505,10,3.3,53.933752839,42.058744267097,11.875008571903,22.0177679965117,30.6840095,76.3451168698061,18.4186895,76.1133968698061,360.392182587106,255.914357594883,2.72004641033163e-15,0,0,1
16-Jan-2020,VPP_BM,ok,,"",3.41451870833333,10,3.3,53.933752839,39.1521338324814,14.7816190065186,27.4069914078552,30.6840095,69.7450989473684,15.1974295,69.7450989473684,366.516860386773,320.13453448056,1.33226762955019e-14,0,0,1
16-Jan-2020,PS,ok,,"",2.7386175,10,3.3,53.933752839,50.8264192621114,3.10733357688864,5.76138950716906,30.6840095,15.0973359515321,15.0973359515321,5.81637645153207,353.473768034481,131.310130289986,9.82547376793264e-15,0,0,1
16-Jan-2020,PSDT,ok,,"",2.43317558333333,10,3.3,53.933752839,39.1694191697326,14.7643336692674,27.3749422061191,30.6840095,90.5803442105263,4.69925188770757,85.8810923228188,366.605976225562,323.950421897712,4.44089209850063e-15,0,0,1
16-Jan-2020,LL,ok,,"",1.9298625,10,3.3,53.933752839,50.8264861816431,3.10726665735689,5.76126542989234,30.6840095,15.0973350233611,15.0973350233611,5.81562502336107,353.474506513943,131.31014592234,1.37667655053519e-14,0,0,1
01-Feb-2020,SH_BM,ok,,"",0.91970825,10,3.3,40.884242918,30.1777569798432,10.7064859381568,26.1873161247729,20.613763,72.0444023545706,12.095412,71.9308358545706,275.887113424589,241.59825391506,8.88178419700125e-16,0,0,1
01-Feb-2020,VPP_BM,ok,,"",2.69707408333333,10,3.3,40.884242918,27.201245979818,13.682996938182,33.4676539458625,20.613763,67.4863957894737,7.55566,67.4863957894737,282.53540142691,319.999928048106,1.77635683940025e-15,0,0,1
01-Feb-2020,PS,ok,,"",3.38429245833333,10,3.3,40.884242918,38.1830677098123,2.70117520818775,6.60688572271081,20.613763,11.1947752153016,11.1947752153016,1.13255071530164,267.542047176541,80.1529691949389,1.70419234279962e-14,0,0,1
01-Feb-2020,PSDT,ok,,"",2.14821329166667,10,3.3,40.884242918,27.201245979818,13.682996938182,33.4676539458624,20.613763,78.4191642105263,1.20592340225899,77.2132422553752,282.535437403055,320,8.88178419700125e-16,0,0,1
01-Feb-2020,LL,ok,,"",3.21966879166667,10,3.3,40.884242918,38.1834452856362,2.70079763236377,6.60596219864131,20.613763,11.1947742086621,11.1947742086621,1.12837920866214,267.546201799229,80.15448922897,3.5527136788005e-15,0,0,1
02-Feb-2020,SH_BM,ok,,"",0.705239208333333,10,3.3,38.454787489,28.4358904289265,10.0188970600735,26.05370544029,16.6183245,57.9281424930748,9.0662605,57.9281424930748,267.705092015126,220.444099793203,1.77635683940025e-15,0,0,1
02-Feb-2020,VPP_BM,ok,,"",1.361438,10,3.3,38.454787489,24.9107123536286,13.5440751353714,35.2207774890075,16.6183245,82.3908342105263,2.68673971959288e-14,82.3908342105263,273.744091798117,301.547372703501,6.15063555642337e-14,0,0,1
02-Feb-2020,PS,ok,,"",2.60452683333333,10,3.3,38.454787489,36.560725701267,1.89406178773304,4.92542518477014,16.6183245,10.9869269262222,10.9869269262222,3.17637552122216,257.933462833385,56.6387216330603,1.04360964314765e-14,0,0,1
02-Feb-2020,PSDT,ok,,"",1.89556954166667,10,3.3,38.454787489,24.9107123536286,13.5440751353714,35.2207774890075,16.6183245,82.3908342105263,1.6153745008296e-14,82.3908342105263,273.744091798117,301.547372703496,1.84297022087776e-14,0,0,1
02-Feb-2020,LL,ok,,"",2.556683,10,3.3,38.454787489,36.5750734324537,1.8797140565463,4.88811453472208,16.6183245,10.9869213023654,10.9869213023654,0.98107130236542,258.009576381617,56.6390652684438,7.73270336651422e-14,0,0,1
15-Feb-2020,SH_BM,ok,,"",0.615774125,10,3.3,44.4048580125,33.757201643393,10.647656369107,23.9785844290048,21.9325045,72.9729199030471,14.9106,72.9729199030471,300.111901983222,235.822485826882,1.77635683940025e-15,0,0,1
15-Feb-2020,VPP_BM,ok,,"",1.70973145833333,10,3.3,44.4048580125,30.3904003371308,14.0144576753692,31.5606406655419,21.9325045,82.0704492105263,14.39623,82.0704492105263,307.501745588574,320.131319800459,3.5527136788005e-15,0,0,1
15-Feb-2020,PS,ok,,"",3.38752483333333,10,3.3,44.4048580125,41.7463096981428,2.65854831435723,5.98706635568758,21.9325045,12.2336818015077,12.2336818015077,1.02066480150775,292.587690362119,93.483277093589,5.84327907697451e-15,0,0,1
15-Feb-2020,PSDT,ok,,"",2.21086529166667,10,3.3,44.4048580125,30.3904003371308,14.0144576753692,31.5606406655419,21.9325045,82.0704492105263,1.94800980245447,80.1224394080719,307.501760673594,320.132652554637,3.77475828372553e-15,0,0,1
15-Feb-2020,LL,ok,,"",2.08071279166667,10,3.3,44.4048580125,41.7464320189505,2.65842599354946,5.98679088851295,21.9325045,12.2336806800693,12.2336806800693,1.01929568006927,292.589040641593,93.4849864144058,4.51721993144361e-15,0,0,1
16-Feb-2020,SH_BM,ok,,"",0.642214666666667,10,3.3,42.037681107,31.9801787971159,10.0575023098841,23.9249693252213,17.7310015,67.163698666205,10.967347,67.163698666205,280.780061089552,216.611471947538,8.88178419700125e-16,0,0,1
16-Feb-2020,VPP_BM,ok,,"",2.452475375,10,3.3,42.037681107,27.6877608678395,14.3499202391605,34.135851125173,17.7310015,74.2410157894737,7.85275995324353,74.2410157894737,290.076693673081,319.999926761192,1.94462501657e-15,0,0,1
16-Feb-2020,PS,ok,,"",2.98065908333333,10,3.3,42.037681107,39.0063658977821,3.03131520921787,7.21094772450021,17.7310015,11.4315786141175,11.4315786141175,0.98496061411749,273.37291815246,72.7203910051319,1.41553435639707e-15,0,0,1
16-Feb-2020,PSDT,ok,,"",2.236130125,10,3.3,42.037681107,27.6877608678395,14.3499202391605,34.135851125173,17.7310015,80.9628842105263,1.04431920734862,79.9185650031778,290.076728874249,320,5.27911048209262e-14,0,0,1
16-Feb-2020,LL,ok,,"",3.05723654166667,10,3.3,42.037681107,39.006654443725,3.03102666327504,7.21026132616606,17.7310015,11.4315775709597,11.4315775709597,0.981767570959745,273.376094132074,72.7219789445202,1.77635683940025e-15,0,0,1
01-Mar-2020,SH_BM,ok,,"",0.597007291666667,10,3.3,38.226946004,27.7026667095447,10.5242792944553,27.5310491540551,17.5689575,66.1427975747922,8.179716325,66.1427975747922,255.694457305161,220.368230805289,8.88178419700125e-16,0,0,1
01-Mar-2020,VPP_BM,ok,,"",2.34673279166667,10,3.3,38.226946004,23.6884277515283,14.5385182524717,38.0321207217297,17.5689575,79.2240289631067,4.44089209850063e-16,79.2240289631067,260.312392873937,293.904715593724,2.66453525910038e-15,0,0,1
01-Mar-2020,PS,ok,,"",3.449681,10,3.3,38.226946004,34.0899628108155,4.13698319318453,10.8221650579977,17.5689575,11.0466451046644,11.0466451046644,9.25413132436344,245.080171745463,62.8766431910846,2.88657986402541e-15,0,0,1
01-Mar-2020,PSDT,ok,,"",2.55824775,10,3.3,38.226946004,23.6884277515283,14.5385182524717,38.0321207217296,17.5689575,74.98819,2.1094237467878e-15,74.98819,260.312392873938,293.904715593706,6.79456491070596e-14,0,0,1
01-Mar-2020,LL,ok,,"",2.42592370833333,10,3.3,38.226946004,34.1392989603729,4.08764704362713,10.6931038728529,17.5689575,11.046644,10.3355029448007,1.55918415591843,245.33461707378,72.0690375273055,5.52682899446211e-14,0,0,1
02-Mar-2020,SH_BM,ok,,"",0.7142365,10,3.3,39.7284568165,29.6046864039509,10.1237704125491,25.4824154366461,17.902966,58.4522743144044,9.57492,58.4522743144044,274.970812851109,209.950446299749,8.88178419700125e-16,0,0,1
02-Mar-2020,VPP_BM,ok,,"",1.41675820833333,10,3.3,39.7284568165,25.4351374272709,14.2933193892292,35.9775348316395,17.902966,78.3341842105263,2.97210454829333e-05,78.3341842105263,279.50697105498,281.695404734475,4.8017145815038e-15,0,0,1
02-Mar-2020,PS,ok,,"",2.438498375,10,3.3,39.7284568165,35.4293873826187,4.29906943388126,10.821133712135,17.902966,13.546992161874,13.546992161874,12.967617098569,265.128853429634,69.6404201516217,7.54951656745106e-15,0,0,1
02-Mar-2020,PSDT,ok,,"",1.91440783333333,10,3.3,39.7284568165,25.4351374272709,14.2933193892291,35.9775348316395,17.902966,63.8254664191019,1.00000023817159e-07,63.8254663191019,279.507003337043,281.695469298246,3.10862446895044e-15,0,0,1
02-Mar-2020,LL,ok,,"",2.72664833333333,10,3.3,39.7284568165,36.2555883185744,3.4728684979256,8.74151370632461,17.902966,13.5469908071749,9.82385962768692,3.72313117948798,264.981294711576,74.6247416737959,1.06581410364015e-14,0,0,1
15-Mar-2020,SH_BM,ok,,"",0.415520791666667,10,3.3,46.5397998475,33.3703575308047,13.1694423166953,28.2971614829641,24.77737,57.014373566482,16.76359,57.014373566482,296.127307479722,252.823382693224,9.99200722162641e-16,0,0,1
15-Mar-2020,VPP_BM,ok,,"",2.41996675,10,3.3,46.5397998475,27.3147984834833,19.2250013640167,41.3087323688812,24.77737,58.4853157894737,2.26038778,58.4853157894737,297.44986320637,322.182054020847,3.70814490224802e-14,0,0,1
15-Mar-2020,PS,ok,,"",2.91097116666667,10,3.3,46.5397998475,39.9135791717826,6.62622067571741,14.2377506938792,24.77737,11.8733357339826,11.8733357339826,3.57334555895832,281.386712056624,112.154310155327,1.48214773787458e-14,0,0,1
15-Mar-2020,PSDT,ok,,"",2.10775429166667,10,3.3,46.5397998475,27.3147984834832,19.2250013640168,41.3087323688812,24.77737,55.5503789473684,0.199724599583334,55.3506543477851,297.449877784596,322.183342,1.77635683940025e-15,0,0,1
15-Mar-2020,LL,ok,,"",2.233050875,10,3.3,46.5397998475,40.6068078864204,5.93299196107956,12.7482111666156,24.77737,11.8733356972867,11.8733356972867,1.00000018932178e-07,284.96005523488,111.400762019831,1.33226762955019e-14,0,0,1
16-Mar-2020,SH_BM,ok,,"",0.522162666666667,10,3.3,57.88686559,46.0390386395488,11.8478269504512,20.467211049855,23.714525,79.6648886426593,19.75886,79.4294486426593,387.143959355491,264.60882333778,1.4432899320127e-15,0,0,1
16-Mar-2020,VPP_BM,ok,,"",1.72638945833333,10,3.3,57.88686559,43.856646698458,14.030218891542,24.2373097049597,23.714525,77.0285757894737,19.95403,77.0285757894737,391.95615910125,319.999883991754,1.55431223447522e-15,0,0,1
16-Mar-2020,PS,ok,,"",2.6519385,10,3.3,57.88686559,53.9844635920507,3.9024019979493,6.74142909306779,23.714525,15.7849314568876,15.7849314568876,1.02603340703666e-05,378.838344704968,105.6802509784,1.33226762955019e-15,0,0,1
16-Mar-2020,PSDT,ok,,"",3.43042583333333,10,3.3,57.88686559,43.856646698458,14.030218891542,24.2373097049597,23.714525,83.9325542105263,6.62510660251042,78.1875942105263,391.956208107198,319.999982003113,3.38618022510673e-15,0,0,1
16-Mar-2020,LL,ok,,"",5.56656220833333,10,3.3,57.88686559,53.9844655265555,3.90240006344445,6.74142575119596,23.714525,15.7849315085836,15.7849314085835,1.00000182357007e-07,378.838355006004,105.679297464945,9.09272657168003e-14,0,0,1
01-Apr-2020,SH_BM,ok,,"",0.978665708333333,10,3.3,42.697179065,31.9323639456452,10.7648151193548,25.2120054652018,21.5824885,72.3987026786704,11.13095,72.3987026786704,288.801604502695,240.756453914723,9.99200722162641e-16,0,0,1
01-Apr-2020,VPP_BM,ok,,"",2.56444133333333,10,3.3,42.697179065,28.7443043798138,13.9528746851862,32.678680397,21.5824885,80.4415042105263,9.67147209088808,80.4415042105263,295.229114463229,320.148630334972,1.33226762955019e-15,0,0,1
01-Apr-2020,PS,ok,,"",3.348377625,10,3.3,42.697179065,39.8202300442205,2.87694902077951,6.73803067036299,21.5824885,11.6433426209518,11.6433426209518,8.86306509251256e-06,279.440214039778,67.4969246524453,8.46545056276682e-16,0,0,1
01-Apr-2020,PSDT,ok,,"",1.505950625,10,3.3,42.697179065,28.7443043798139,13.9528746851861,32.678680397,21.5824885,80.4415042105263,1.51978448656177,78.9217197239646,295.229129169489,320.14992962588,5.84327907697451e-15,0,0,1
01-Apr-2020,LL,ok,,"",4.51129658333333,10,3.3,42.697179065,39.8202317073349,2.8769473576651,6.73802677522414,21.5824885,11.6433426725541,11.6433425725541,1.00000013603108e-07,279.440222941298,67.4961423003876,4.88498130835069e-15,0,0,1
02-Apr-2020,SH_BM,ok,,"",0.46896275,10,3.3,34.01529078275,23.3756065368081,10.6396842459419,31.2791218334596,17.432523,50.6492285277008,8.41517,50.6492285277008,225.553818167671,205.42097255268,8.88178419700125e-16,0,0,1
02-Apr-2020,VPP_BM,ok,,"",1.06172091666667,10,3.3,34.01529078275,20.1439120378291,13.8713787449209,40.7798329096027,17.432523,64.8598303878116,3.33066907387547e-16,64.8598303878116,221.361670745374,222.789140172513,8.88178419700125e-16,0,0,1
02-Apr-2020,PS,ok,,"",2.55984491666667,10,3.3,34.01529078275,29.4117582149364,4.60353256781355,13.5337151671451,17.432523,9.45320234766963,9.45320234766963,4.28845406723042,211.834620188949,93.3285748852542,1.99840144432528e-15,0,0,1
02-Apr-2020,PSDT,ok,,"",1.669279875,10,3.3,34.01529078275,20.1439120378291,13.8713787449209,40.7798329096027,17.432523,65.0112751172073,2.77555756156289e-16,65.0112751172073,221.361670745374,222.789140172515,1.33226762955019e-15,0,0,1
02-Apr-2020,LL,ok,,"",4.52968995833333,10,3.3,34.01529078275,32.3299517689301,1.68533901381988,4.95465120255436,17.432523,9.45320232728954,9.4532023272895,1.00000100644593e-07,226.876854554948,93.0357271575066,3.55493412484975e-13,0,0,1
15-Apr-2020,SH_BM,ok,,"",0.437157166666667,10,3.3,31.048841546,18.1445825240954,12.9042590219046,41.5611609946427,17.2670585,44.8634388754848,5.248137325,44.8634388754848,177.362341863961,228.704757233475,8.88178419700125e-16,0,0,1
15-Apr-2020,VPP_BM,ok,,"",1.48637416666667,10,3.3,31.048841546,13.2411445276038,17.8076970183962,57.353821050017,17.2670585,43.4498102726345,5.55111512312578e-16,43.4498102726345,145.507082720921,163.936634781614,9.43689570931383e-16,0,0,1
15-Apr-2020,PS,ok,,"",2.75878679166667,10,3.3,31.048841546,17.9082707578956,13.1405707881044,42.3222578808171,17.2670585,7.60865108946108,7.60865108946107,7.60865108946108,140.786409816853,88.0378967881035,1.55431223447522e-15,0,0,1
15-Apr-2020,PSDT,ok,,"",1.51560379166667,10,3.3,31.048841546,13.2411445276038,17.8076970183962,57.353821050017,17.2670585,42.5048396904373,9.99200722162641e-16,42.5048396904373,145.507082720921,163.936634781604,2.1094237467878e-15,0,0,1
15-Apr-2020,LL,ok,,"",6.01483154166667,10,3.3,31.048841546,26.0215848161404,5.02725672985959,16.1914470219816,17.2670585,7.60865059202936,7.60865059202936,1.00000010050394e-07,182.607612708705,67.6185587194436,5.16546441037269e-14,0,0,1
16-Apr-2020,SH_BM,ok,,"",0.693604416666667,10,3.3,32.4138198945,20.7688637388045,11.6449561556955,35.9258988715226,14.3783125,33.2899409972299,5.83712,33.2899409972299,203.329506747302,217.258485214895,1.77635683940025e-15,0,0,1
16-Apr-2020,VPP_BM,ok,,"",1.91171770833333,10,3.3,32.4138198945,17.0873928899223,15.3264270045777,47.2836186986351,14.3783125,47.4889244782776,2.63677968348475e-16,47.4889244782776,187.773548240904,204.874065035833,1.49880108324396e-15,0,0,1
16-Apr-2020,PS,ok,,"",1.68707279166667,10,3.3,32.4138198945,21.7402662535505,10.6735536409495,32.9290212498546,14.3783125,11.3196099261039,10.2436458161585,11.3196099261039,182.70715623364,106.473934397555,1.6153745008296e-14,0,0,1
16-Apr-2020,PSDT,ok,,"",1.42662220833333,10,3.3,32.4138198945,17.0873928899223,15.3264270045777,47.283618698635,14.3783125,47.5683931763434,1.00058850094342e-14,47.5683931763434,187.773548240904,204.874065035824,9.10382880192628e-15,0,0,1
16-Apr-2020,LL,ok,,"",5.0838985,10,3.3,32.4138198945,29.9907798576503,2.42304003684975,7.47533010529528,14.3783125,11.319608794143,8.54798972283815,2.77161907130486,213.466643518927,54.9439335321858,1.99840144432528e-15,0,0,1
01-May-2020,SH_BM,ok,,"",0.972293541666667,10,3.3,48.25838992775,37.0763218683672,11.1820680593828,23.171241469357,22.565423,64.3350776731302,14.83122,64.2196436731302,313.229875181459,252.455241484834,3.33066907387547e-15,0,0,1
01-May-2020,VPP_BM,ok,,"",1.53443091666667,10,3.3,48.25838992775,34.5149644927198,13.7434254350302,28.4788312573341,22.565423,79.8157942105263,13.55112,79.8157942105263,318.953210535899,319.999908702084,1.99840144432528e-15,0,0,1
01-May-2020,PS,ok,,"",2.97061283333333,10,3.3,48.25838992775,43.8126013859786,4.44578854177136,9.21246761118092,22.565423,12.9326235719625,12.9326235719625,3.34584607196251,305.800872678351,108.103779895724,1.39679934285653e-14,0,0,1
01-May-2020,PSDT,ok,,"",1.97072329166667,10,3.3,48.25838992775,34.5149644927198,13.7434254350302,28.4788312573341,22.565423,69.04831,4.44192453794241,64.6063854620576,318.9532501519,320,1.25854882071508e-12,0,0,1
01-May-2020,LL,ok,,"",1.973185625,10,3.3,48.25838992775,43.8126126857699,4.4457772419801,9.21244419599594,22.565423,12.9326226132705,12.9326226132705,3.34570261327051,305.801001491951,108.105111945503,3.10862446895044e-15,0,0,1
02-May-2020,SH_BM,ok,,"",0.356702375,10,3.3,34.308131196,24.7106983404796,9.59743285552042,27.974222206074,18.5347365,56.8436996398892,6.48772,56.8436996398892,244.336915367907,207.270558621871,8.88178419700125e-16,0,0,1
02-May-2020,VPP_BM,ok,,"",1.25688529166667,10,3.3,34.308131196,22.5323642826615,11.7757669133385,34.3235451854382,18.5347365,72.4546278265372,2.12607709215717e-14,72.4546278265372,247.608398710566,250.105953724243,2.22044604925031e-14,0,0,1
02-May-2020,PS,ok,,"",2.88554791666667,10,3.3,34.308131196,31.8269255763296,2.48120561967041,7.23212117120415,18.5347365,11.4241297138414,11.4241297138414,7.26396500384143,235.839928137175,58.8620082800323,1.11022302462516e-15,0,0,1
02-May-2020,PSDT,ok,,"",1.629191875,10,3.3,34.308131196,22.5323642826615,11.7757669133385,34.3235451854382,18.5347365,61.4547773130194,2.23779328401008e-16,61.4547773130194,247.608398710566,250.105953724235,1.99840144432528e-15,0,0,1
02-May-2020,LL,ok,,"",6.12126816666667,10,3.3,34.308131196,33.3111586923292,0.996972503670776,2.90593649060959,18.5347365,11.4241285714286,9.53951981153915,1.88460875988943,236.486947310625,77.2305231077807,4.63629135083465e-13,0,0,1
15-May-2020,SH_BM,ok,,"",0.442191875,10,3.3,26.7086353335,15.6759203033371,11.0327150301629,41.3076703186135,14.622626,42.724199732687,4.90885,42.724199732687,160.814421794913,195.552039997296,8.88178419700125e-16,0,0,1
15-May-2020,VPP_BM,ok,,"",1.38522325,10,3.3,26.7086353335,11.0638236526886,15.6448116808114,58.5758556566477,14.622626,26.4239437617729,6.10622663543836e-16,26.4239437617729,121.580479699875,118.64186480508,1.55431223447522e-15,0,0,1
15-May-2020,PS,ok,,"",2.60675404166667,10,3.3,26.7086353335,13.2882514448385,13.4203838886615,50.2473590323377,14.622626,7.98411571227885,7.761663,7.98411571227886,119.364012707294,81.0463907534393,1.16573417585641e-15,0,0,1
15-May-2020,PSDT,ok,,"",1.44767816666667,10,3.3,26.7086353335,11.0638236526886,15.6448116808114,58.5758556566477,14.622626,24.1800245373961,5.19029264012261e-15,24.1800245373961,121.580479699875,118.641864805081,6.78988115732082e-14,0,0,1
15-May-2020,LL,ok,,"",4.89723008333333,10,3.3,26.7086353335,27.3056807383484,-0.597045404848412,-2.23540213640025,14.622626,7.98411724162235,7.98411724162234,1.00000012714929e-07,191.618812198936,38.7076017516237,4.88498130835069e-15,0,0,1
16-May-2020,SH_BM,ok,,"",0.539636583333333,10,3.3,29.15066678675,19.4610296710076,9.68963711574237,33.2398472619043,13.4446845,49.5216805391274,5.0950125,49.5216805391274,192.284196133875,190.9659753458,8.88178419700125e-16,0,0,1
16-May-2020,VPP_BM,ok,,"",1.66891879166667,10,3.3,29.15066678675,17.3467138009628,11.8039529857872,40.4929090375129,13.4446845,55.0748693534775,4.44089209850063e-16,55.0748693534775,190.623228582009,189.060549007571,8.88178419700125e-16,0,0,1
16-May-2020,PS,ok,,"",2.42350041666667,10,3.3,29.15066678675,23.3658969801671,5.7847698065829,19.8443824592454,13.4446845,10.2465387421387,10.2016257794737,9.47147214713871,183.547426953969,81.7535896204437,8.88178419700125e-16,0,0,1
16-May-2020,PSDT,ok,,"",2.30535770833333,10,3.3,29.15066678675,17.3467055284812,11.8039612582688,40.4929374158747,13.4446845,47.9355227407142,1.47104550762833e-15,47.9355227407142,190.623137675617,189.06800628618,1.19348975147204e-15,0,0,1
16-May-2020,LL,ok,,"",3.56706725,10,3.3,29.15066678675,26.8860391004854,2.26462768626457,7.76869943604146,13.4446845,10.2465377174849,7.65166974051323,2.5948679769717,191.522805507814,41.9382315175361,2.22044604925031e-15,0,0,1
01-Jun-2020,SH_BM,ok,,"",0.767014208333333,10,3.3,49.456152072,36.5805564615148,12.8755956104851,26.0343659404403,25.7949115,67.7005633795014,16.419277,67.7005633795014,321.246156711152,264.528634108611,8.88178419700125e-16,0,0,1
01-Jun-2020,VPP_BM,ok,,"",2.707649875,10,3.3,49.456152072,32.6468087518901,16.8093433201099,33.9883768062632,25.7949115,57.9190731578947,12.628087,57.9190731578948,323.968312218777,323.80922328021,2.22044604925031e-15,0,0,1
01-Jun-2020,PS,ok,,"",3.09141054166667,10,3.3,49.456152072,44.1777644627625,5.27838760923748,10.6728635126182,25.7949115,12.9506671893372,12.9506671893372,1.24744118933718,309.56857044475,119.072575239798,5.2284565565941e-15,0,0,1
01-Jun-2020,PSDT,ok,,"",3.452112625,10,3.3,49.456152072,32.6468087518901,16.8093433201099,33.9883768062632,25.7949115,63.6735073684211,2.56123861103614,61.1122687573849,323.968327787356,323.810598756639,6.77236045021345e-15,0,0,1
01-Jun-2020,LL,ok,,"",1.94303808333333,10,3.3,49.456152072,44.1785145845418,5.27763748745819,10.6713467715297,25.7949115,12.9506660181862,12.9506660181862,1.23915601818618,309.576828418282,119.075008365132,1.33226762955019e-15,0,0,1
02-Jun-2020,SH_BM,ok,,"",0.538348166666667,10,3.3,36.0866820474718,26.6582394541865,9.42844259328524,26.1272083171354,17.7709165,63.27486355752,7.76300913484181,63.27486355752,255.823214375768,213.021989079818,9.0205620750794e-16,0,0,1
02-Jun-2020,VPP_BM,ok,,"",1.80916404166667,10,3.3,36.0866820474718,23.8512933073022,12.2353887401696,33.9055519819584,17.7709165,58.3253767112622,2.78703182350348e-05,58.3253767112622,262.102092710543,287.270457364074,6.21724893790088e-15,0,0,1
02-Jun-2020,PS,ok,,"",4.26468970833333,10,3.3,36.0866820474718,35.3164985657655,0.770183481706297,2.13425961603543,17.7709165,10.8321575374117,10.8321575374117,4.05182053741168,248.905710137386,79.1997656251157,8.88178419700125e-16,0,0,1
02-Jun-2020,PSDT,ok,,"",2.438760375,10,3.3,36.0866820474718,23.8512933073022,12.2353887401696,33.9055519819583,17.7709165,74.3938034907121,1.00000004665812e-07,74.3938033907121,262.102122897826,287.270517738309,9.76996261670138e-15,0,0,1
02-Jun-2020,LL,ok,,"",2.38754920833333,10,3.3,36.0866820474718,35.3167364090882,0.769945638383561,2.13360052711608,17.7709165,10.8321568591177,10.8321568591177,4.04921685911768,248.90831324806,79.1997841889516,2.45810316545914e-14,0,0,1
15-Jun-2020,SH_BM,ok,,"",0.431690375,10,3.3,26.587499822,16.6220019280941,9.96549789390594,37.4818917183778,14.4712795,43.908660134349,5.3632095,43.908660134349,169.51487974966,194.036721282244,8.88178419700125e-16,0,0,1
15-Jun-2020,VPP_BM,ok,,"",1.50761729166667,10,3.3,26.587499822,12.0590333708069,14.5284664511931,54.6439738541019,14.4712795,34.9083658725762,1.16573417585641e-15,34.9083658725762,132.516850228647,121.844785489195,8.88178419700125e-16,0,0,1
15-Jun-2020,PS,ok,,"",2.627451,10,3.3,26.587499822,16.5902849130716,9.99721490892836,37.6011846764776,14.4712795,6.85987107084566,6.85987107084566,6.85987107084566,129.222090498128,71.1994265729273,7.86037901434611e-14,0,0,1
15-Jun-2020,PSDT,ok,,"",2.26184979166667,10,3.3,26.587499822,12.0590333708069,14.5284664511931,54.643973854102,14.4712795,38.3420164233841,2.38697950294409e-15,38.3420164233841,132.516850228647,121.844785489208,1.77635683940025e-15,0,0,1
15-Jun-2020,LL,ok,,"",6.05034783333333,10,3.3,26.587499822,23.4607573550984,3.1267424669016,11.7601974154575,14.4712795,6.85987063567205,6.85987063567205,1.00000002944967e-07,164.636893756129,65.7106060504244,1.36557432028894e-14,0,0,1
16-Jun-2020,SH_BM,ok,,"",0.466906875,10,3.3,31.35336959375,21.7510517220564,9.60231787169359,30.6261113115183,14.727853,60.081557466759,6.9210871,60.081557466759,213.365725629191,203.66772036368,8.88178419700125e-16,0,0,1
16-Jun-2020,VPP_BM,ok,,"",3.4041405,10,3.3,31.35336959375,19.3101798620257,12.0431897317243,38.4111497034279,14.727853,56.8940989417092,4.9960036108132e-16,56.8940989417092,212.199778703579,221.886473391206,1.80189196896663e-13,0,0,1
16-Jun-2020,PS,ok,,"",4.677187375,10,3.3,31.35336959375,28.7942111296856,2.5591584640644,8.16230758359876,14.727853,8.42360850572747,8.42360850572746,0.159657505727465,202.006940823066,57.540184338594,2.77555756156289e-15,0,0,1
16-Jun-2020,PSDT,ok,,"",2.35826808333333,10,3.3,31.35336959375,19.3101798620256,12.0431897317244,38.4111497034279,14.727853,61.5717099992956,1.33226762955019e-15,61.5717099992956,212.199778703578,221.886473391202,1.68753899743024e-14,0,0,1
16-Jun-2020,LL,ok,,"",3.402321,10,3.3,31.35336959375,28.7947302142477,2.55863937950228,8.1606519894191,14.727853,8.42360776336669,8.42360776336669,0.153937763366693,202.012648557434,57.5413865028075,7.52731210695856e-14,0,0,1
01-Jul-2020,SH_BM,ok,,"",0.929726916666667,10,3.3,45.6651268085,34.2862338434845,11.3788929650155,24.9181240922284,21.141624,72.3179908171745,14.1032175,72.3179908171745,321.337096006366,256.833588841998,1.77635683940025e-15,0,0,1
01-Jul-2020,VPP_BM,ok,,"",1.17655425,10,3.3,45.6651268085,31.8873578981091,13.7777689103909,30.171314246359,21.141624,83.0496542105263,13.17714638,83.0496542105263,326.69457984867,319.999915652548,2.22044604925031e-15,0,0,1
01-Jul-2020,PS,ok,,"",2.4179735,10,3.3,45.6651268085,44.5771385286542,1.08798827984578,2.3825364252427,21.141624,13.0958934333868,13.0958934333867,2.31665193338675,311.984781768976,76.2853124974268,8.88178419700125e-16,0,0,1
01-Jul-2020,PSDT,ok,,"",1.80558183333333,10,3.3,45.6651268085,31.8873578981091,13.7777689103909,30.171314246359,21.141624,68.7123015789474,1.7460740371074,66.96622754184,326.694619651038,320,2.08721928629529e-14,0,0,1
01-Jul-2020,LL,ok,,"",2.01876295833333,10,3.3,45.6651268085,44.5772948307562,1.0878319777438,2.38219414632462,21.141624,13.0958923552887,13.0958923552887,2.31491235528874,311.986504171641,76.2868728552628,9.29811783123569e-16,0,0,1
02-Jul-2020,SH_BM,ok,,"",0.757182083333333,10,3.3,43.0890017935,33.0515438444532,10.0374579490468,23.2947098592592,24.4455305,63.4906545360111,12.91115,63.4906545360111,294.289355719266,225.670285641318,8.88178419700125e-16,0,0,1
02-Jul-2020,VPP_BM,ok,,"",2.26229754166667,10,3.3,43.0890017935,29.3756687771134,13.7133330163866,31.8255992146359,24.4455305,71.0451615789474,10.7986118728851,71.0451615789474,302.137277704464,320.058474211492,1.77635683940025e-14,0,0,1
02-Jul-2020,PS,ok,,"",3.75243033333333,10,3.3,43.0890017935,40.9477487165193,2.14125307698068,4.96937266554103,24.4455305,11.9730391778568,11.9730391778568,0.000233359540871447,287.352706909022,98.9591001455324,1.33226762955019e-15,0,0,1
02-Jul-2020,PSDT,ok,,"",2.22534566666667,10,3.3,43.0890017935,29.3756687771134,13.7133330163866,31.825599214636,24.4455305,68.5183457894737,1.52198635476442,66.9963594347093,302.137292776094,320.059805782693,2.23085439010617e-15,0,0,1
02-Jul-2020,LL,ok,,"",5.38345125,10,3.3,43.0890017935,40.9477634727387,2.14123832076132,4.96933841963434,24.4455305,11.9730303232571,11.973030223257,1.00000198344219e-07,287.352726558166,98.9585070156201,5.38513678094432e-13,0,0,1
15-Jul-2020,SH_BM,ok,,"",0.524337,10,3.3,30.3404491548721,20.2670835990205,10.0733655558517,33.2011088709742,13.431552,51.8141010263158,4.82578,51.8141010263158,202.459467736489,202.876274375751,7.7715611723761e-16,0,0,1
15-Jul-2020,VPP_BM,ok,,"",2.50654391666667,10,3.3,30.3404491548721,17.7412893216537,12.5991598332184,41.525950288034,13.431552,55.8467308911616,3.77475828372553e-14,55.8467308911616,194.959223314876,197.46215911426,1.59872115546023e-13,0,0,1
15-Jul-2020,PS,ok,,"",3.21214541666667,10,3.3,30.3404491548721,26.6296696415213,3.71077951335084,12.2304699393514,13.431552,7.78645345352493,7.78645345352493,6.02852549125288e-06,186.874876856073,69.2604918441503,1.88737914186277e-15,0,0,1
15-Jul-2020,PSDT,ok,,"",2.278364625,10,3.3,30.3404491548721,17.7412893216536,12.5991598332186,41.5259502880344,13.431552,56.2938182381788,4.44089209850063e-16,56.2938182381788,194.959223314875,197.462159114384,1.65839564303383e-15,0,0,1
15-Jul-2020,LL,ok,,"",4.81642475,10,3.3,30.3404491548721,26.6296707508048,3.71077840406736,12.2304662832306,13.431552,7.7864535039784,7.78645340397809,1.00000384861687e-07,186.874882895472,69.2598779250442,1.47903911340563e-12,0,0,1
16-Jul-2020,SH_BM,ok,,"",0.453375208333333,10,3.3,26.4661445112807,16.6395587037392,9.82658580754152,37.1288904711947,13.8189275,43.2468748614958,4.07140719298246,43.2468748614958,168.909507122254,188.593267294258,7.01193489236941e-16,0,0,1
16-Jul-2020,VPP_BM,ok,,"",0.636610416666667,10,3.3,26.4661445112807,11.5959731824045,14.8701713288762,56.1856349062784,13.8189275,35.679758294816,5.82867087928207e-16,35.679758294816,127.42827672972,120.176260699317,1.33226762955019e-15,0,0,1
16-Jul-2020,PS,ok,,"",2.466331375,10,3.3,26.4661445112807,15.6430502793134,10.8230942319673,40.8941099348798,13.8189275,6.85476093834032,6.8547609383403,6.85476093834032,124.306880407742,72.8866690416742,4.77839989798667e-13,0,0,1
16-Jul-2020,PSDT,ok,,"",1.36562820833333,10,3.3,26.4661445112807,11.5959731824045,14.8701713288762,56.1856349062784,13.8189275,36.1273029773117,5.31519273039294e-15,36.1273029773117,127.42827672972,120.176260699316,8.88178419700125e-16,0,0,1
16-Jul-2020,LL,ok,,"",4.34062358333333,10,3.3,26.4661445112807,23.4432821399237,3.02286237135698,11.4216196849849,13.8189275,6.85476091796016,6.85476091796015,1.00000008274037e-07,164.514260631044,68.6047622419416,5.50670620214078e-14,0,0,1
01-Aug-2020,SH_BM,ok,,"",0.831094416666667,10,3.3,46.7414875925,34.8740571135268,11.8674304789732,25.3895010412065,24.74936,76.7418537950139,14.6732512059727,76.7418537950139,327.637578426502,266.200760619005,8.88178419700125e-16,0,0,1
01-Aug-2020,VPP_BM,ok,,"",2.01836091666667,10,3.3,46.7414875925,32.7646726384706,13.9768149540294,29.9023751145482,24.74936,75.9613042105263,12.1651105,75.9613042105263,332.296806515584,320.005322099513,5.32907051820075e-15,0,0,1
01-Aug-2020,PS,ok,,"",2.08215791666667,10,3.3,46.7414875925,45.5194837221975,1.2220038703025,2.61438805918231,24.74936,13.375510152828,13.375510152828,2.46988215282803,318.542352625524,94.5784175134564,4.21884749357559e-15,0,0,1
01-Aug-2020,PSDT,ok,,"",1.59220145833333,10,3.3,46.7414875925,32.7646726384706,13.9768149540294,29.9023751145482,24.74936,65.8092773684211,2.04341566225817,63.7658617061629,332.296822856259,320.006765790218,2.48689957516035e-14,0,0,1
01-Aug-2020,LL,ok,,"",1.95186683333333,10,3.3,46.7414875925,45.5195648079773,1.2219227845227,2.61421458207668,24.74936,13.375509062174,13.375509062174,2.46896906217402,318.543248430003,94.5784427707069,4.44089209850063e-15,0,0,1
02-Aug-2020,SH_BM,ok,,"",1.02092291666667,10,3.3,43.936965754,33.7393245330083,10.1976412209917,23.2097074661177,23.2809665,57.138286565097,10.318375,57.138286565097,297.380172022691,230.07735428833,1.4432899320127e-15,0,0,1
02-Aug-2020,VPP_BM,ok,,"",2.14273016666667,10,3.3,43.936965754,30.3277250281859,13.6092407258141,30.974466470924,23.2809665,76.9028042105263,9.14621,76.9028042105263,305.002072107546,319.99991977804,2.88657986402541e-15,0,0,1
02-Aug-2020,PS,ok,,"",3.19382704166667,10,3.3,43.936965754,40.9191209320882,3.01784482191178,6.86857813261043,23.2809665,12.5852065948434,12.5852065948434,7.52689850680612,289.384480480809,74.2333839785954,1.11022302462516e-15,0,0,1
02-Aug-2020,PSDT,ok,,"",2.07814520833333,10,3.3,43.936965754,30.3277250281859,13.6092407258141,30.974466470924,23.2809665,76.9028067131299,2.08133743813372,74.8214692749962,305.002109391787,320,2.22044604925031e-15,0,0,1
02-Aug-2020,LL,ok,,"",2.803481125,10,3.3,43.936965754,40.9612049888613,2.97576076513873,6.77279533092887,23.2809665,12.5852055381594,12.5852055381594,2.01836553815941,289.604136745698,79.1513263307472,1.13797860024079e-15,0,0,1
15-Aug-2020,SH_BM,ok,,"",0.517484625,10,3.3,34.9834634965,24.6128171537737,10.3706463427263,29.6444242685229,18.28414,63.7969127423823,5.703694,63.7969127423823,240.256547070041,216.824240322002,9.43689570931383e-16,0,0,1
15-Aug-2020,VPP_BM,ok,,"",1.79916625,10,3.3,34.9834634965,21.8601326413552,13.1233308551448,37.5129548178033,18.28414,64.9591884398177,6.66133814775094e-16,64.9591884398177,240.22123781709,248.729561065775,2.66453525910038e-15,0,0,1
15-Aug-2020,PS,ok,,"",2.663617625,10,3.3,34.9834634965,32.5403874804996,2.44307601600041,6.98351670138331,18.28414,9.51473318143264,9.51473318143263,1.77635683940025e-14,228.353596354383,67.0348330893908,6.88338275267597e-15,0,0,1
15-Aug-2020,PSDT,ok,,"",2.003669875,10,3.3,34.9834634965,21.8601326413552,13.1233308551448,37.5129548178033,18.28414,62.7116137686438,1.4432899320127e-15,62.7116137686438,240.22123781709,248.729561065776,1.45439216225896e-14,0,0,1
15-Aug-2020,LL,ok,,"",5.75133308333333,10,3.3,34.9834634965,32.5403874197171,2.44307607678293,6.98351687512974,18.28414,9.51473323173003,9.51473313173268,1.00000056235672e-07,228.353596361522,67.0348328700282,4.20208312590375e-12,0,0,1
16-Aug-2020,SH_BM,ok,,"",0.923239333333333,10,3.3,40.1515288425,28.0144497873193,12.1370790551807,30.2281865848499,19.8687105,71.659303933518,8.604855675,71.659303933518,271.380989926311,255.477405874628,8.88178419700125e-16,0,0,1
16-Aug-2020,VPP_BM,ok,,"",2.34291370833333,10,3.3,40.1515288425,25.092780421743,15.058748420757,37.5047945990477,19.8687105,83.6087942105263,1.16573417585641e-15,83.6087942105263,275.744839799374,309.737271907887,1.36002320516582e-15,0,0,1
16-Aug-2020,PS,ok,,"",3.22219658333333,10,3.3,40.1515288425,37.1026656784773,3.04886316402267,7.59339246080084,19.8687105,10.9697648593253,10.9697648593253,1.60999235932526,260.547979039084,68.1715978211805,1.33226762955019e-15,0,0,1
16-Aug-2020,PSDT,ok,,"",3.45238354166667,10,3.3,40.1515288425,25.092780421743,15.058748420757,37.5047945990476,19.8687105,72.7042757894737,1.33226762955019e-14,72.7042757894737,275.744839799374,309.737271907862,1.06609165939631e-13,0,0,1
16-Aug-2020,LL,failed,StoreNet:OptimizationFailed,"Optimization failed during throughput after import spread and bill (exit flag 0).",62.1192164166667,10,3.3,NaN,NaN,NaN,NaN,NaN,NaN,NaN,NaN,NaN,NaN,NaN,NaN,NaN,NaN
01-Sep-2020,SH_BM,ok,,"",0.745906416666667,10,3.3,43.60958281525,32.2602261696425,11.3493566456075,26.0249145094749,20.261546,77.7069947783933,11.4027415,77.7069947783933,300.476814902924,239.885164262106,8.88178419700125e-16,0,0,1
01-Sep-2020,VPP_BM,ok,,"",3.03872275,10,3.3,43.60958281525,28.5873706448978,15.0222121703522,34.4470439765339,20.261546,77.1378942105263,5.26079468259876,77.1378942105263,308.192404314178,320.241446740125,8.14903700074865e-14,0,0,1
01-Sep-2020,PS,ok,,"",4.51935958333333,10,3.3,43.60958281525,41.6710854948707,1.93849732037926,4.44511778200589,20.261546,12.2501663283757,12.2501663283757,0.87808682837569,292.380660481548,93.0892355305432,1.33226762955019e-15,0,0,1
01-Sep-2020,PSDT,ok,,"",4.12453179166667,10,3.3,43.60958281525,28.5873706448978,15.0222121703521,34.4470439765339,20.261546,59.344107368421,0.438398428903516,58.9057089395175,308.192419634869,320.242800315786,6.66133814775094e-15,0,0,1
01-Sep-2020,LL,ok,,"",2.89882475,10,3.3,43.60958281525,41.6711726825789,1.93841013267106,4.4449178541401,20.261546,12.2501652033592,12.2501652033592,0.877145203359182,292.381602499275,93.0892639480151,5.55111512312578e-16,0,0,1
02-Sep-2020,SH_BM,ok,,"",0.788843291666667,10,3.3,43.380802602,33.0453996206446,10.3354029813554,23.8248311728536,18.825119,67.0127771371191,11.32886,67.0127771371191,293.52007927027,225.71915755027,1.11022302462516e-15,0,0,1
02-Sep-2020,VPP_BM,ok,,"",3.359946375,10,3.3,43.380802602,28.7912416483675,14.5895609536324,33.6313762737064,18.825119,59.4894631578947,6.628318745,59.4894631578947,300.102789427424,320.558209915533,1.55431223447522e-15,0,0,1
02-Sep-2020,PS,ok,,"",5.186343875,10,3.3,43.380802602,40.1391167099794,3.24168589202053,7.47262774679757,18.825119,12.2977293399586,12.2977293399586,2.91439058495859,283.558188812561,67.5039996070253,1.4432899320127e-15,0,0,1
02-Sep-2020,PSDT,ok,,"",3.253988875,10,3.3,43.380802602,28.7912416483675,14.5895609536324,33.6313762737064,18.825119,62.9579173684211,1.1989372411438,61.7589801272774,300.102804596856,320.559550127547,6.30051566474776e-15,0,0,1
02-Sep-2020,LL,ok,,"",2.58469570833333,10,3.3,43.380802602,40.1585801091542,3.22222249284577,7.42776135888555,18.825119,12.2977282701687,12.2977282701686,1.59982827016869,283.66258533468,71.3727943178821,3.58185703319691e-12,0,0,1
15-Sep-2020,SH_BM,ok,,"",0.649933625,10,3.3,37.91398297075,25.6552500213977,12.2587329493523,32.3330127536578,17.280066,64.1061321745152,6.922108075,64.1061321745152,252.194880381569,245.608748594569,9.99200722162641e-16,0,0,1
15-Sep-2020,VPP_BM,ok,,"",3.16398633333333,10,3.3,37.91398297075,23.0739729405111,14.8400100302389,39.1412583628781,17.280066,66.6778972853186,9.56179579958416e-15,66.6778972853186,253.560142203419,271.063235593006,3.04551705491911e-13,0,0,1
15-Sep-2020,PS,ok,,"",3.4521565,10,3.3,37.91398297075,34.6108998591036,3.30308311164638,8.71204461476562,17.280066,10.2044579936292,10.2044579936292,2.9980414936292,241.738355930627,98.5867920002763,3.10688974547446e-15,0,0,1
15-Sep-2020,PSDT,ok,,"",3.169072,10,3.3,37.91398297075,23.0739729405111,14.8400100302389,39.1412583628781,17.280066,51.4756674515235,4.44089209850063e-16,51.4756674515235,253.560142203419,271.063235593019,2.22044604925031e-15,0,0,1
15-Sep-2020,LL,ok,,"",2.37596795833333,10,3.3,37.91398297075,34.6112384232247,3.30274454752525,8.71115163519819,17.280066,10.2044572726142,10.2044572726142,2.9943072726142,241.742079497512,98.5877686945019,8.49320613838245e-15,0,0,1
16-Sep-2020,SH_BM,ok,,"",0.589616083333333,10,3.3,32.1278510635,20.8312926857331,11.2965583777669,35.1612635262767,15.0258605,63.6043960581717,4.770521325,63.6043960581717,218.17594378855,227.046901649414,8.88178419700125e-16,0,0,1
16-Sep-2020,VPP_BM,ok,,"",1.49927833333333,10,3.3,32.1278510635,19.8305222142361,12.2973288492639,38.2762258980798,15.0258605,69.0526443541996,1.62109908830033e-15,69.0526443541996,217.917826530067,229.190961912388,2.77555756156289e-15,0,0,1
16-Sep-2020,PS,ok,,"",4.16639666666667,10,3.3,32.1278510635,29.5805318709188,2.54731919258116,7.9286946006642,15.0258605,8.97324795018815,8.97324795018814,3.77831942328093,209.185892876196,88.130961731775,9.99200722162641e-16,0,0,1
16-Sep-2020,PSDT,ok,,"",1.58883891666667,10,3.3,32.1278510635,19.8305222142361,12.2973288492639,38.2762258980798,15.0258605,68.7096557924523,5.55111512312578e-17,68.7096557924523,217.917826530067,229.190961912396,1.55431223447522e-15,0,0,1
16-Sep-2020,LL,ok,,"",3.28647625,10,3.3,32.1278510635,29.5982928049963,2.52955825850367,7.87341255256709,15.0258605,8.97324715286344,8.97324715286344,0.863497152863445,209.279825150467,88.1409011267817,1.22124532708767e-15,0,0,1
01-Oct-2020,SH_BM,ok,,"",0.694476791666667,10,3.3,46.244208619,34.6954019559732,11.5488066630268,24.9735199453318,25.3783045,76.5753631218836,12.989484125,76.5753631218836,318.293231937892,257.971960154081,1.33226762955019e-15,0,0,1
01-Oct-2020,VPP_BM,ok,,"",2.235586125,10,3.3,46.244208619,32.2329812695915,14.0112273494085,30.2983395495967,25.3783045,75.72607,12.5733649999997,75.72607,323.719946276516,320.433873506284,3.14602145504308e-13,0,0,1
01-Oct-2020,PS,ok,,"",3.05665083333333,10,3.3,46.244208619,44.3005046357335,1.94370398326652,4.20312951894245,25.3783045,12.958038929949,12.958038929949,0.17567992994899,310.817245981267,116.985987091793,8.88178419700125e-16,0,0,1
01-Oct-2020,PSDT,ok,,"",3.43578233333333,10,3.3,46.244208619,32.2329812695915,14.0112273494085,30.2983395495968,25.3783045,73.1426757894737,2.24471256030457,70.8979632291691,323.719962033572,320.435265634519,6.43929354282591e-15,0,0,1
01-Oct-2020,LL,ok,,"",2.52723883333333,10,3.3,46.244208619,44.3008636469692,1.9433449720308,4.20235318122052,25.3783045,12.9580377341453,12.9580377341453,0.171707734145265,310.821197885339,116.987819088519,1.50812695665081e-12,0,0,1
02-Oct-2020,SH_BM,ok,,"",0.595621375,10,3.3,47.9066062665,36.3422957505424,11.5643105159576,24.1392814419507,23.006571,65.5770116620499,16.1698345068606,65.0477811620499,319.546653295173,247.893370880294,1.49880108324396e-15,0,0,1
02-Oct-2020,VPP_BM,ok,,"",2.22036741666667,10,3.3,47.9066062665,33.1322791031013,14.7743271633987,30.8398534457034,23.006571,80.0874342105263,13.3916685534031,80.0874342105263,326.421877810072,322.55196515073,2.22044604925031e-15,0,0,1
02-Oct-2020,PS,ok,,"",2.55924545833333,10,3.3,47.9066062665,44.451144315383,3.45546195111702,7.21291325019894,23.006571,13.0498523682468,13.0498523682468,1.89784336824676,311.225569101429,92.3456627804446,1.11022302462516e-15,0,0,1
02-Oct-2020,PSDT,ok,,"",2.726666,10,3.3,47.9066062665,33.1322791031013,14.7743271633987,30.8398534457034,23.006571,69.9365942105263,2.77337120233712,67.1632230081893,326.421893373765,322.553340195489,2.81293001044847e-14,0,0,1
02-Oct-2020,LL,ok,,"",2.37312945833333,10,3.3,47.9066062665,44.4513637445688,3.45524252193115,7.2124552148611,23.006571,13.0498512528008,13.0498512528008,1.89539125280077,311.227995561616,92.3479711959502,2.51465515077598e-14,0,0,1
15-Oct-2020,SH_BM,ok,,"",0.527431958333333,10,3.3,30.789465379,19.9118462564709,10.8776191225291,35.3290289020355,14.855774,45.6283873462604,5.14670975,45.6283873462604,199.504838046383,205.719860987058,8.88178419700125e-16,0,0,1
15-Oct-2020,VPP_BM,ok,,"",1.83464666666667,10,3.3,30.789465379,15.4257732578337,15.3636921211663,49.899184451722,14.855774,45.3461080722706,4.9960036108132e-16,45.3461080722706,169.513991844327,163.187562703748,1.55431223447522e-15,0,0,1
15-Oct-2020,PS,ok,,"",1.79510629166667,10,3.3,30.789465379,20.953359020388,9.83610635861195,31.9463369614748,14.855774,8.89464838946476,8.89464838946475,8.89464838946476,164.522913214699,67.5437115380885,8.88178419700125e-16,0,0,1
15-Oct-2020,PSDT,ok,,"",1.11415395833333,10,3.3,30.789465379,15.4257732578337,15.3636921211663,49.8991844517219,14.855774,45.0694188755955,3.99680288865056e-15,45.0694188755955,169.513991844327,163.187562703747,8.88178419700125e-15,0,0,1
15-Oct-2020,LL,ok,,"",4.03861625,10,3.3,30.789465379,29.5352687102601,1.2541966687399,4.07346036477569,14.855774,8.8946475,8.6109799,0.283667600000012,207.605467624836,62.3328554424498,8.21565038222616e-15,0,0,1
16-Oct-2020,SH_BM,ok,,"",0.623762416666667,10,3.3,30.86806789375,18.888253743366,11.979814150384,38.8097311163734,17.5111735,43.3648803116343,5.81512,43.3648803116343,190.921817894132,218.154408934062,9.99200722162641e-16,0,0,1
16-Oct-2020,VPP_BM,ok,,"",1.51446579166667,10,3.3,30.86806789375,14.8479063532246,16.0201615405254,51.8988152924502,17.5111735,38.9394832770083,1.76247905159244e-15,38.9394832770083,163.163806079391,175.398481220483,8.74855743404623e-14,0,0,1
16-Oct-2020,PS,ok,,"",2.94990804166667,10,3.3,30.86806789375,20.4082477378769,10.4598201558731,33.8855680630109,17.5111735,8.3647385469563,8.3647385469563,8.3647385469563,158.490023618118,90.8422880513954,2.04697370165263e-15,0,0,1
16-Oct-2020,PSDT,ok,,"",1.12791120833333,10,3.3,30.86806789375,14.8479063532246,16.0201615405254,51.8988152924502,17.5111735,45.5903141831224,5.55111512312578e-17,45.5903141831224,163.163806079391,175.398481220483,1.11022302462516e-15,0,0,1
16-Oct-2020,LL,ok,,"",5.72262245833333,10,3.3,30.86806789375,28.6074055613901,2.26066233235992,7.32362757572412,17.5111735,8.36473852657721,8.36473852657618,1.00003390457459e-07,200.753723237826,83.6113209562887,2.3571700147329e-12,0,0,1
01-Nov-2020,SH_BM,ok,,"",0.706293875,10,3.3,51.55917673175,40.4872819800422,11.0718947517078,21.4741496151349,25.7987325,79.2324626869806,15.429215,79.2324626869806,351.013886891207,250.034013777367,1.08940634291343e-15,0,0,1
01-Nov-2020,VPP_BM,ok,,"",1.85226845833333,10,3.3,51.55917673175,37.8367923380125,13.7223843937375,26.6148244863019,25.7987325,78.9344292105263,14.84213,78.9344292105263,356.938494607836,319.999899915287,3.99680288865056e-15,0,0,1
01-Nov-2020,PS,ok,,"",2.40800241666667,10,3.3,51.55917673175,48.7960348448809,2.7631418868691,5.35916603409915,25.7987325,14.2801447708911,14.2801447708911,0.462180770891138,342.261284341755,80.5910599162191,1.56988137767211e-14,0,0,1
01-Nov-2020,PSDT,ok,,"",1.80068820833333,10,3.3,51.55917673175,37.8367960235129,13.7223807082371,26.6148173382041,25.7987325,70.8884857894737,4.3328360116168,66.555649777857,356.938579265435,320,4.13002965160558e-14,0,0,1
01-Nov-2020,LL,ok,,"",3.8854385,10,3.3,51.55917673175,48.7962812213368,2.76289551041322,5.35868818229566,25.7987325,14.2801434428768,14.2801434428768,0.459443442876779,342.263999186166,80.5930991975869,1.08801856413265e-14,0,0,1
02-Nov-2020,SH_BM,ok,,"",0.537842083333333,10,3.3,37.200360588,26.2266097020667,10.9737508859333,29.499044397632,18.2003795,57.1101560387812,12.05754,57.1101560387812,251.646299286722,222.825179693795,8.88178419700125e-16,0,0,1
02-Nov-2020,VPP_BM,ok,,"",1.19713829166667,10,3.3,37.200360588,22.9526985249528,14.2476620630473,38.2997955875815,18.2003795,69.8769425761773,9.99200722162641e-16,69.8769425761773,252.227456318162,261.318548046621,4.82947015711943e-15,0,0,1
02-Nov-2020,PS,ok,,"",3.42732983333333,10,3.3,37.200360588,33.5206035888881,3.67975699911189,9.8917240073713,18.2003795,10.5368672121707,10.5368672121707,6.29908198530262,239.918409603768,86.6817126339421,3.99680288865056e-15,0,0,1
02-Nov-2020,PSDT,ok,,"",2.13048558333333,10,3.3,37.200360588,22.9526985249528,14.2476620630472,38.2997955875815,18.2003795,61.3820090257992,1.0547118733939e-14,61.3820090257992,252.227456318162,261.318548046613,8.88178419700125e-15,0,0,1
02-Nov-2020,LL,ok,,"",3.04904216666667,10,3.3,37.200360588,36.0360855509237,1.16427503707633,3.12974126775507,18.2003795,10.5368671728139,10.5368671728139,1.00000002944967e-07,252.884810847535,86.6817135453615,2.76445533131664e-14,0,0,1
15-Nov-2020,SH_BM,ok,,"",0.771849125,10,3.3,47.6364833718421,35.5947976594627,12.0416857123794,25.2782843317466,25.2639187236842,65.5071386703601,15.4998130263158,65.5071386703601,304.870760479217,257.690603599666,8.88178419700125e-16,0,0,1
15-Nov-2020,VPP_BM,ok,,"",2.223223,10,3.3,47.6364833718421,32.4388994138802,15.1975839579619,31.9032449127956,25.2639187236842,75.8006984210526,15.1574842105263,75.8006984210526,309.103346630554,321.464967523516,6.88338275267597e-15,0,0,1
15-Nov-2020,PS,ok,,"",2.694430375,10,3.3,47.6364833718421,42.2258857454636,5.41059762637854,11.3580962392718,25.2639187236842,12.5209369532528,12.5209369532528,3.34941979535808,295.276631431217,108.312234801212,2.8199664825479e-14,0,0,1
15-Nov-2020,PSDT,ok,,"",2.515856875,10,3.3,47.6364833718421,32.4388994138802,15.197583957962,31.9032449127956,25.2639187236842,57.2350315789474,3.48745435216649,53.747577226781,309.103360819806,321.466221137062,9.32587340685131e-14,0,0,1
15-Nov-2020,LL,ok,,"",1.58742308333333,10,3.3,47.6364833718421,42.2263921372176,5.4100912346245,11.3570332058189,25.2639187236842,12.5209360355425,12.5209360355425,3.34383287764774,295.282202588497,108.313623892366,2.66453525910038e-15,0,0,1
16-Nov-2020,SH_BM,ok,,"",0.897157083333333,10,3.3,47.2084916728421,35.7216970976541,11.486794575188,24.3320516461153,24.038322930622,65.807874598338,13.3609915789474,65.807874598338,317.371866328838,259.493517177347,8.88178419700125e-16,0,0,1
16-Nov-2020,VPP_BM,ok,,"",2.19958283333333,10,3.3,47.2084916728421,33.4319611204415,13.7765305524006,29.1823145883855,24.038322930622,81.8506094736842,13.3478825789474,81.8506094736842,322.491975445525,319.999911566811,3.99680288865056e-15,0,0,1
16-Nov-2020,PS,ok,,"",5.18094866666667,10,3.3,47.2084916728421,44.3776864377186,2.83080523512351,5.99638991802824,24.038322930622,13.1626407969887,13.1626407969887,3.51332658646234,308.88640895516,94.4296733662511,4.30766533554561e-14,0,0,1
16-Nov-2020,PSDT,ok,,"",1.979331875,10,3.3,47.2084916728421,33.4319611204416,13.7765305524005,29.1823145883854,24.038322930622,67.8614598704648,3.30516807417906,64.5562917962858,322.492015173145,320,2.22044604925031e-15,0,0,1
16-Nov-2020,LL,ok,,"",1.90152641666667,10,3.3,47.2084916728421,44.3776848243592,2.83080684848291,5.99639333554773,24.038322930622,13.1626398320572,13.1626398320572,3.51332562153092,308.886395515785,94.4309956324478,2.47284831500494e-14,0,0,1
01-Dec-2020,SH_BM,ok,,"",0.64562525,10,3.3,49.985646892,39.2932209485518,10.6924259434482,21.3909924313884,29.0186035,70.4713914127424,16.057831,70.4713914127424,333.235628577767,228.074098938191,3.66373598126302e-14,0,0,1
01-Dec-2020,VPP_BM,ok,,"",1.41365645833333,10,3.3,49.985646892,34.9289150694838,15.0567318225162,30.1221105631544,29.0186035,69.8011815789474,12.71344,69.8011815789474,339.832302940909,320.318663066948,7.37188088351104e-14,0,0,1
01-Dec-2020,PS,ok,,"",4.16831170833333,10,3.3,49.985646892,46.1823838522407,3.80326303975934,7.60871025231852,29.0186035,13.6537696814836,13.6537696814836,2.12699408720807,324.454999086916,104.486612116469,1.35564074585809e-15,0,0,1
01-Dec-2020,PSDT,ok,,"",2.8199395,10,3.3,49.985646892,34.9289150694838,15.0567318225162,30.1221105631544,29.0186035,82.1436642105263,3.23962301602366,78.9040411945027,339.832318919544,320.320074771609,3.77475828372553e-15,0,0,1
01-Dec-2020,LL,ok,,"",2.89213725,10,3.3,49.985646892,46.182645123447,3.80300176855296,7.60818755986054,29.0186035,13.6537684266686,13.6537684266686,1.10561842666864,324.457856705477,104.486944278501,1.77635683940025e-15,0,0,1
02-Dec-2020,SH_BM,ok,,"",0.783305083333333,10,3.3,41.052546439,30.1432869205801,10.9092595184199,26.5738924006333,23.9856345,57.5473663490305,12.36825,57.5473663490305,283.750861918463,228.491663685289,1.55431223447522e-15,0,0,1
02-Dec-2020,VPP_BM,ok,,"",1.17776420833333,10,3.3,41.052546439,26.5041915757837,14.5483548632163,35.4383738042503,23.9856345,75.8724942105263,3.0970238758421e-05,75.8724942105263,291.254817426914,304.879063417682,4.66293670342566e-15,0,0,1
02-Dec-2020,PS,ok,,"",1.870219375,10,3.3,41.052546439,38.8533450212253,2.19920141777473,5.35704020466191,23.9856345,12.0750356373561,12.0750356373561,3.96809390051401,276.431817290463,96.3940177648223,1.35447209004269e-14,0,0,1
02-Dec-2020,PSDT,ok,,"",1.82444666666667,10,3.3,41.052546439,26.5041915757838,14.5483548632162,35.4383738042502,23.9856345,75.8724942105263,1.00000004173151e-07,75.8724941105263,291.254851122899,304.879130809281,1.33226762955019e-14,0,0,1
02-Dec-2020,LL,ok,,"",2.135518,10,3.3,41.052546439,38.9103366811582,2.14220975784181,5.21821407844924,23.9856345,12.0750344298527,12.0750344298527,1.45877457573011,276.725880768293,101.056713188147,4.44089209850063e-15,0,0,1
15-Dec-2020,SH_BM,quality_rejected,StoreNet:QualityRejected,"Day 2020-12-15 fails release_literal: physical_incomplete:H14.",0,10,3.3,NaN,NaN,NaN,NaN,NaN,NaN,NaN,NaN,NaN,NaN,NaN,NaN,NaN,NaN
15-Dec-2020,VPP_BM,quality_rejected,StoreNet:QualityRejected,"Day 2020-12-15 fails release_literal: physical_incomplete:H14.",0,10,3.3,NaN,NaN,NaN,NaN,NaN,NaN,NaN,NaN,NaN,NaN,NaN,NaN,NaN,NaN
15-Dec-2020,PS,quality_rejected,StoreNet:QualityRejected,"Day 2020-12-15 fails release_literal: physical_incomplete:H14.",0,10,3.3,NaN,NaN,NaN,NaN,NaN,NaN,NaN,NaN,NaN,NaN,NaN,NaN,NaN,NaN
15-Dec-2020,PSDT,quality_rejected,StoreNet:QualityRejected,"Day 2020-12-15 fails release_literal: physical_incomplete:H14.",0,10,3.3,NaN,NaN,NaN,NaN,NaN,NaN,NaN,NaN,NaN,NaN,NaN,NaN,NaN,NaN
15-Dec-2020,LL,quality_rejected,StoreNet:QualityRejected,"Day 2020-12-15 fails release_literal: physical_incomplete:H14.",0,10,3.3,NaN,NaN,NaN,NaN,NaN,NaN,NaN,NaN,NaN,NaN,NaN,NaN,NaN,NaN
16-Dec-2020,SH_BM,quality_rejected,StoreNet:QualityRejected,"Day 2020-12-16 fails release_literal: physical_incomplete:H14.",0,10,3.3,NaN,NaN,NaN,NaN,NaN,NaN,NaN,NaN,NaN,NaN,NaN,NaN,NaN,NaN
16-Dec-2020,VPP_BM,quality_rejected,StoreNet:QualityRejected,"Day 2020-12-16 fails release_literal: physical_incomplete:H14.",0,10,3.3,NaN,NaN,NaN,NaN,NaN,NaN,NaN,NaN,NaN,NaN,NaN,NaN,NaN,NaN
16-Dec-2020,PS,quality_rejected,StoreNet:QualityRejected,"Day 2020-12-16 fails release_literal: physical_incomplete:H14.",0,10,3.3,NaN,NaN,NaN,NaN,NaN,NaN,NaN,NaN,NaN,NaN,NaN,NaN,NaN,NaN
16-Dec-2020,PSDT,quality_rejected,StoreNet:QualityRejected,"Day 2020-12-16 fails release_literal: physical_incomplete:H14.",0,10,3.3,NaN,NaN,NaN,NaN,NaN,NaN,NaN,NaN,NaN,NaN,NaN,NaN,NaN,NaN
16-Dec-2020,LL,quality_rejected,StoreNet:QualityRejected,"Day 2020-12-16 fails release_literal: physical_incomplete:H14.",0,10,3.3,NaN,NaN,NaN,NaN,NaN,NaN,NaN,NaN,NaN,NaN,NaN,NaN,NaN,NaN
