ExperimentId,CaseId,Day,BudgetId,Strategy,ScenarioId,PairId,CohortId,PvBoundaryId,TransferLossFraction,SensitivityRole,IsPrimary,CapacityRatio,PowerRatio,QualityMode,BatteryCapacityKWh,BatteryPowerKW,SelfDischargeKW,HouseCount,PvHomeCount,H4MaskAffected,H4AlignmentCategory,Status,ErrorIdentifier,ErrorMessage,WallTimeSeconds,PaperLoadOnlyBaselineBillEUR,PaperLoadOnlyBaselinePeakImportKW,PaperLoadOnlyBaselineDaytimePeakImportKW,PaperLoadOnlySavingsEUR,PaperLoadOnlySavingsPercent,PaperSavingsPercentDenominatorIsZero,PvSelfNoBatteryBaselineBillEUR,PvSelfNoBatteryBaselinePeakImportKW,PvSelfNoBatteryBaselineDaytimePeakImportKW,PvSelfNoBatterySavingsEUR,PvSelfNoBatterySavingsPercent,EngineeringSavingsPercentDenominatorIsZero,OptimizedBillEUR,PeakImportKW,DaytimePeakImportKW,ImportSpreadKW,TotalGridImportKWh,TotalBatteryThroughputKWh,TotalCurtailedPvKWh,TotalSharedExportKWh,EnergyBalanceResidualKW,PvAllocationResidualKW,HomeBalanceResidualKW,BatteryDynamicsResidualKW,AggregateImportResidualKW,ChargeConversionResidualKW,DischargeConversionResidualKW,InitialSocErrorKWh,TerminalSocErrorKWh,SocBoundViolationKWh,ChargePowerViolationKW,DischargePowerViolationKW,AggregateImportNonnegativeViolationKW,SimultaneousChargeDischargeKW,SimultaneousChargeDischargeCount,MaximumLexicographicViolation,StageCount,MinimumStageExitFlag,MaximumStageRelativeGap,StageNames,StageValues,StageExitFlags,StageRelativeGaps,CaseDirectory,InputsPath,InputsSha256,SolutionPath,SolutionSha256,StagesPath,MetricsPath
FIGURE_7,figure7_c020_p020_DC_XI007_H20_VPP_BM,24-Aug-2020,GRID,VPP_BM,DC_XI007_H20,DC_XI007,H20_PV10,DC_SOURCE,0.07,PRIMARY,1,0.2,0.2,release_literal,2,0.66,0,20,10,1,same_date_plus60_core,ok,,,6.359923875,36.671172405,18.87078,18.87078,9.3264184292602,25.4325613761631,0,33.29714113,17.9361625,17.9361625,5.9523871542602,17.8765712378149,0,27.3447539757398,22.7752368421053,16.40303289,22.7752368421053,204.690712226548,66.1167914767517,NaN,NaN,1.28785870856518e-14,NaN,NaN,NaN,NaN,NaN,NaN,NaN,0,NaN,NaN,NaN,NaN,0,NaN,NaN,NaN,1,NaN,,,,,,,,,,,
FIGURE_7,figure7_c030_p020_DC_XI007_H20_VPP_BM,24-Aug-2020,GRID,VPP_BM,DC_XI007_H20,DC_XI007,H20_PV10,DC_SOURCE,0.07,PRIMARY,1,0.3,0.2,release_literal,3,0.66,0,20,10,1,same_date_plus60_core,ok,,,6.68683454166667,36.671172405,18.87078,18.87078,10.6828995477825,29.1316007838514,0,33.29714113,17.9361625,17.9361625,7.30886827278249,21.9504378596556,0,25.9882728572175,24.0954968421053,15.61805639,24.0954968421054,206.640483997594,96.4001161879356,0,23.1387579060322,3.01980662698043e-14,1.0547118733939e-15,1.60704782814491e-14,3.01980662698043e-14,0,0,0,0,0,5.55111512312578e-16,2.22044604925031e-16,3.10862446895044e-15,1.75998104978703e-13,0,0,0,2,1,3.40529406916056e-14,billEUR|batteryThroughputKWh,25.988270258390525|96.400116187935623,1|1,0|3.4052940691605625e-14,,,,,,,
FIGURE_7,figure7_c040_p020_DC_XI007_H20_VPP_BM,24-Aug-2020,GRID,VPP_BM,DC_XI007_H20,DC_XI007,H20_PV10,DC_SOURCE,0.07,PRIMARY,1,0.4,0.2,release_literal,4,0.66,0,20,10,1,same_date_plus60_core,ok,,,10.1491670833333,36.671172405,18.87078,18.87078,12.0187663598902,32.7744262636432,0,33.29714113,17.9361625,17.9361625,8.6447350848902,25.9623943423223,0,24.6524060451098,24.0954968421053,13.5812,24.0954968421053,208.696496858115,127.999934790219,NaN,NaN,4.32986979603811e-15,NaN,NaN,NaN,NaN,NaN,NaN,NaN,0,NaN,NaN,NaN,NaN,0,NaN,NaN,NaN,1,NaN,,,,,,,,,,,
FIGURE_7,figure7_c050_p020_DC_XI007_H20_VPP_BM,24-Aug-2020,GRID,VPP_BM,DC_XI007_H20,DC_XI007,H20_PV10,DC_SOURCE,0.07,PRIMARY,1,0.5,0.2,release_literal,5,0.66,0,20,10,1,same_date_plus60_core,ok,,,5.03246595833333,36.671172405,18.87078,18.87078,13.3420477132709,36.3829319824304,0,33.29714113,17.9361625,17.9361625,9.96801643827094,29.9365534096559,0,23.3291246917291,24.3980368421053,13.9008,24.3980368421053,210.817402417279,159.999938290521,0,36.0346716879977,4.44089209850063e-15,1.0547118733939e-15,5.82867087928207e-16,4.44089209850063e-15,0,0,0,0,0,1.11022302462516e-16,1.11022302462516e-16,6.66133814775094e-16,1.33226762955019e-15,0,0,0,2,1,0,billEUR|batteryThroughputKWh,23.329122358816843|159.99993829052138,1|1,0|0,,,,,,,
FIGURE_7,figure7_c060_p020_DC_XI007_H20_VPP_BM,24-Aug-2020,GRID,VPP_BM,DC_XI007_H20,DC_XI007,H20_PV10,DC_SOURCE,0.07,PRIMARY,1,0.6,0.2,release_literal,6,0.66,0,20,10,1,same_date_plus60_core,ok,,,3.44633133333333,36.671172405,18.87078,18.87078,14.656870492428,39.9683716968634,0,33.29714113,17.9361625,17.9361625,11.282839217428,33.8853091722713,0,22.014301912572,24.3980368421053,11.45354,24.3980368421053,212.98190886825,191.99994176845,NaN,NaN,2.55351295663786e-15,NaN,NaN,NaN,NaN,NaN,NaN,NaN,0,NaN,NaN,NaN,NaN,0,NaN,NaN,NaN,1,NaN,,,,,,,,,,,
FIGURE_7,figure7_c070_p020_DC_XI007_H20_VPP_BM,24-Aug-2020,GRID,VPP_BM,DC_XI007_H20,DC_XI007,H20_PV10,DC_SOURCE,0.07,PRIMARY,1,0.7,0.2,release_literal,7,0.66,0,20,10,1,same_date_plus60_core,ok,,,3.41056270833333,36.671172405,18.87078,18.87078,15.7570257130428,42.9684263677764,0,33.29714113,17.9361625,17.9361625,12.3829944380428,37.189362262954,0,20.9141466919572,24.3980368421053,5.700921865,24.3980368421053,215.171209452195,220.213628759753,0,54.1221950459501,1.66533453693773e-15,1.11022302462516e-16,2.22044604925031e-16,1.66533453693773e-15,0,0,0,0,0,1.11022302462516e-16,1.11022302462516e-16,6.66133814775094e-16,1.08246744900953e-15,0,0,0,2,1,0,billEUR|batteryThroughputKWh,20.914144600542802|220.21362875975311,1|1,0|0,,,,,,,
FIGURE_7,figure7_c080_p020_DC_XI007_H20_VPP_BM,24-Aug-2020,GRID,VPP_BM,DC_XI007_H20,DC_XI007,H20_PV10,DC_SOURCE,0.07,PRIMARY,1,0.8,0.2,release_literal,8,0.66,0,20,10,1,same_date_plus60_core,ok,,,2.1621405,36.671172405,18.87078,18.87078,15.7883443854625,43.0538304341473,0,33.29714113,17.9361625,17.9361625,12.4143131104625,37.2834204053557,0,20.8828280195375,24.3980368421053,5.700921865,24.3980368421053,214.827048216814,221.079596486344,NaN,NaN,3.44169137633799e-15,NaN,NaN,NaN,NaN,NaN,NaN,NaN,0,NaN,NaN,NaN,NaN,0,NaN,NaN,NaN,1,NaN,,,,,,,,,,,
FIGURE_7,figure7_c090_p020_DC_XI007_H20_VPP_BM,24-Aug-2020,GRID,VPP_BM,DC_XI007_H20,DC_XI007,H20_PV10,DC_SOURCE,0.07,PRIMARY,1,0.9,0.2,release_literal,9,0.66,0,20,10,1,same_date_plus60_core,ok,,,3.35212358333333,36.671172405,18.87078,18.87078,15.7915235510125,43.0624998203204,0,33.29714113,17.9361625,17.9361625,12.4174922760125,37.2929682687522,0,20.8796488539875,24.3980368421053,5.700921865,24.3980368421053,214.792112331648,221.755598882853,0,48.4266019374197,2.55351295663786e-15,5.55111512312578e-16,2.22044604925031e-16,2.55351295663786e-15,0,0,0,0,0,1.11022302462516e-16,5.55111512312578e-16,7.7715611723761e-16,3.21964677141295e-15,0,0,0,2,1,1.24321813232124e-14,billEUR|batteryThroughputKWh,20.879646766022823|221.75559888285395,1|1,0|1.243218132321236e-14,,,,,,,
FIGURE_7,figure7_c100_p020_DC_XI007_H20_VPP_BM,24-Aug-2020,GRID,VPP_BM,DC_XI007_H20,DC_XI007,H20_PV10,DC_SOURCE,0.07,PRIMARY,1,1,0.2,release_literal,10,0.66,0,20,10,1,same_date_plus60_core,ok,,,2.07114095833333,36.671172405,18.87078,18.87078,15.7915235510125,43.0624998203204,0,33.29714113,17.9361625,17.9361625,12.4174922760125,37.2929682687521,0,20.8796488539875,24.3980368421053,5.700921865,24.3980368421053,214.792112331648,221.755598882856,NaN,NaN,1.99840144432528e-15,NaN,NaN,NaN,NaN,NaN,NaN,NaN,0,NaN,NaN,NaN,NaN,0,NaN,NaN,NaN,1,NaN,,,,,,,,,,,
FIGURE_7,figure7_c020_p030_DC_XI007_H20_VPP_BM,24-Aug-2020,GRID,VPP_BM,DC_XI007_H20,DC_XI007,H20_PV10,DC_SOURCE,0.07,PRIMARY,1,0.2,0.3,release_literal,2,0.99,0,20,10,1,same_date_plus60_core,ok,,,4.157192375,36.671172405,18.87078,18.87078,9.3312798432258,25.4458181488452,0,33.29714113,17.9361625,17.9361625,5.9572485682258,17.891171331999,0,27.3398925617742,26.4176505263158,16.16085689,26.4176505263158,204.665653391674,66.6887884641882,0,17.5681557679059,8.74855743404623e-14,8.74855743404623e-14,4.44089209850063e-16,1.33226762955019e-15,0,0,0,0,0,1.11022302462516e-16,2.22044604925031e-16,3.33066907387547e-16,8.88178419700125e-16,0,0,0,2,1,1.60245267487062e-13,billEUR|batteryThroughputKWh,27.339889827785264|66.688788464188249,1|1,0|1.602452674870615e-13,,,,,,,
FIGURE_7,figure7_c030_p030_DC_XI007_H20_VPP_BM,24-Aug-2020,GRID,VPP_BM,DC_XI007_H20,DC_XI007,H20_PV10,DC_SOURCE,0.07,PRIMARY,1,0.3,0.3,release_literal,3,0.99,0,20,10,1,same_date_plus60_core,ok,,,4.980731375,36.671172405,18.87078,18.87078,10.696545588585,29.1688126860283,0,33.29714113,17.9361625,17.9361625,7.32251431358496,21.9914204796025,0,25.974626816415,29.7226052631579,15.26550257,29.7226052631579,206.570143581087,97.2536968386906,0,21.8290445806547,2.77555756156289e-15,9.99200722162641e-16,9.99200722162641e-16,2.77555756156289e-15,0,0,0,0,0,5.55111512312578e-17,1.11022302462516e-16,3.33066907387547e-16,1.77635683940025e-15,0,0,0,2,1,0,billEUR|batteryThroughputKWh,25.974624218952631|97.253696838690544,1|1,0|0,,,,,,,
FIGURE_7,figure7_c040_p030_DC_XI007_H20_VPP_BM,24-Aug-2020,GRID,VPP_BM,DC_XI007_H20,DC_XI007,H20_PV10,DC_SOURCE,0.07,PRIMARY,1,0.4,0.3,release_literal,4,0.99,0,20,10,1,same_date_plus60_core,ok,,,5.58870933333333,36.671172405,18.87078,18.87078,12.0485901997441,32.8557540148385,0,33.29714113,17.9361625,17.9361625,8.67455892474414,26.0519631126185,0,24.6225822052559,31.0428652631579,13.9493537448805,31.0428652631579,208.542783946788,128.120186584336,0,26.9557997078319,1.22124532708767e-15,1.11022302462516e-16,4.44089209850063e-16,1.22124532708767e-15,0,0,0,0,0,1.11022302462516e-16,1.11022302462516e-16,3.33066907387547e-16,4.16333634234434e-16,0,0,0,2,1,0,billEUR|batteryThroughputKWh,24.622579742997896|128.1201865843363,1|1,0|0,,,,,,,
FIGURE_7,figure7_c050_p030_DC_XI007_H20_VPP_BM,24-Aug-2020,GRID,VPP_BM,DC_XI007_H20,DC_XI007,H20_PV10,DC_SOURCE,0.07,PRIMARY,1,0.5,0.3,release_literal,5,0.99,0,20,10,1,same_date_plus60_core,ok,,,5.824480125,36.671172405,18.87078,18.87078,13.3795126555774,36.485096543445,0,33.29714113,17.9361625,17.9361625,10.0054813805774,30.0490704037132,0,23.2916597494226,31.0428652631579,13.40837027,31.0428652631579,210.624284185659,159.999938389623,0,33.2758397350707,4.44089209850063e-15,1.11022302462516e-16,6.66133814775094e-16,4.44089209850063e-15,0,0,0,0,0,8.88178419700125e-16,6.66133814775094e-16,9.99200722162641e-16,2.34534613952064e-15,0,0,0,2,1,0,billEUR|batteryThroughputKWh,23.291657420256843|159.99993838962257,1|1,0|0,,,,,,,
FIGURE_7,figure7_c060_p030_DC_XI007_H20_VPP_BM,24-Aug-2020,GRID,VPP_BM,DC_XI007_H20,DC_XI007,H20_PV10,DC_SOURCE,0.07,PRIMARY,1,0.6,0.3,release_literal,6,0.99,0,20,10,1,same_date_plus60_core,ok,,,3.65542641666667,36.671172405,18.87078,18.87078,14.7027940089582,40.0936022622323,0,33.29714113,17.9361625,17.9361625,11.3287627339582,34.0232294710467,0,21.9683783960418,31.3454052631579,12.90823,31.3454052631579,212.745189744823,191.999941889925,0,40.1158413977146,1.55431223447522e-15,9.43689570931383e-16,8.88178419700125e-16,1.55431223447522e-15,0,0,0,0,0,1.11022302462516e-16,1.11022302462516e-16,3.33066907387547e-16,1.72084568816899e-15,0,0,0,2,1,0,billEUR|batteryThroughputKWh,21.968376199204208|191.99994188992548,1|1,0|0,,,,,,,
FIGURE_7,figure7_c070_p030_DC_XI007_H20_VPP_BM,24-Aug-2020,GRID,VPP_BM,DC_XI007_H20,DC_XI007,H20_PV10,DC_SOURCE,0.07,PRIMARY,1,0.7,0.3,release_literal,7,0.99,0,20,10,1,same_date_plus60_core,ok,,,4.03764029166667,36.671172405,18.87078,18.87078,16.0094603575146,43.6567998991268,0,33.29714113,17.9361625,17.9361625,12.6354290825146,37.9474893450549,0,20.6617120474854,31.3454052631579,9.96847171656262,31.3454052631579,214.95173964647,223.999945346279,0,48.1793336994825,5.44009282066327e-15,1.11022302462516e-16,4.44089209850063e-16,5.44009282066327e-15,0,0,0,0,0,8.88178419700125e-16,1.11022302462516e-16,3.33066907387547e-16,4.82947015711943e-15,0,0,0,2,1,0,billEUR|batteryThroughputKWh,20.661709981314381|223.99994534627882,1|1,0|0,,,,,,,
FIGURE_7,figure7_c080_p030_DC_XI007_H20_VPP_BM,24-Aug-2020,GRID,VPP_BM,DC_XI007_H20,DC_XI007,H20_PV10,DC_SOURCE,0.07,PRIMARY,1,0.8,0.3,release_literal,8,0.99,0,20,10,1,same_date_plus60_core,ok,,,3.85391066666667,36.671172405,18.87078,18.87078,16.9587509796313,46.2454562192264,0,33.29714113,17.9361625,17.9361625,13.5847197046313,40.7984566951057,0,19.7124214253687,31.3454052631579,6.75015598972095e-14,31.3454052631579,216.620015663392,247.894639659648,0,54.6504548390217,9.80326930744013e-14,1.22124532708767e-15,4.44089209850063e-16,9.80326930744013e-14,0,0,0,0,0,8.88178419700125e-16,1.11022302462516e-16,3.33066907387547e-16,3.99680288865056e-15,0,0,0,2,1,0,billEUR|batteryThroughputKWh,19.712419454126781|247.89463965964799,1|1,0|0,,,,,,,
FIGURE_7,figure7_c090_p030_DC_XI007_H20_VPP_BM,24-Aug-2020,GRID,VPP_BM,DC_XI007_H20,DC_XI007,H20_PV10,DC_SOURCE,0.07,PRIMARY,1,0.9,0.3,release_literal,9,0.99,0,20,10,1,same_date_plus60_core,ok,,,6.88439179166667,36.671172405,18.87078,18.87078,16.9898302808675,46.3302075353091,0,33.29714113,17.9361625,17.9361625,13.6157990058675,40.891795943406,0,19.6813421241325,31.3454052631579,4.44089209850063e-16,31.3454052631579,216.278484880577,248.203889281669,0,49.9049479215198,1.4210854715202e-14,1.11022302462516e-16,4.44089209850063e-16,1.4210854715202e-14,0,0,0,0,0,7.105427357601e-15,1.11022302462516e-16,3.33066907387547e-16,1.16573417585641e-15,0,0,0,2,1,0,billEUR|batteryThroughputKWh,19.681340155998512|248.2038892816696,1|1,0|0,,,,,,,
FIGURE_7,figure7_c100_p030_DC_XI007_H20_VPP_BM,24-Aug-2020,GRID,VPP_BM,DC_XI007_H20,DC_XI007,H20_PV10,DC_SOURCE,0.07,PRIMARY,1,1,0.3,release_literal,10,0.99,0,20,10,1,same_date_plus60_core,ok,,,4.5744995,36.671172405,18.87078,18.87078,17.0020153934569,46.3634355773658,0,33.29714113,17.9361625,17.9361625,13.6279841184569,40.9283910148623,0,19.6691570115431,31.3454052631579,1.11022302462516e-15,31.3454052631579,216.144582544429,252.292601981383,0,46.6274473953335,3.21964677141295e-15,8.88178419700125e-16,4.44089209850063e-16,3.21964677141295e-15,0,0,0,0,0,1.11022302462516e-16,1.11022302462516e-16,3.33066907387547e-16,6.10622663543836e-16,0,0,0,2,1,0,billEUR|batteryThroughputKWh,19.669155044627587|252.29260198138329,1|1,0|0,,,,,,,
FIGURE_7,figure7_c020_p040_DC_XI007_H20_VPP_BM,24-Aug-2020,GRID,VPP_BM,DC_XI007_H20,DC_XI007,H20_PV10,DC_SOURCE,0.07,PRIMARY,1,0.2,0.4,release_literal,2,1.32,0,20,10,1,same_date_plus60_core,ok,,,2.34908975,36.671172405,18.87078,18.87078,9.3334085084386,25.4516228861175,0,33.29714113,17.9361625,17.9361625,5.9593772334386,17.8975642688715,0,27.3377638965614,33.8165736842105,16.27521789,33.8165736842105,204.654680890577,66.6887885738997,NaN,NaN,5.55111512312578e-15,NaN,NaN,NaN,NaN,NaN,NaN,NaN,0,NaN,NaN,NaN,NaN,0,NaN,NaN,NaN,1,NaN,,,,,,,,,,,
FIGURE_7,figure7_c030_p040_DC_XI007_H20_VPP_BM,24-Aug-2020,GRID,VPP_BM,DC_XI007_H20,DC_XI007,H20_PV10,DC_SOURCE,0.07,PRIMARY,1,0.3,0.4,release_literal,3,1.32,0,20,10,1,same_date_plus60_core,ok,,,4.13576408333333,36.671172405,18.87078,18.87078,10.7045585474668,29.190663525138,0,33.29714113,17.9361625,17.9361625,7.3305272724668,22.0154854852153,0,25.9666138575332,33.00156,14.98670257,33.00156,206.528839669325,97.8368625148938,0,21.0307152425531,1.4432899320127e-13,6.93889390390723e-16,1.08246744900953e-15,1.4432899320127e-13,0,0,0,0,0,3.88578058618805e-16,2.22044604925031e-16,4.44089209850063e-16,3.13638004456607e-15,0,0,0,2,1,0,billEUR|batteryThroughputKWh,25.966611260872106|97.836862514893795,1|1,0|0,,,,,,,
FIGURE_7,figure7_c040_p040_DC_XI007_H20_VPP_BM,24-Aug-2020,GRID,VPP_BM,DC_XI007_H20,DC_XI007,H20_PV10,DC_SOURCE,0.07,PRIMARY,1,0.4,0.4,release_literal,4,1.32,0,20,10,1,same_date_plus60_core,ok,,,10.898664625,36.671172405,18.87078,18.87078,12.0611686065704,32.8900545457497,0,33.29714113,17.9361625,17.9361625,8.6871373315704,26.0897393492545,0,24.6100037984296,34.0754663157895,13.83194,34.0754663157895,208.477946798199,129.117651443234,NaN,NaN,4.53438456373222e-14,NaN,NaN,NaN,NaN,NaN,NaN,NaN,0,NaN,NaN,NaN,NaN,0,NaN,NaN,NaN,1,NaN,,,,,,,,,,,
FIGURE_7,figure7_c050_p040_DC_XI007_H20_VPP_BM,24-Aug-2020,GRID,VPP_BM,DC_XI007_H20,DC_XI007,H20_PV10,DC_SOURCE,0.07,PRIMARY,1,0.5,0.4,release_literal,5,1.32,0,20,10,1,same_date_plus60_core,ok,,,12.0929560416667,36.671172405,18.87078,18.87078,13.4045386895795,36.5533409773173,0,33.29714113,17.9361625,17.9361625,10.0305074145795,30.1242301115823,0,23.2666337154205,36.6699736842105,13.2483563453348,36.6699736842106,210.49530122653,160.060015425963,0,31.4117467870184,4.32986979603811e-15,1.77635683940025e-15,4.44089209850063e-16,4.32986979603811e-15,0,0,0,0,0,1.11022302462516e-16,4.44089209850063e-16,4.44089209850063e-16,8.39744940250853e-14,0,0,0,2,1,0,billEUR|batteryThroughputKWh,23.266631388757368|160.06001542596323,1|1,0|0,,,,,,,
FIGURE_7,figure7_c060_p040_DC_XI007_H20_VPP_BM,24-Aug-2020,GRID,VPP_BM,DC_XI007_H20,DC_XI007,H20_PV10,DC_SOURCE,0.07,PRIMARY,1,0.6,0.4,release_literal,6,1.32,0,20,10,1,same_date_plus60_core,ok,,,2.33127145833333,36.671172405,18.87078,18.87078,14.730132276352,40.1681520123518,0,33.29714113,17.9361625,17.9361625,11.356101001352,34.1053334189114,0,21.941040128648,37.9902336842105,13.18837,37.9902336842105,212.604270860938,191.99994196224,NaN,NaN,1.64313007644523e-14,NaN,NaN,NaN,NaN,NaN,NaN,NaN,0,NaN,NaN,NaN,NaN,0,NaN,NaN,NaN,1,NaN,,,,,,,,,,,
FIGURE_7,figure7_c070_p040_DC_XI007_H20_VPP_BM,24-Aug-2020,GRID,VPP_BM,DC_XI007_H20,DC_XI007,H20_PV10,DC_SOURCE,0.07,PRIMARY,1,0.7,0.4,release_literal,7,1.32,0,20,10,1,same_date_plus60_core,ok,,,3.375711875,36.671172405,18.87078,18.87078,16.0452225124136,43.7543210650825,0,33.29714113,17.9361625,17.9361625,12.6711912374136,38.0548924243745,0,20.6259498925864,38.2927736842105,10.9387738829865,38.2927736842105,214.76739866827,223.999945440875,0,45.5458910844159,7.105427357601e-15,1.11022302462516e-16,8.88178419700125e-16,7.105427357601e-15,0,0,0,0,0,7.7715611723761e-16,2.22044604925031e-16,4.44089209850063e-16,1.99840144432528e-15,0,0,0,2,1,0,billEUR|batteryThroughputKWh,20.625947829991578|223.99994544087548,1|1,0|0,,,,,,,
FIGURE_7,figure7_c080_p040_DC_XI007_H20_VPP_BM,24-Aug-2020,GRID,VPP_BM,DC_XI007_H20,DC_XI007,H20_PV10,DC_SOURCE,0.07,PRIMARY,1,0.8,0.4,release_literal,8,1.32,0,20,10,1,same_date_plus60_core,ok,,,2.862978375,36.671172405,18.87078,18.87078,16.9919349077406,46.3359467215283,0,33.29714113,17.9361625,17.9361625,13.6179036327406,40.8981166868743,0,19.6792374972594,37.9902336842105,1.38777878078145e-15,37.9902336842105,216.255357112741,247.140952994741,NaN,NaN,7.35522753814166e-15,NaN,NaN,NaN,NaN,NaN,NaN,NaN,0,NaN,NaN,NaN,NaN,0,NaN,NaN,NaN,1,NaN,,,,,,,,,,,
FIGURE_7,figure7_c090_p040_DC_XI007_H20_VPP_BM,24-Aug-2020,GRID,VPP_BM,DC_XI007_H20,DC_XI007,H20_PV10,DC_SOURCE,0.07,PRIMARY,1,0.9,0.4,release_literal,9,1.32,0,20,10,1,same_date_plus60_core,ok,,,5.679931,36.671172405,18.87078,18.87078,17.0276132720656,46.4332393958147,0,33.29714113,17.9361625,17.9361625,13.6535819970656,41.0052681212442,0,19.6435591329344,37.9902336842105,5.99520433297585e-15,37.9902336842105,215.863287175104,246.456862361322,0,44.8940601045042,2.95319324550292e-14,2.95319324550292e-14,8.88178419700125e-16,2.8421709430404e-14,0,0,0,0,0,1.11022302462516e-16,2.22044604925031e-16,1.11022302462516e-15,9.99200722162641e-16,0,0,2.8421709430404e-14,2,1,0,billEUR|batteryThroughputKWh,19.643557168578678|246.45686236132278,1|1,0|0,,,,,,,
FIGURE_7,figure7_c100_p040_DC_XI007_H20_VPP_BM,24-Aug-2020,GRID,VPP_BM,DC_XI007_H20,DC_XI007,H20_PV10,DC_SOURCE,0.07,PRIMARY,1,1,0.4,release_literal,10,1.32,0,20,10,1,same_date_plus60_core,ok,,,3.82822670833333,36.671172405,18.87078,18.87078,17.0580464310756,46.5162287223459,0,33.29714113,17.9361625,17.9361625,13.6840151560756,41.0966668359002,0,19.6131259739244,35.45714,6.82787160144471e-15,35.45714,215.528856856312,247.471909096474,NaN,NaN,1.74416037168612e-13,NaN,NaN,NaN,NaN,NaN,NaN,NaN,0,NaN,NaN,NaN,NaN,0,NaN,NaN,NaN,1,NaN,,,,,,,,,,,
FIGURE_7,figure7_c020_p050_DC_XI007_H20_VPP_BM,24-Aug-2020,GRID,VPP_BM,DC_XI007_H20,DC_XI007,H20_PV10,DC_SOURCE,0.07,PRIMARY,1,0.2,0.5,release_literal,2,1.65,0,20,10,1,same_date_plus60_core,ok,,,3.14453583333333,36.671172405,18.87078,18.87078,9.3355371736515,25.4574276233901,0,33.29714113,17.9361625,17.9361625,5.9615058986515,17.9039572057443,0,27.3356352313485,29.9631063157895,15.71681689,29.9631063157895,204.64370838948,66.6887886836233,0,17.2546556581884,4.66293670342566e-15,3.33066907387547e-16,8.32667268468867e-16,4.66293670342566e-15,0,0,0,0,0,1.33226762955019e-15,0,4.44089209850063e-16,3.02535774210355e-15,0,0,0,2,1,0,billEUR|batteryThroughputKWh,27.335632497785262|66.688788683623287,1|1,0|0,,,,,,,
FIGURE_7,figure7_c030_p050_DC_XI007_H20_VPP_BM,24-Aug-2020,GRID,VPP_BM,DC_XI007_H20,DC_XI007,H20_PV10,DC_SOURCE,0.07,PRIMARY,1,0.3,0.5,release_literal,3,1.65,0,20,10,1,same_date_plus60_core,ok,,,4.34306754166667,36.671172405,18.87078,18.87078,10.7109996808209,29.2082280940669,0,33.29714113,17.9361625,17.9361625,7.33696840582091,22.0348298887752,0,25.9601727241791,37.0042431578947,15.32339957,37.0042431578947,206.495637951005,98.4968628469082,0,20.320690576546,1.82243109492219e-13,1.82243109492219e-13,2.22044604925031e-16,7.105427357601e-15,0,0,0,0,0,4.44089209850063e-16,0,4.44089209850063e-16,2.44249065417534e-15,0,0,0,2,1,0,billEUR|batteryThroughputKWh,25.960170128162105|98.496862846908172,1|1,0|0,,,,,,,
FIGURE_7,figure7_c040_p050_DC_XI007_H20_VPP_BM,24-Aug-2020,GRID,VPP_BM,DC_XI007_H20,DC_XI007,H20_PV10,DC_SOURCE,0.07,PRIMARY,1,0.4,0.5,release_literal,4,1.65,0,20,10,1,same_date_plus60_core,ok,,,6.12551154166667,36.671172405,18.87078,18.87078,12.0720759971906,32.9197983196868,0,33.29714113,17.9361625,17.9361625,8.69804472219062,26.1224970883578,0,24.5990964078094,38.8176736842105,13.43936,38.8176736842105,208.421723135208,129.25376774232,0,24.8215091288399,4.57150209351826e-14,1.4432899320127e-15,2.27595720048157e-15,4.57150209351826e-14,0,0,0,0,0,4.44089209850063e-16,0,1.99840144432528e-15,7.66053886991358e-15,0,0,0,2,1,0,billEUR|batteryThroughputKWh,24.599093947899991|129.25376774232024,1|1,0|0,,,,,,,
FIGURE_7,figure7_c050_p050_DC_XI007_H20_VPP_BM,24-Aug-2020,GRID,VPP_BM,DC_XI007_H20,DC_XI007,H20_PV10,DC_SOURCE,0.07,PRIMARY,1,0.5,0.5,release_literal,5,1.65,0,20,10,1,same_date_plus60_core,ok,,,8.600766625,36.671172405,18.87078,18.87078,13.4210764376964,36.5984383849874,0,33.29714113,17.9361625,17.9361625,10.0470451626964,30.1738972828639,0,23.2500959673036,43.3541842105263,11.80366,43.3541842105263,210.410055102216,160.346607857358,0,30.0915905713209,1.02140518265514e-14,5.55111512312578e-16,3.37230243729891e-15,1.02140518265514e-14,0,0,0,0,0,1.11022302462516e-16,0,3.5527136788005e-15,2.47857290247566e-14,0,0,0,2,1,0,billEUR|batteryThroughputKWh,23.25009364229421|160.34660785735815,1|1,0|0,,,,,,,
FIGURE_7,figure7_c060_p050_DC_XI007_H20_VPP_BM,24-Aug-2020,GRID,VPP_BM,DC_XI007_H20,DC_XI007,H20_PV10,DC_SOURCE,0.07,PRIMARY,1,0.6,0.5,release_literal,6,1.65,0,20,10,1,same_date_plus60_core,ok,,,5.627541375,36.671172405,18.87078,18.87078,14.7522200263408,40.2283839289779,0,33.29714113,17.9361625,17.9361625,11.3781887513408,34.1716686934702,0,21.9189523786592,43.6173421052632,10.42112,43.6173421052632,212.490416495879,191.999942020666,0,36.4762234598164,7.32747196252603e-15,5.55111512312578e-16,3.59434704222394e-15,7.32747196252603e-15,0,0,0,0,0,1.77635683940025e-15,0,2.66453525910038e-15,8.79851747015437e-15,0,0,0,2,1,0,billEUR|batteryThroughputKWh,21.918950186764206|191.99994202066611,1|1,0|0,,,,,,,
FIGURE_7,figure7_c070_p050_DC_XI007_H20_VPP_BM,24-Aug-2020,GRID,VPP_BM,DC_XI007_H20,DC_XI007,H20_PV10,DC_SOURCE,0.07,PRIMARY,1,0.7,0.5,release_literal,7,1.65,0,20,10,1,same_date_plus60_core,ok,,,3.427685125,36.671172405,18.87078,18.87078,16.0673102624024,43.8145529817085,0,33.29714113,17.9361625,17.9361625,12.6932789874024,38.1212276989331,0,20.6038621425976,44.9376021052632,11.86036868,44.9376021052632,214.65357155371,224,0,43.919426,7.99360577730113e-15,1.11022302462516e-16,4.74620343027254e-15,7.99360577730113e-15,0,0,0,0,0,1.11022302462516e-16,0,5.10702591327572e-15,3.5527136788005e-15,0,0,3.5527136788005e-15,2,1,5.07530525542929e-16,billEUR|batteryThroughputKWh,20.603860082211586|224,1|1,0|5.0753052554292868e-16,,,,,,,
FIGURE_7,figure7_c080_p050_DC_XI007_H20_VPP_BM,24-Aug-2020,GRID,VPP_BM,DC_XI007_H20,DC_XI007,H20_PV10,DC_SOURCE,0.07,PRIMARY,1,0.8,0.5,release_literal,8,1.65,0,20,10,1,same_date_plus60_core,ok,,,9.7049475,36.671172405,18.87078,18.87078,17.0056514055469,46.3733507555603,0,33.29714113,17.9361625,17.9361625,13.6316201305469,40.9393109075814,0,19.6655209994531,43.6173421052632,8.71525074330748e-15,43.6173421052632,216.104626367617,246.587017552265,0,48.1228937204154,5.14255305006373e-13,1.55431223447522e-15,4.55191440096314e-15,5.14255305006373e-13,0,0,0,0,0,1.77635683940025e-15,1.99840144432528e-15,5.15143483426073e-14,2.30926389122033e-14,0,0,2.1316282072803e-14,2,1,0,billEUR|batteryThroughputKWh,19.665519032901198|246.58701755226448,1|1,0|0,,,,,,,
FIGURE_7,figure7_c090_p050_DC_XI007_H20_VPP_BM,24-Aug-2020,GRID,VPP_BM,DC_XI007_H20,DC_XI007,H20_PV10,DC_SOURCE,0.07,PRIMARY,1,0.9,0.5,release_literal,9,1.65,0,20,10,1,same_date_plus60_core,ok,,,6.15238470833333,36.671172405,18.87078,18.87078,17.045413914682,46.4817806380195,0,33.29714113,17.9361625,17.9361625,13.671382639682,41.0587280941198,0,19.625758490318,44.9376021052632,5.27355936696949e-16,44.9376021052632,215.66767571778,246.085202357807,0,42.3720688992241,1.33226762955019e-15,1.11022302462516e-16,4.44089209850063e-16,1.33226762955019e-15,0,0,0,0,0,1.11022302462516e-16,0,4.44089209850063e-16,2.83106871279415e-15,0,0,2.48689957516035e-14,2,1,0,billEUR|batteryThroughputKWh,19.62575652774229|246.08520235780654,1|1,0|0,,,,,,,
FIGURE_7,figure7_c100_p050_DC_XI007_H20_VPP_BM,24-Aug-2020,GRID,VPP_BM,DC_XI007_H20,DC_XI007,H20_PV10,DC_SOURCE,0.07,PRIMARY,1,1,0.5,release_literal,10,1.65,0,20,10,1,same_date_plus60_core,ok,,,3.02467854166667,36.671172405,18.87078,18.87078,17.0799668292048,46.5760042808886,0,33.29714113,17.9361625,17.9361625,13.7059355542048,41.1624995091729,0,19.5912055757952,44.9376021052632,2.22044604925031e-15,44.9376021052632,215.287973360386,245.385549832451,0,37.4688413793675,4.05231403988182e-15,1.11022302462516e-16,4.44089209850063e-16,4.05231403988182e-15,0,0,0,0,0,1.11022302462516e-16,0,4.44089209850063e-16,9.43689570931383e-16,0,0,2.48689957516035e-14,2,1,0,billEUR|batteryThroughputKWh,19.591203616674768|245.38554983245064,1|1,0|0,,,,,,,
FIGURE_7,figure7_c020_p060_DC_XI007_H20_VPP_BM,24-Aug-2020,GRID,VPP_BM,DC_XI007_H20,DC_XI007,H20_PV10,DC_SOURCE,0.07,PRIMARY,1,0.2,0.6,release_literal,2,1.98,0,20,10,1,same_date_plus60_core,ok,,,3.64200004166667,36.671172405,18.87078,18.87078,9.3363462905024,25.4596340345787,0,33.29714113,17.9361625,17.9361625,5.9623150155024,17.9063871946967,0,27.3348261144976,33.9480789473684,15.50950489,33.9480789473684,204.639537684062,66.6887887253337,NaN,NaN,5.32907051820075e-15,NaN,NaN,NaN,NaN,NaN,NaN,NaN,0,NaN,NaN,NaN,NaN,0,NaN,NaN,NaN,1,NaN,,,,,,,,,,,
FIGURE_7,figure7_c030_p060_DC_XI007_H20_VPP_BM,24-Aug-2020,GRID,VPP_BM,DC_XI007_H20,DC_XI007,H20_PV10,DC_SOURCE,0.07,PRIMARY,1,0.3,0.6,release_literal,3,1.98,0,20,10,1,same_date_plus60_core,ok,,,3.55688304166667,36.671172405,18.87078,18.87078,10.7135008197405,29.2150485439069,0,33.29714113,17.9361625,17.9361625,7.33946954474054,22.042341461345,0,25.9576715852595,39.99804,15.29256057,39.99804,206.482745482347,98.6888597127047,0,20.0679421436476,6.3726801613484e-14,3.66373598126302e-15,8.32667268468867e-16,6.3726801613484e-14,0,0,0,0,0,1.33226762955019e-15,2.22044604925031e-16,4.44089209850063e-16,2.38697950294409e-15,0,0,0,2,1,0,billEUR|batteryThroughputKWh,25.957668989492579|98.688859712704712,1|1,0|0,,,,,,,
FIGURE_7,figure7_c040_p060_DC_XI007_H20_VPP_BM,24-Aug-2020,GRID,VPP_BM,DC_XI007_H20,DC_XI007,H20_PV10,DC_SOURCE,0.07,PRIMARY,1,0.4,0.6,release_literal,4,1.98,0,20,10,1,same_date_plus60_core,ok,,,3.59302875,36.671172405,18.87078,18.87078,12.0813518961987,32.9450931177522,0,33.29714113,17.9361625,17.9361625,8.7073206211987,26.1503550325935,0,24.5898205088013,41.70848,13.4145615700002,41.7084800000007,208.373909222796,129.556933483618,NaN,NaN,7.09280587479474e-13,NaN,NaN,NaN,NaN,NaN,NaN,NaN,0,NaN,NaN,NaN,NaN,0,NaN,NaN,NaN,1,NaN,,,,,,,,,,,
FIGURE_7,figure7_c050_p060_DC_XI007_H20_VPP_BM,24-Aug-2020,GRID,VPP_BM,DC_XI007_H20,DC_XI007,H20_PV10,DC_SOURCE,0.07,PRIMARY,1,0.5,0.6,release_literal,5,1.98,0,20,10,1,same_date_plus60_core,ok,,,12.6600440833333,36.671172405,18.87078,18.87078,13.4323599638248,36.629207856996,0,33.29714113,17.9361625,17.9361625,10.0583286888248,30.2077846550089,0,23.2388124411752,46.5807294736842,11.9155956752632,46.5807294736843,210.3518925964,160.67660843899,0,29.142840280505,1.01696429055664e-13,7.59392548843607e-14,1.02695629777827e-15,1.01696429055664e-13,0,0,0,0,0,8.88178419700125e-16,2.22044604925031e-16,4.44089209850063e-16,6.67799149312032e-14,0,0,0,2,1,0,billEUR|batteryThroughputKWh,23.238810117294211|160.67660843899006,1|1,0|0,,,,,,,
FIGURE_7,figure7_c060_p060_DC_XI007_H20_VPP_BM,24-Aug-2020,GRID,VPP_BM,DC_XI007_H20,DC_XI007,H20_PV10,DC_SOURCE,0.07,PRIMARY,1,0.6,0.6,release_literal,6,1.98,0,20,10,1,same_date_plus60_core,ok,,,5.28632041666667,36.671172405,18.87078,18.87078,14.7672899168078,40.2694785803857,0,33.29714113,17.9361625,17.9361625,11.3932586418078,34.2169275053549,0,21.9038824881922,48.66494,12.04073145,48.66494,212.41273665925,191.999942060528,NaN,NaN,2.93098878501041e-14,NaN,NaN,NaN,NaN,NaN,NaN,NaN,0,NaN,NaN,NaN,NaN,0,NaN,NaN,NaN,1,NaN,,,,,,,,,,,
FIGURE_7,figure7_c070_p060_DC_XI007_H20_VPP_BM,24-Aug-2020,GRID,VPP_BM,DC_XI007_H20,DC_XI007,H20_PV10,DC_SOURCE,0.07,PRIMARY,1,0.7,0.6,release_literal,7,1.98,0,20,10,1,same_date_plus60_core,ok,,,7.56313129166667,36.671172405,18.87078,18.87078,16.0823801528694,43.8556476331163,0,33.29714113,17.9361625,17.9361625,12.7083488778694,38.1664865108177,0,20.5887922521306,48.3694247780669,6.05132093,48.3694247780669,214.575864466582,223.999945539164,0,42.8096881311027,3.77475828372553e-15,1.11022302462516e-16,2.22044604925031e-16,3.77475828372553e-15,0,0,0,0,0,8.88178419700125e-16,2.22044604925031e-16,4.44089209850063e-16,8.60422844084496e-16,0,0,3.5527136788005e-15,2,1,0,billEUR|batteryThroughputKWh,20.58879019325158|223.99994553916358,1|1,0|0,,,,,,,
FIGURE_7,figure7_c080_p060_DC_XI007_H20_VPP_BM,24-Aug-2020,GRID,VPP_BM,DC_XI007_H20,DC_XI007,H20_PV10,DC_SOURCE,0.07,PRIMARY,1,0.8,0.6,release_literal,8,1.98,0,20,10,1,same_date_plus60_core,ok,,,5.008025,36.671172405,18.87078,18.87078,17.014073490135,46.3963172549542,0,33.29714113,17.9361625,17.9361625,13.640042215135,40.9646046244061,0,19.657098914865,47.2710685771304,1.22124532708767e-15,47.2710685771304,216.012075987528,246.411172665358,NaN,NaN,2.88657986402541e-15,NaN,NaN,NaN,NaN,NaN,NaN,NaN,0,NaN,NaN,NaN,NaN,0,NaN,NaN,NaN,1,NaN,,,,,,,,,,,
FIGURE_7,figure7_c090_p060_DC_XI007_H20_VPP_BM,24-Aug-2020,GRID,VPP_BM,DC_XI007_H20,DC_XI007,H20_PV10,DC_SOURCE,0.07,PRIMARY,1,0.9,0.6,release_literal,9,1.98,0,20,10,1,same_date_plus60_core,ok,,,3.82204416666667,36.671172405,18.87078,18.87078,17.0583611985431,46.5170870735981,0,33.29714113,17.9361625,17.9361625,13.6843299235431,41.0976121647087,0,19.6128112064569,48.65714,2.38697950294409e-15,48.65714,215.525397873153,245.814875737079,0,40.5377005152567,6.7168492989822e-15,2.77555756156289e-16,2.22044604925031e-16,6.7168492989822e-15,0,0,0,0,0,1.77635683940025e-15,2.22044604925031e-16,5.32907051820075e-15,5.10702591327572e-15,0,0,3.5527136788005e-15,2,1,0,billEUR|batteryThroughputKWh,19.612809245175953|245.81487573707864,1|1,0|0,,,,,,,
FIGURE_7,figure7_c100_p060_DC_XI007_H20_VPP_BM,24-Aug-2020,GRID,VPP_BM,DC_XI007_H20,DC_XI007,H20_PV10,DC_SOURCE,0.07,PRIMARY,1,1,0.6,release_literal,10,1.98,0,20,10,1,same_date_plus60_core,ok,,,6.91084004166667,36.671172405,18.87078,18.87078,17.0929690118511,46.6114604220304,0,33.29714113,17.9361625,17.9361625,13.7189377368511,41.2015484551334,0,19.5782033931489,46.2428576564501,7.32747196252603e-15,46.2428576564501,215.145092232405,245.092298451933,NaN,NaN,2.1316282072803e-14,NaN,NaN,NaN,NaN,NaN,NaN,NaN,0,NaN,NaN,NaN,NaN,0,NaN,NaN,NaN,1,NaN,,,,,,,,,,,
FIGURE_7,figure7_c020_p070_DC_XI007_H20_VPP_BM,24-Aug-2020,GRID,VPP_BM,DC_XI007_H20,DC_XI007,H20_PV10,DC_SOURCE,0.07,PRIMARY,1,0.2,0.7,release_literal,2,2.31,0,20,10,1,same_date_plus60_core,ok,,,7.1467735,36.671172405,18.87078,18.87078,9.33634629050242,25.4596340345787,0,33.29714113,17.9361625,17.9361625,5.96231501550242,17.9063871946967,0,27.3348261144976,30.30118,16.35796857,30.30118,204.639537684062,66.6887887253397,0,17.1950741373301,8.32667268468867e-16,1.31838984174237e-16,4.44089209850063e-16,8.32667268468867e-16,0,0,0,0,0,2.22044604925031e-16,4.44089209850063e-16,4.44089209850063e-16,9.99200722162641e-16,0,0,0,2,1,0,billEUR|batteryThroughputKWh,27.334823381015262|66.688788725339734,1|1,0|0,,,,,,,
FIGURE_7,figure7_c030_p070_DC_XI007_H20_VPP_BM,24-Aug-2020,GRID,VPP_BM,DC_XI007_H20,DC_XI007,H20_PV10,DC_SOURCE,0.07,PRIMARY,1,0.3,0.7,release_literal,3,2.31,0,20,10,1,same_date_plus60_core,ok,,,6.48995745833333,36.671172405,18.87078,18.87078,10.7156294849533,29.2208532811791,0,33.29714113,17.9361625,17.9361625,7.3415982099533,22.0487343982174,0,25.9555429200467,41.0126842105263,14.44901289,41.0126842105263,206.47177298125,98.688859822374,0,19.911192088813,3.5527136788005e-15,1.31838984174237e-16,2.22044604925031e-16,3.5527136788005e-15,0,0,0,0,0,1.33226762955019e-15,4.44089209850063e-16,5.32907051820075e-15,3.44169137633799e-15,0,0,0,2,1,0,billEUR|batteryThroughputKWh,25.955540324492688|98.688859822373956,1|1,0|0,,,,,,,
FIGURE_7,figure7_c040_p070_DC_XI007_H20_VPP_BM,24-Aug-2020,GRID,VPP_BM,DC_XI007_H20,DC_XI007,H20_PV10,DC_SOURCE,0.07,PRIMARY,1,0.4,0.7,release_literal,4,2.31,0,20,10,1,same_date_plus60_core,ok,,,7.27887204166667,36.671172405,18.87078,18.87078,12.0858686415104,32.9574100005119,0,33.29714113,17.9361625,17.9361625,8.71183736651042,26.163919996907,0,24.5853037634896,46.5035126315789,12.47894,46.5035126315789,208.350627030467,130.216933716436,0,23.4618626417818,4.2410519540681e-14,7.21644966006352e-16,1.58206781009085e-15,4.2410519540681e-14,0,0,0,0,0,2.12052597703405e-14,4.44089209850063e-16,4.44089209850063e-16,4.82947015711943e-15,0,0,0,2,1,0,billEUR|batteryThroughputKWh,24.585301304959472|130.21693371643642,1|1,0|0,,,,,,,
FIGURE_7,figure7_c050_p070_DC_XI007_H20_VPP_BM,24-Aug-2020,GRID,VPP_BM,DC_XI007_H20,DC_XI007,H20_PV10,DC_SOURCE,0.07,PRIMARY,1,0.5,0.7,release_literal,5,2.31,0,20,10,1,same_date_plus60_core,ok,,,6.073383375,36.671172405,18.87078,18.87078,13.4404938394982,36.6513884286547,0,33.29714113,17.9361625,17.9361625,10.0664625644982,30.2322128052865,0,23.2306785655018,50.2296189473684,10.4985,50.2296189473684,210.309965402207,161.006608858265,0,28.4260230708675,3.20299342604358e-14,3.20299342604358e-14,1.01307850997046e-15,3.11972669919669e-14,0,0,0,0,0,1.77635683940025e-15,4.44089209850063e-16,4.44089209850063e-16,3.02535774210355e-15,0,0,0,2,1,0,billEUR|batteryThroughputKWh,23.23067624243421|161.00660885826497,1|1,0|0,,,,,,,
FIGURE_7,figure7_c060_p070_DC_XI007_H20_VPP_BM,24-Aug-2020,GRID,VPP_BM,DC_XI007_H20,DC_XI007,H20_PV10,DC_SOURCE,0.07,PRIMARY,1,0.6,0.7,release_literal,6,2.31,0,20,10,1,same_date_plus60_core,ok,,,4.44803016666667,36.671172405,18.87078,18.87078,14.77691225763,40.2957181036711,0,33.29714113,17.9361625,17.9361625,11.40288098263,34.2458259047239,0,21.89426014737,52.2271,7.6926912,52.2271,212.363136971403,191.999942085981,0,34.6579444908409,2.22044604925031e-15,1.17961196366423e-16,2.22044604925031e-16,2.22044604925031e-15,0,0,0,0,0,4.44089209850063e-16,4.44089209850063e-16,4.44089209850063e-16,1.0547118733939e-15,0,0,0,2,1,0,billEUR|batteryThroughputKWh,21.894257957944209|191.99994208598096,1|1,0|0,,,,,,,
FIGURE_7,figure7_c070_p070_DC_XI007_H20_VPP_BM,24-Aug-2020,GRID,VPP_BM,DC_XI007_H20,DC_XI007,H20_PV10,DC_SOURCE,0.07,PRIMARY,1,0.7,0.7,release_literal,7,2.31,0,20,10,1,same_date_plus60_core,ok,,,5.55131608333333,36.671172405,18.87078,18.87078,16.0920024936916,43.8818871564018,0,33.29714113,17.9361625,17.9361625,12.7179712186916,38.1953849101869,0,20.5791699113084,44.7925221052631,6.07561398,44.7925221052631,214.526291996575,224,0,42.101147,3.33066907387547e-15,1.11022302462516e-16,4.44089209850063e-16,3.33066907387547e-15,0,0,0,0,0,8.88178419700125e-16,4.44089209850063e-16,4.44089209850063e-16,1.55431223447522e-15,0,0,0,2,1,0,billEUR|batteryThroughputKWh,20.579167853391578|224,1|1,0|0,,,,,,,
FIGURE_7,figure7_c080_p070_DC_XI007_H20_VPP_BM,24-Aug-2020,GRID,VPP_BM,DC_XI007_H20,DC_XI007,H20_PV10,DC_SOURCE,0.07,PRIMARY,1,0.8,0.7,release_literal,8,2.31,0,20,10,1,same_date_plus60_core,ok,,,3.78966895833333,36.671172405,18.87078,18.87078,17.0194511117254,46.4109816936336,0,33.29714113,17.9361625,17.9361625,13.6454198367254,40.9807550247344,0,19.6517212932746,56.3962894736842,8.32667268468867e-16,56.3962894736842,215.952981244776,246.298893187468,0,46.1677543264377,4.72122341221848e-14,4.72122341221848e-14,9.29811783123569e-16,9.32587340685131e-15,0,0,0,0,0,4.44089209850063e-16,4.44089209850063e-16,3.5527136788005e-14,9.32587340685131e-15,0,0,0,2,1,0,billEUR|batteryThroughputKWh,19.651719328102701|246.2988931874682,1|1,0|0,,,,,,,
FIGURE_7,figure7_c090_p070_DC_XI007_H20_VPP_BM,24-Aug-2020,GRID,VPP_BM,DC_XI007_H20,DC_XI007,H20_PV10,DC_SOURCE,0.07,PRIMARY,1,0.9,0.7,release_literal,9,2.31,0,20,10,1,same_date_plus60_core,ok,,,4.65144170833333,36.671172405,18.87078,18.87078,17.063901953093,46.5321963656836,0,33.29714113,17.9361625,17.9361625,13.689870678093,41.1142524958658,0,19.607270451907,54.7267140440235,4.10782519111308e-15,54.7267140440235,215.464510460517,245.699190202596,0,39.7526876060854,5.05151476204446e-15,1.11022302462516e-16,2.22044604925031e-16,5.05151476204446e-15,0,0,0,0,0,1.11022302462516e-16,1.68753899743024e-13,4.44089209850063e-16,4.21884749357559e-15,0,0,0,2,1,0,billEUR|batteryThroughputKWh,19.607268491180175|245.69919020259587,1|1,0|0,,,,,,,
FIGURE_7,figure7_c100_p070_DC_XI007_H20_VPP_BM,24-Aug-2020,GRID,VPP_BM,DC_XI007_H20,DC_XI007,H20_PV10,DC_SOURCE,0.07,PRIMARY,1,1,0.7,release_literal,10,2.31,0,20,10,1,same_date_plus60_core,ok,,,3.82349425,36.671172405,18.87078,18.87078,17.1008888657274,46.6330573695969,0,33.29714113,17.9361625,17.9361625,13.7268575907274,41.2253338421292,0,19.5702835392726,52.9698210526316,1.60982338570648e-15,52.9698210526316,215.058060871127,244.926939650967,0,34.5123898042378,3.78030939884866e-14,2.1094237467878e-15,2.76445533131664e-14,3.78030939884866e-14,0,0,0,0,0,1.11022302462516e-16,4.44089209850063e-16,4.44089209850063e-16,1.47104550762833e-14,0,0,0,2,1,0,billEUR|batteryThroughputKWh,19.570281582244423|244.92693965096711,1|1,0|0,,,,,,,
FIGURE_7,figure7_c020_p080_DC_XI007_H20_VPP_BM,24-Aug-2020,GRID,VPP_BM,DC_XI007_H20,DC_XI007,H20_PV10,DC_SOURCE,0.07,PRIMARY,1,0.2,0.8,release_literal,2,2.64,0,20,10,1,same_date_plus60_core,ok,,,6.23224533333333,36.671172405,18.87078,18.87078,9.3363462905024,25.4596340345787,0,33.29714113,17.9361625,17.9361625,5.9623150155024,17.9063871946967,0,27.3348261144976,42.4262326315789,16.30007157,42.4262326315789,204.639537684062,66.6887887253494,NaN,NaN,8.77076189453874e-15,NaN,NaN,NaN,NaN,NaN,NaN,NaN,0,NaN,NaN,NaN,NaN,0,NaN,NaN,NaN,1,NaN,,,,,,,,,,,
FIGURE_7,figure7_c030_p080_DC_XI007_H20_VPP_BM,24-Aug-2020,GRID,VPP_BM,DC_XI007_H20,DC_XI007,H20_PV10,DC_SOURCE,0.07,PRIMARY,1,0.3,0.8,release_literal,3,2.64,0,20,10,1,same_date_plus60_core,ok,,,6.00998766666667,36.671172405,18.87078,18.87078,10.7177581501662,29.2266580184519,0,33.29714113,17.9361625,17.9361625,7.34372687516624,22.0551273350903,0,25.9534142548338,40.8818147368421,15.16706057,40.8818147368421,206.460800480152,98.688859932124,0,19.7544420339382,2.55739873722405e-13,2.55739873722405e-13,1.59594559789866e-15,3.10862446895044e-15,0,0,0,0,0,1.33226762955019e-15,4.44089209850063e-16,8.88178419700125e-16,7.21644966006352e-16,0,0,0,2,1,0,billEUR|batteryThroughputKWh,25.95341165949263|98.688859932123947,1|1,0|0,,,,,,,
FIGURE_7,figure7_c040_p080_DC_XI007_H20_VPP_BM,24-Aug-2020,GRID,VPP_BM,DC_XI007_H20,DC_XI007,H20_PV10,DC_SOURCE,0.07,PRIMARY,1,0.4,0.8,release_literal,4,2.64,0,20,10,1,same_date_plus60_core,ok,,,8.04880008333333,36.671172405,18.87078,18.87078,12.0889129804843,32.9657117230209,0,33.29714113,17.9361625,17.9361625,8.7148817054843,26.1730629409273,0,24.5822594245157,50.992992631579,12.840225870311,50.992992631579,208.33493456153,130.688930610199,NaN,NaN,6.15063555642337e-14,NaN,NaN,NaN,NaN,NaN,NaN,NaN,0,NaN,NaN,NaN,NaN,0,NaN,NaN,NaN,1,NaN,,,,,,,,,,,
FIGURE_7,figure7_c050_p080_DC_XI007_H20_VPP_BM,24-Aug-2020,GRID,VPP_BM,DC_XI007_H20,DC_XI007,H20_PV10,DC_SOURCE,0.07,PRIMARY,1,0.5,0.8,release_literal,5,2.64,0,20,10,1,same_date_plus60_core,ok,,,4.13518025,36.671172405,18.87078,18.87078,13.4467918892611,36.6685628175544,0,33.29714113,17.9361625,17.9361625,10.0727606142611,30.2511274915004,0,23.2243805157389,60.9864736842105,12.221933,60.9864736842105,210.277501228171,161.038300761851,0,27.950930619074,4.56523707725864e-13,1.33226762955019e-15,2.16493489801906e-15,4.56523707725864e-13,0,0,0,0,0,5.32907051820075e-15,4.44089209850063e-16,8.88178419700125e-16,1.18793863634892e-14,0,0,1.4210854715202e-14,2,1,0,billEUR|batteryThroughputKWh,23.224378193301053|161.03830076185142,1|1,0|0,,,,,,,
FIGURE_7,figure7_c060_p080_DC_XI007_H20_VPP_BM,24-Aug-2020,GRID,VPP_BM,DC_XI007_H20,DC_XI007,H20_PV10,DC_SOURCE,0.07,PRIMARY,1,0.6,0.8,release_literal,6,2.64,0,20,10,1,same_date_plus60_core,ok,,,2.73057375,36.671172405,18.87078,18.87078,14.7833532522741,40.3132822943464,0,33.29714113,17.9361625,17.9361625,11.4093219772741,34.2651698917015,0,21.8878191527259,64.4594473684211,10.62749,64.4594473684211,212.329935972843,191.999942103018,NaN,NaN,4.77395900588817e-15,NaN,NaN,NaN,NaN,NaN,NaN,NaN,0,NaN,NaN,NaN,NaN,0,NaN,NaN,NaN,1,NaN,,,,,,,,,,,
FIGURE_7,figure7_c070_p080_DC_XI007_H20_VPP_BM,24-Aug-2020,GRID,VPP_BM,DC_XI007_H20,DC_XI007,H20_PV10,DC_SOURCE,0.07,PRIMARY,1,0.7,0.8,release_literal,7,2.64,0,20,10,1,same_date_plus60_core,ok,,,3.68592104166667,36.671172405,18.87078,18.87078,16.0984434883357,43.8994513470771,0,33.29714113,17.9361625,17.9361625,12.7244122133357,38.2147288971645,0,20.5727289166643,61.6060473684211,8.81528,61.6060473684211,214.493063780175,223.999945581654,0,41.6268211512856,1.11022302462516e-14,2.22044604925031e-16,2.22044604925031e-16,1.11022302462516e-14,0,0,0,0,0,8.88178419700125e-16,8.88178419700125e-16,8.88178419700125e-16,5.17641485231479e-15,0,0,0,2,1,0,billEUR|batteryThroughputKWh,20.57272685939158|223.99994558165398,1|1,0|0,,,,,,,
FIGURE_7,figure7_c080_p080_DC_XI007_H20_VPP_BM,24-Aug-2020,GRID,VPP_BM,DC_XI007_H20,DC_XI007,H20_PV10,DC_SOURCE,0.07,PRIMARY,1,0.8,0.8,release_literal,8,2.64,0,20,10,1,same_date_plus60_core,ok,,,2.24568733333333,36.671172405,18.87078,18.87078,17.0230507796754,46.4207977636253,0,33.29714113,17.9361625,17.9361625,13.6490195046754,40.9915657665214,0,19.6481216253246,64.4594473684211,1.9151347174784e-15,64.4594473684211,215.913424454117,246.223735642222,NaN,NaN,1.53765888910584e-14,NaN,NaN,NaN,NaN,NaN,NaN,NaN,0,NaN,NaN,NaN,NaN,0,NaN,NaN,NaN,1,NaN,,,,,,,,,,,
FIGURE_7,figure7_c090_p080_DC_XI007_H20_VPP_BM,24-Aug-2020,GRID,VPP_BM,DC_XI007_H20,DC_XI007,H20_PV10,DC_SOURCE,0.07,PRIMARY,1,0.9,0.8,release_literal,9,2.64,0,20,10,1,same_date_plus60_core,ok,,,7.45134695833333,36.671172405,18.87078,18.87078,17.067501621043,46.5420124356751,0,33.29714113,17.9361625,17.9361625,13.693470346043,41.1250632376527,0,19.603670783957,59.1319387811634,2.66064947851419e-13,59.1319387811635,215.424953669858,245.624032657346,0,39.2426874275841,2.76889622341514e-13,1.11022302462516e-16,2.22044604925031e-16,2.76889622341514e-13,0,0,0,0,0,1.77635683940025e-15,4.44089209850063e-16,8.88178419700125e-16,1.09245945623115e-13,0,0,1.77635683940025e-14,2,1,0,billEUR|batteryThroughputKWh,19.603668823590144|245.62403265734599,1|1,0|0,,,,,,,
FIGURE_7,figure7_c100_p080_DC_XI007_H20_VPP_BM,24-Aug-2020,GRID,VPP_BM,DC_XI007_H20,DC_XI007,H20_PV10,DC_SOURCE,0.07,PRIMARY,1,1,0.8,release_literal,10,2.64,0,20,10,1,same_date_plus60_core,ok,,,3.991983625,36.671172405,18.87078,18.87078,17.1057703888677,46.6463689787441,0,33.29714113,17.9361625,17.9361625,13.7317391138677,41.2399943294102,0,19.5654020161323,61.6060473684211,3.77475828372553e-15,61.6060473684211,215.004417759696,244.825018223366,NaN,NaN,7.32747196252603e-15,NaN,NaN,NaN,NaN,NaN,NaN,NaN,0,NaN,NaN,NaN,NaN,0,NaN,NaN,NaN,1,NaN,,,,,,,,,,,
FIGURE_7,figure7_c020_p090_DC_XI007_H20_VPP_BM,24-Aug-2020,GRID,VPP_BM,DC_XI007_H20,DC_XI007,H20_PV10,DC_SOURCE,0.07,PRIMARY,1,0.2,0.9,release_literal,2,2.97,0,20,10,1,same_date_plus60_core,ok,,,3.69876179166667,36.671172405,18.87078,18.87078,9.33634629050241,25.4596340345787,0,33.29714113,17.9361625,17.9361625,5.96231501550241,17.9063871946967,0,27.3348261144976,41.3153831578947,16.35796857,41.3153831578947,204.639537684062,66.6887887253343,0,17.1950741373329,1.77635683940025e-15,4.44089209850063e-16,2.22044604925031e-16,1.77635683940025e-15,0,0,0,0,0,6.66133814775094e-16,4.44089209850063e-16,4.44089209850063e-16,1.72084568816899e-15,0,0,0,2,1,0,billEUR|batteryThroughputKWh,27.334823381015262|66.688788725334291,1|1,0|0,,,,,,,
FIGURE_7,figure7_c030_p090_DC_XI007_H20_VPP_BM,24-Aug-2020,GRID,VPP_BM,DC_XI007_H20,DC_XI007,H20_PV10,DC_SOURCE,0.07,PRIMARY,1,0.3,0.9,release_literal,3,2.97,0,20,10,1,same_date_plus60_core,ok,,,3.26720041666667,36.671172405,18.87078,18.87078,10.7198868153791,29.2324627557243,0,33.29714113,17.9361625,17.9361625,7.34585554037907,22.061520271963,0,25.9512855896209,59.3243557894737,14.23630175,59.3243557894737,206.449827979055,98.6888600418449,0,19.5976919790776,1.8114165138621e-14,1.31838984174237e-16,8.88178419700125e-16,1.8114165138621e-14,0,0,0,0,0,4.44089209850063e-16,0,8.88178419700125e-16,9.99200722162641e-15,0,0,0,2,1,0,billEUR|batteryThroughputKWh,25.95128299449263|98.688860041844919,1|1,0|0,,,,,,,
FIGURE_7,figure7_c040_p090_DC_XI007_H20_VPP_BM,24-Aug-2020,GRID,VPP_BM,DC_XI007_H20,DC_XI007,H20_PV10,DC_SOURCE,0.07,PRIMARY,1,0.4,0.9,release_literal,4,2.97,0,20,10,1,same_date_plus60_core,ok,,,2.63541058333333,36.671172405,18.87078,18.87078,12.0910416456972,32.9715164602935,0,33.29714113,17.9361625,17.9361625,8.7170103706972,26.1794558778002,0,24.5801307593028,52.6137431578947,11.62941294,52.6137431578947,208.323962060432,130.688930719926,0,22.9123641400372,1.32782673745169e-13,2.77555756156289e-16,1.12132525487141e-14,1.32782673745169e-13,0,0,0,0,0,4.44089209850063e-16,4.44089209850063e-16,8.88178419700125e-16,1.49880108324396e-15,0,0,0,2,1,0,billEUR|batteryThroughputKWh,24.580128301289999|130.68893071992562,1|1,0|0,,,,,,,
FIGURE_7,figure7_c050_p090_DC_XI007_H20_VPP_BM,24-Aug-2020,GRID,VPP_BM,DC_XI007_H20,DC_XI007,H20_PV10,DC_SOURCE,0.07,PRIMARY,1,0.5,0.9,release_literal,5,2.97,0,20,10,1,same_date_plus60_core,ok,,,3.29441341666667,36.671172405,18.87078,18.87078,13.4498251173434,36.6768342413551,0,33.29714113,17.9361625,17.9361625,10.0757938423434,30.2602370666151,0,23.2213472876566,53.4504252631579,11.908433,53.450425263158,210.261866031871,161.504570391888,0,27.5610458040561,1.09245945623115e-13,4.66293670342566e-15,6.99440505513849e-15,1.09245945623115e-13,0,0,0,0,0,1.11022302462516e-16,0,8.88178419700125e-16,6.09789996275367e-14,0,0,0,2,1,0,billEUR|batteryThroughputKWh,23.221344965522103|161.50457039188757,1|1,0|0,,,,,,,
FIGURE_7,figure7_c060_p090_DC_XI007_H20_VPP_BM,24-Aug-2020,GRID,VPP_BM,DC_XI007_H20,DC_XI007,H20_PV10,DC_SOURCE,0.07,PRIMARY,1,0.6,0.9,release_literal,6,2.97,0,20,10,1,same_date_plus60_core,ok,,,7.67179425,36.671172405,18.87078,18.87078,14.7884895890277,40.3272887643248,0,33.29714113,17.9361625,17.9361625,11.4144583140277,34.2805956507286,0,21.8826828159723,60.99804,8.69452671997972,60.99804,212.303460013992,191.999942116605,0,33.8054165053872,8.43769498715119e-15,2.05391259555654e-15,2.22044604925031e-16,8.43769498715119e-15,0,0,0,0,0,1.77635683940025e-15,0,8.88178419700125e-16,4.66293670342566e-15,0,0,0,2,1,0,billEUR|batteryThroughputKWh,21.882680627704211|191.99994211660476,1|1,0|0,,,,,,,
FIGURE_7,figure7_c070_p090_DC_XI007_H20_VPP_BM,24-Aug-2020,GRID,VPP_BM,DC_XI007_H20,DC_XI007,H20_PV10,DC_SOURCE,0.07,PRIMARY,1,0.7,0.9,release_literal,7,2.97,0,20,10,1,same_date_plus60_core,ok,,,4.703514,36.671172405,18.87078,18.87078,16.1035798250894,43.9134578170555,0,33.29714113,17.9361625,17.9361625,12.7295485500894,38.2301546561916,0,20.5675925799106,69.9752368421053,7.40768,69.9752368421053,214.466587821324,223.99994559524,0,41.2485931577392,1.62092561595273e-14,1.88737914186277e-15,1.0547118733939e-14,1.62092561595273e-14,0,0,0,0,0,8.88178419700125e-16,2.22044604925031e-15,8.88178419700125e-16,4.19109191795997e-15,0,0,0,2,1,0,billEUR|batteryThroughputKWh,20.56759052315158|223.99994559524043,1|1,0|0,,,,,,,
FIGURE_7,figure7_c080_p090_DC_XI007_H20_VPP_BM,24-Aug-2020,GRID,VPP_BM,DC_XI007_H20,DC_XI007,H20_PV10,DC_SOURCE,0.07,PRIMARY,1,0.8,0.9,release_literal,8,2.97,0,20,10,1,same_date_plus60_core,ok,,,10.0393191666667,36.671172405,18.87078,18.87078,17.0259213156428,46.4286255361757,0,33.29714113,17.9361625,17.9361625,13.6518900406428,41.0001867347788,0,19.6452510893572,62.6552619944598,6.66133814775094e-16,62.6552619944598,215.881880102826,246.163801659401,0,45.251057231425,1.04805053524615e-13,2.05391259555654e-15,4.30211422042248e-15,1.04805053524615e-13,0,0,0,0,0,8.88178419700125e-16,0,8.88178419700125e-16,2.77000644643977e-14,0,0,0,2,1,0,billEUR|batteryThroughputKWh,19.645249124832262|246.16380165940114,1|1,0|0,,,,,,,
FIGURE_7,figure7_c090_p090_DC_XI007_H20_VPP_BM,24-Aug-2020,GRID,VPP_BM,DC_XI007_H20,DC_XI007,H20_PV10,DC_SOURCE,0.07,PRIMARY,1,0.9,0.9,release_literal,9,2.97,0,20,10,1,same_date_plus60_core,ok,,,4.726629375,36.671172405,18.87078,18.87078,17.0703721570105,46.5498402082257,0,33.29714113,17.9361625,17.9361625,13.6963408820105,41.1336842059103,0,19.6008002479895,68.5534157894737,4.52311799126193e-14,68.5534157894737,215.393409318566,245.564098674571,0,38.8359905110515,6.17284001691587e-14,1.11022302462516e-16,2.22044604925031e-16,6.17284001691587e-14,0,0,0,0,0,1.11022302462516e-16,0,1.77635683940025e-15,2.60902410786912e-15,0,0,7.105427357601e-15,2,1,0,billEUR|batteryThroughputKWh,19.60079828790969|245.56409867457057,1|1,0|0,,,,,,,
FIGURE_7,figure7_c100_p090_DC_XI007_H20_VPP_BM,24-Aug-2020,GRID,VPP_BM,DC_XI007_H20,DC_XI007,H20_PV10,DC_SOURCE,0.07,PRIMARY,1,1,0.9,release_literal,10,2.97,0,20,10,1,same_date_plus60_core,ok,,,2.55629679166667,36.671172405,18.87078,18.87078,17.1098305684177,46.6574408351471,0,33.29714113,17.9361625,17.9361625,13.7357992934177,41.2521881076511,0,19.5613418365823,68.5534157894737,1.55431223447522e-15,68.5534157894737,214.959800402004,244.740245646415,0,33.2455312963307,5.44009282066327e-15,2.22044604925031e-16,2.22044604925031e-16,5.44009282066327e-15,0,0,0,0,0,1.11022302462516e-16,0,8.88178419700125e-16,1.33226762955019e-15,0,0,1.06581410364015e-14,2,1,0,billEUR|batteryThroughputKWh,19.561339880448337|244.74024564641454,1|1,0|0,,,,,,,
FIGURE_7,figure7_c020_p100_DC_XI007_H20_VPP_BM,24-Aug-2020,GRID,VPP_BM,DC_XI007_H20,DC_XI007,H20_PV10,DC_SOURCE,0.07,PRIMARY,1,0.2,1,release_literal,2,3.3,0,20,10,1,same_date_plus60_core,ok,,,3.864821,36.671172405,18.87078,18.87078,9.3363462905024,25.4596340345787,0,33.29714113,17.9361625,17.9361625,5.9623150155024,17.9063871946967,0,27.3348261144976,63.4621010526316,16.56460857,63.4621010526316,204.639537684063,66.6887887253256,NaN,NaN,6.7168492989822e-15,NaN,NaN,NaN,NaN,NaN,NaN,NaN,0,NaN,NaN,NaN,NaN,0,NaN,NaN,NaN,1,NaN,,,,,,,,,,,
FIGURE_7,figure7_c030_p100_DC_XI007_H20_VPP_BM,24-Aug-2020,GRID,VPP_BM,DC_XI007_H20,DC_XI007,H20_PV10,DC_SOURCE,0.07,PRIMARY,1,0.3,1,release_literal,3,3.3,0,20,10,1,same_date_plus60_core,ok,,,4.68966441666667,36.671172405,18.87078,18.87078,10.722015480592,29.2382674929969,0,33.29714113,17.9361625,17.9361625,7.34798420559196,22.0679132088358,0,25.949156924408,47.9241305263158,15.09275289,47.9241305263158,206.438855477958,98.688860151573,0,19.4409419242135,1.03805852802452e-13,1.03805852802452e-13,3.5527136788005e-15,2.88657986402541e-15,0,0,0,0,0,1.33226762955019e-15,0,4.44089209850063e-16,1.32949207198862e-14,0,0,0,2,1,0,billEUR|batteryThroughputKWh,25.949154329492632|98.688860151573024,1|1,0|0,,,,,,,
FIGURE_7,figure7_c040_p100_DC_XI007_H20_VPP_BM,24-Aug-2020,GRID,VPP_BM,DC_XI007_H20,DC_XI007,H20_PV10,DC_SOURCE,0.07,PRIMARY,1,0.4,1,release_literal,4,3.3,0,20,10,1,same_date_plus60_core,ok,,,7.81364558333333,36.671172405,18.87078,18.87078,12.09317031091,32.9773211975659,0,33.29714113,17.9361625,17.9361625,8.71913903591,26.1858488146727,0,24.57800209409,66.5541210526316,12.57162557,66.5541210526316,208.312989559335,130.688930829651,NaN,NaN,5.22248910783674e-13,NaN,NaN,NaN,NaN,NaN,NaN,NaN,0,NaN,NaN,NaN,NaN,0,NaN,NaN,NaN,1,NaN,,,,,,,,,,,
FIGURE_7,figure7_c050_p100_DC_XI007_H20_VPP_BM,24-Aug-2020,GRID,VPP_BM,DC_XI007_H20,DC_XI007,H20_PV10,DC_SOURCE,0.07,PRIMARY,1,0.5,1,release_literal,5,3.3,0,20,10,1,same_date_plus60_core,ok,,,10.6054139583333,36.671172405,18.87078,18.87078,13.4525939826204,36.6843847642737,0,33.29714113,17.9361625,17.9361625,10.0785627076204,30.2685526912693,0,23.2185784223796,59.1611115789474,11.67688,59.1611115789474,210.247593530443,161.834570534627,0,27.2392957326866,3.21520587931445e-13,1.52544643583497e-13,1.46549439250521e-14,3.21520587931445e-13,0,0,0,0,0,8.88178419700125e-16,0,4.44089209850063e-16,9.30366894635881e-14,0,0,0,2,1,0,billEUR|batteryThroughputKWh,23.218576100522085|161.83457053462681,1|1,0|0,,,,,,,
FIGURE_7,figure7_c060_p100_DC_XI007_H20_VPP_BM,24-Aug-2020,GRID,VPP_BM,DC_XI007_H20,DC_XI007,H20_PV10,DC_SOURCE,0.07,PRIMARY,1,0.6,1,release_literal,6,3.3,0,20,10,1,same_date_plus60_core,ok,,,5.46159841666667,36.671172405,18.87078,18.87078,14.7927469194535,40.3388982388699,0,33.29714113,17.9361625,17.9361625,11.4187156444535,34.2933815244741,0,21.8784254855465,70.3119643451221,9.79256,70.3119643451221,212.281515014945,191.999942127866,NaN,NaN,8.88178419700125e-15,NaN,NaN,NaN,NaN,NaN,NaN,NaN,0,NaN,NaN,NaN,NaN,0,NaN,NaN,NaN,1,NaN,,,,,,,,,,,
FIGURE_7,figure7_c070_p100_DC_XI007_H20_VPP_BM,24-Aug-2020,GRID,VPP_BM,DC_XI007_H20,DC_XI007,H20_PV10,DC_SOURCE,0.07,PRIMARY,1,0.7,1,release_literal,7,3.3,0,20,10,1,same_date_plus60_core,ok,,,4.12405170833333,36.671172405,18.87078,18.87078,16.1078371555151,43.9250672916006,0,33.29714113,17.9361625,17.9361625,12.7338058805151,38.242940529937,0,20.5633352494849,71.2902578947369,9.30074319,71.2902578947369,214.444642822276,223.999945606502,0,40.9350931630884,7.45237205279636e-15,2.88657986402541e-15,8.88178419700125e-16,7.45237205279636e-15,0,0,0,0,0,8.88178419700125e-16,0,4.44089209850063e-16,1.77635683940025e-15,0,0,0,2,1,0,billEUR|batteryThroughputKWh,20.563333193151575|223.99994560650185,1|1,0|0,,,,,,,
FIGURE_7,figure7_c080_p100_DC_XI007_H20_VPP_BM,24-Aug-2020,GRID,VPP_BM,DC_XI007_H20,DC_XI007,H20_PV10,DC_SOURCE,0.07,PRIMARY,1,0.8,1,release_literal,8,3.3,0,20,10,1,same_date_plus60_core,ok,,,4.2179395,36.671172405,18.87078,18.87078,17.0283006028078,46.4351137038805,0,33.29714113,17.9361625,17.9361625,13.6542693278078,41.0073323547456,0,19.6428718021922,74.0063747368421,6.32827124036339e-15,74.0063747368421,215.855734090024,246.114124471079,NaN,NaN,1.33226762955019e-14,NaN,NaN,NaN,NaN,NaN,NaN,NaN,0,NaN,NaN,NaN,NaN,0,NaN,NaN,NaN,1,NaN,,,,,,,,,,,
FIGURE_7,figure7_c090_p100_DC_XI007_H20_VPP_BM,24-Aug-2020,GRID,VPP_BM,DC_XI007_H20,DC_XI007,H20_PV10,DC_SOURCE,0.07,PRIMARY,1,0.9,1,release_literal,9,3.3,0,20,10,1,same_date_plus60_core,ok,,,4.40366108333333,36.671172405,18.87078,18.87078,17.0727514441754,46.5563283759304,0,33.29714113,17.9361625,17.9361625,13.6987201691754,41.1408298258769,0,19.5984209608246,70.0931336842105,2.92321722383804e-13,70.0931336842105,215.367263305765,245.514421486204,0,38.4988936188796,3.39284156325448e-13,1.11022302462516e-16,6.96664947952286e-15,3.39284156325448e-13,0,0,0,0,0,1.11022302462516e-16,0,8.88178419700125e-16,1.70349845340922e-15,0,0,4.61852778244065e-14,2,1,0,billEUR|batteryThroughputKWh,19.598419000982695|245.51442148620441,1|1,0|0,,,,,,,
FIGURE_7,figure7_c100_p100_DC_XI007_H20_VPP_BM,24-Aug-2020,GRID,VPP_BM,DC_XI007_H20,DC_XI007,H20_PV10,DC_SOURCE,0.07,PRIMARY,1,1,1,release_literal,10,3.3,0,20,10,1,same_date_plus60_core,ok,,,4.539398375,36.671172405,18.87078,18.87078,17.113127226368,46.666430615768,0,33.29714113,17.9361625,17.9361625,13.739095951368,41.2620888313723,0,19.558045178632,75.5007842105263,6.7168492989822e-15,75.5007842105263,214.92357339156,244.671414653528,NaN,NaN,3.17523785042795e-14,NaN,NaN,NaN,NaN,NaN,NaN,NaN,0,NaN,NaN,NaN,NaN,0,NaN,NaN,NaN,1,NaN,,,,,,,,,,,
TABLE_I,tablei_nominal_DC_XI007_H20_SH_BM,24-Aug-2020,NOMINAL,SH_BM,DC_XI007_H20,DC_XI007,H20_PV10,DC_SOURCE,0.07,PRIMARY,1,1,1,release_literal,10,3.3,0,20,10,1,same_date_plus60_core,ok,,,1.36633429166667,36.671172405,18.87078,18.87078,14.0818443467969,38.4003112615972,0,33.29714113,17.9361625,17.9361625,10.7078130717969,32.1583556678067,0,22.5893280582031,55.6817390581717,10.0112,55.6817390581717,213.7315618841,211.456323213822,3.6126103860772,0,1.77635683940025e-15,1.11022302462516e-16,2.22044604925031e-16,1.77635683940025e-15,0,0,0,0,0,1.11022302462516e-16,0,4.44089209850063e-16,0,0,0,0,2,1,0,billEUR|batteryThroughputKWh,22.589325799270497|211.45632321382175,1|1,0|0,/Users/guichenxiang/Desktop/電力專案/StoreNet/results/b2022_ir_v1_formal/b2022_sensitivity_v1_20200824/cases/tablei_nominal_DC_XI007_H20_SH_BM,/Users/guichenxiang/Desktop/電力專案/StoreNet/results/b2022_ir_v1_formal/b2022_sensitivity_v1_20200824/cases/tablei_nominal_DC_XI007_H20_SH_BM/inputs_6ccfdb86dcdb675c9ae555a908a1422071eb559098d4a2d6e70d74d138b0a6cb.mat,6ccfdb86dcdb675c9ae555a908a1422071eb559098d4a2d6e70d74d138b0a6cb,/Users/guichenxiang/Desktop/電力專案/StoreNet/results/b2022_ir_v1_formal/b2022_sensitivity_v1_20200824/cases/tablei_nominal_DC_XI007_H20_SH_BM/solution_93d9d9424a09347f8daec451bc82e0bb59817763fd2687fca6625a2f9053cce0.mat,93d9d9424a09347f8daec451bc82e0bb59817763fd2687fca6625a2f9053cce0,/Users/guichenxiang/Desktop/電力專案/StoreNet/results/b2022_ir_v1_formal/b2022_sensitivity_v1_20200824/cases/tablei_nominal_DC_XI007_H20_SH_BM/stages.csv,/Users/guichenxiang/Desktop/電力專案/StoreNet/results/b2022_ir_v1_formal/b2022_sensitivity_v1_20200824/cases/tablei_nominal_DC_XI007_H20_SH_BM/metrics.json
TABLE_I,tablei_power_20_DC_XI007_H20_SH_BM,24-Aug-2020,POWER_20,SH_BM,DC_XI007_H20,DC_XI007,H20_PV10,DC_SOURCE,0.07,PRIMARY,1,1,0.2,release_literal,10,0.66,0,20,10,1,same_date_plus60_core,ok,,,0.778447541666667,36.671172405,18.87078,18.87078,11.4472791548596,31.2160162986738,0,33.29714113,17.9361625,17.9361625,8.07324787985958,24.2460691995739,0,25.2238932501404,18.7939612409972,10.634404,17.9686312409972,211.896907303741,157.101519539872,4.54626303995665,0,1.66533453693773e-15,1.11022302462516e-16,2.22044604925031e-16,1.66533453693773e-15,0,0,0,0,0,2.22044604925031e-16,1.11022302462516e-16,6.66133814775094e-16,0,0,0,0,2,1,5.42739042505391e-16,billEUR|batteryThroughputKWh,25.223890727751382|157.10151953987182,1|1,0|5.4273904250539097e-16,/Users/guichenxiang/Desktop/電力專案/StoreNet/results/b2022_ir_v1_formal/b2022_sensitivity_v1_20200824/cases/tablei_power_20_DC_XI007_H20_SH_BM,/Users/guichenxiang/Desktop/電力專案/StoreNet/results/b2022_ir_v1_formal/b2022_sensitivity_v1_20200824/cases/tablei_power_20_DC_XI007_H20_SH_BM/inputs_3948fc8a417f442548d02d0499361eb3d47d92c630621f6351c30679b858fe7f.mat,3948fc8a417f442548d02d0499361eb3d47d92c630621f6351c30679b858fe7f,/Users/guichenxiang/Desktop/電力專案/StoreNet/results/b2022_ir_v1_formal/b2022_sensitivity_v1_20200824/cases/tablei_power_20_DC_XI007_H20_SH_BM/solution_e0ebc3650116d87f7bd50a515894d705ebf89ac0e8b6998ff1c1037e41262ea8.mat,e0ebc3650116d87f7bd50a515894d705ebf89ac0e8b6998ff1c1037e41262ea8,/Users/guichenxiang/Desktop/電力專案/StoreNet/results/b2022_ir_v1_formal/b2022_sensitivity_v1_20200824/cases/tablei_power_20_DC_XI007_H20_SH_BM/stages.csv,/Users/guichenxiang/Desktop/電力專案/StoreNet/results/b2022_ir_v1_formal/b2022_sensitivity_v1_20200824/cases/tablei_power_20_DC_XI007_H20_SH_BM/metrics.json
TABLE_I,tablei_capacity_20_DC_XI007_H20_SH_BM,24-Aug-2020,CAPACITY_20,SH_BM,DC_XI007_H20,DC_XI007,H20_PV10,DC_SOURCE,0.07,PRIMARY,1,0.2,1,release_literal,2,3.3,0,20,10,1,same_date_plus60_core,ok,,,1.947884,36.671172405,18.87078,18.87078,7.33600041592652,20.0048155944048,0,33.29714113,17.9361625,17.9361625,3.96196914092652,11.8988267655113,0,29.3351719890735,43.6548566842105,16.161461,43.3425366842105,208.521940528555,63.6626053969485,5.93338347529025,0,4.67462326157961e-16,1.11022302462516e-16,4.44089209850063e-16,4.67462326157961e-16,0,0,0,0,0,5.55111512312578e-17,0,0,0,0,0,0,2,1,0,billEUR|batteryThroughputKWh,29.33516905555658|63.662605396948521,1|1,0|0,/Users/guichenxiang/Desktop/電力專案/StoreNet/results/b2022_ir_v1_formal/b2022_sensitivity_v1_20200824/cases/tablei_capacity_20_DC_XI007_H20_SH_BM,/Users/guichenxiang/Desktop/電力專案/StoreNet/results/b2022_ir_v1_formal/b2022_sensitivity_v1_20200824/cases/tablei_capacity_20_DC_XI007_H20_SH_BM/inputs_697d86d3a9e71490094a3c3c12d772faf5608f567439674f1ecdc3d19ab5b848.mat,697d86d3a9e71490094a3c3c12d772faf5608f567439674f1ecdc3d19ab5b848,/Users/guichenxiang/Desktop/電力專案/StoreNet/results/b2022_ir_v1_formal/b2022_sensitivity_v1_20200824/cases/tablei_capacity_20_DC_XI007_H20_SH_BM/solution_9a09742ff84b5cb96897b68b240793554c13894170f6a1a0076e4f1aa5d8af43.mat,9a09742ff84b5cb96897b68b240793554c13894170f6a1a0076e4f1aa5d8af43,/Users/guichenxiang/Desktop/電力專案/StoreNet/results/b2022_ir_v1_formal/b2022_sensitivity_v1_20200824/cases/tablei_capacity_20_DC_XI007_H20_SH_BM/stages.csv,/Users/guichenxiang/Desktop/電力專案/StoreNet/results/b2022_ir_v1_formal/b2022_sensitivity_v1_20200824/cases/tablei_capacity_20_DC_XI007_H20_SH_BM/metrics.json
TABLE_I,tablei_nominal_DC_XI007_H20_VPP_BM,24-Aug-2020,NOMINAL,VPP_BM,DC_XI007_H20,DC_XI007,H20_PV10,DC_SOURCE,0.07,PRIMARY,1,1,1,release_literal,10,3.3,0,20,10,1,same_date_plus60_core,ok,,,4.94166566666667,36.671172405,18.87078,18.87078,17.113127226368,46.6664306157681,0,33.29714113,17.9361625,17.9361625,13.739095951368,41.2620888313724,0,19.558045178632,75.5007842105263,6.7168492989822e-15,75.5007842105263,214.92357339156,244.671414653528,0,32.7784615091966,3.17523785042795e-14,3.17523785042795e-14,2.87131429743681e-14,3.06005221162309e-14,0,0,0,0,0,1.11022302462516e-16,0,4.44089209850063e-16,1.22124532708767e-15,0,0,7.105427357601e-15,2,1,0,billEUR|batteryThroughputKWh,19.558043222827628|244.67141465352768,1|1,0|0,/Users/guichenxiang/Desktop/電力專案/StoreNet/results/b2022_ir_v1_formal/b2022_sensitivity_v1_20200824/cases/tablei_nominal_DC_XI007_H20_VPP_BM,/Users/guichenxiang/Desktop/電力專案/StoreNet/results/b2022_ir_v1_formal/b2022_sensitivity_v1_20200824/cases/tablei_nominal_DC_XI007_H20_VPP_BM/inputs_a04f3c684476b15422a0eef88ecf2511f54351ad7f367bebcc09b36df892ae11.mat,a04f3c684476b15422a0eef88ecf2511f54351ad7f367bebcc09b36df892ae11,/Users/guichenxiang/Desktop/電力專案/StoreNet/results/b2022_ir_v1_formal/b2022_sensitivity_v1_20200824/cases/tablei_nominal_DC_XI007_H20_VPP_BM/solution_8669579af543edfc981c1b99427f975621a429527e30e1936693ff6e175b55e8.mat,8669579af543edfc981c1b99427f975621a429527e30e1936693ff6e175b55e8,/Users/guichenxiang/Desktop/電力專案/StoreNet/results/b2022_ir_v1_formal/b2022_sensitivity_v1_20200824/cases/tablei_nominal_DC_XI007_H20_VPP_BM/stages.csv,/Users/guichenxiang/Desktop/電力專案/StoreNet/results/b2022_ir_v1_formal/b2022_sensitivity_v1_20200824/cases/tablei_nominal_DC_XI007_H20_VPP_BM/metrics.json
TABLE_I,tablei_power_20_DC_XI007_H20_VPP_BM,24-Aug-2020,POWER_20,VPP_BM,DC_XI007_H20,DC_XI007,H20_PV10,DC_SOURCE,0.07,PRIMARY,1,1,0.2,release_literal,10,0.66,0,20,10,1,same_date_plus60_core,ok,,,2.377680875,36.671172405,18.87078,18.87078,15.7915235510125,43.0624998203204,0,33.29714113,17.9361625,17.9361625,12.4174922760125,37.2929682687522,0,20.8796488539875,24.3980368421053,5.700921865,24.3980368421053,214.792112331648,221.755598882856,0,48.4266019374185,1.99840144432528e-15,6.66133814775094e-16,3.88578058618805e-16,1.99840144432528e-15,0,0,0,0,0,1.11022302462516e-16,1.88737914186277e-15,6.66133814775094e-16,9.43689570931383e-16,0,0,0,2,1,0,billEUR|batteryThroughputKWh,20.879646766022823|221.75559888285628,1|1,0|0,/Users/guichenxiang/Desktop/電力專案/StoreNet/results/b2022_ir_v1_formal/b2022_sensitivity_v1_20200824/cases/tablei_power_20_DC_XI007_H20_VPP_BM,/Users/guichenxiang/Desktop/電力專案/StoreNet/results/b2022_ir_v1_formal/b2022_sensitivity_v1_20200824/cases/tablei_power_20_DC_XI007_H20_VPP_BM/inputs_fb77c7b615920a1794587cbc028d5abae72aa3153a7284557b68c554201599b6.mat,fb77c7b615920a1794587cbc028d5abae72aa3153a7284557b68c554201599b6,/Users/guichenxiang/Desktop/電力專案/StoreNet/results/b2022_ir_v1_formal/b2022_sensitivity_v1_20200824/cases/tablei_power_20_DC_XI007_H20_VPP_BM/solution_2aa4817258c0bd513d45abf70a2435f1cdb70ca1c03cab801b05d519dafdf9e7.mat,2aa4817258c0bd513d45abf70a2435f1cdb70ca1c03cab801b05d519dafdf9e7,/Users/guichenxiang/Desktop/電力專案/StoreNet/results/b2022_ir_v1_formal/b2022_sensitivity_v1_20200824/cases/tablei_power_20_DC_XI007_H20_VPP_BM/stages.csv,/Users/guichenxiang/Desktop/電力專案/StoreNet/results/b2022_ir_v1_formal/b2022_sensitivity_v1_20200824/cases/tablei_power_20_DC_XI007_H20_VPP_BM/metrics.json
TABLE_I,tablei_capacity_20_DC_XI007_H20_VPP_BM,24-Aug-2020,CAPACITY_20,VPP_BM,DC_XI007_H20,DC_XI007,H20_PV10,DC_SOURCE,0.07,PRIMARY,1,0.2,1,release_literal,2,3.3,0,20,10,1,same_date_plus60_core,ok,,,3.787477875,36.671172405,18.87078,18.87078,9.3363462905024,25.4596340345787,0,33.29714113,17.9361625,17.9361625,5.9623150155024,17.9063871946967,0,27.3348261144976,63.4621010526316,16.56460857,63.4621010526316,204.639537684063,66.6887887253256,0,17.1950741373372,6.7168492989822e-15,6.7168492989822e-15,6.32827124036339e-15,3.10862446895044e-15,0,0,0,0,0,1.55431223447522e-15,0,0,0,0,0,3.5527136788005e-15,2,1,0,billEUR|batteryThroughputKWh,27.334823381015262|66.688788725325523,1|1,0|0,/Users/guichenxiang/Desktop/電力專案/StoreNet/results/b2022_ir_v1_formal/b2022_sensitivity_v1_20200824/cases/tablei_capacity_20_DC_XI007_H20_VPP_BM,/Users/guichenxiang/Desktop/電力專案/StoreNet/results/b2022_ir_v1_formal/b2022_sensitivity_v1_20200824/cases/tablei_capacity_20_DC_XI007_H20_VPP_BM/inputs_2c4549cd8adb11bda2ad22ffa428f557eecba5e0646012fa7d4b3e8184eeecae.mat,2c4549cd8adb11bda2ad22ffa428f557eecba5e0646012fa7d4b3e8184eeecae,/Users/guichenxiang/Desktop/電力專案/StoreNet/results/b2022_ir_v1_formal/b2022_sensitivity_v1_20200824/cases/tablei_capacity_20_DC_XI007_H20_VPP_BM/solution_6f748c6bc9445cb98ff489561854e338f8e367748379f34f964ab725fafb0a4c.mat,6f748c6bc9445cb98ff489561854e338f8e367748379f34f964ab725fafb0a4c,/Users/guichenxiang/Desktop/電力專案/StoreNet/results/b2022_ir_v1_formal/b2022_sensitivity_v1_20200824/cases/tablei_capacity_20_DC_XI007_H20_VPP_BM/stages.csv,/Users/guichenxiang/Desktop/電力專案/StoreNet/results/b2022_ir_v1_formal/b2022_sensitivity_v1_20200824/cases/tablei_capacity_20_DC_XI007_H20_VPP_BM/metrics.json
TABLE_I,tablei_nominal_DC_XI007_H20_PS,24-Aug-2020,NOMINAL,PS,DC_XI007_H20,DC_XI007,H20_PV10,DC_SOURCE,0.07,PRIMARY,1,1,1,release_literal,10,3.3,0,20,10,1,same_date_plus60_core,ok,,,14.326340875,36.671172405,18.87078,18.87078,7.60718514484612,20.744319436618,0,33.29714113,17.9361625,17.9361625,4.23315386984612,12.7132652419584,0,29.0639872601539,8.49824226737144,8.49824226737144,1.33428496340571e-05,203.95780774549,90.3350213394312,0,3.42364019466425,7.74491581978509e-13,2.85882428840978e-15,1.78884684842728e-13,7.74491581978509e-13,0,0,0,0,0,1.11022302462516e-15,0,4.44089209850063e-16,0,0,0,1.77635683940025e-15,3,1,0,systemPeakKW|billEUR|batteryThroughputKWh,8.4982414175472929|29.063984353755469|90.335021339431151,1|1|1,0|0|0,/Users/guichenxiang/Desktop/電力專案/StoreNet/results/b2022_ir_v1_formal/b2022_sensitivity_v1_20200824/cases/tablei_nominal_DC_XI007_H20_PS,/Users/guichenxiang/Desktop/電力專案/StoreNet/results/b2022_ir_v1_formal/b2022_sensitivity_v1_20200824/cases/tablei_nominal_DC_XI007_H20_PS/inputs_2eb8cf02c9e356b6305c988b07a6dae6e5c032f7aaa0847b8da06c3ec55f80fb.mat,2eb8cf02c9e356b6305c988b07a6dae6e5c032f7aaa0847b8da06c3ec55f80fb,/Users/guichenxiang/Desktop/電力專案/StoreNet/results/b2022_ir_v1_formal/b2022_sensitivity_v1_20200824/cases/tablei_nominal_DC_XI007_H20_PS/solution_33c336177d8b98e63c53d2e4c8db521ef380890621d67f1144b7d62d5253dc9d.mat,33c336177d8b98e63c53d2e4c8db521ef380890621d67f1144b7d62d5253dc9d,/Users/guichenxiang/Desktop/電力專案/StoreNet/results/b2022_ir_v1_formal/b2022_sensitivity_v1_20200824/cases/tablei_nominal_DC_XI007_H20_PS/stages.csv,/Users/guichenxiang/Desktop/電力專案/StoreNet/results/b2022_ir_v1_formal/b2022_sensitivity_v1_20200824/cases/tablei_nominal_DC_XI007_H20_PS/metrics.json
TABLE_I,tablei_power_20_DC_XI007_H20_PS,24-Aug-2020,POWER_20,PS,DC_XI007_H20,DC_XI007,H20_PV10,DC_SOURCE,0.07,PRIMARY,1,1,0.2,release_literal,10,0.66,0,20,10,1,same_date_plus60_core,ok,,,8.96025125,36.671172405,18.87078,18.87078,7.5922085830125,20.7034792865726,0,33.29714113,17.9361625,17.9361625,4.2181773080125,12.6682867203035,0,29.0789638219875,8.50262137442908,8.50262137442908,1.31810302459456e-05,204.062906395783,88.2913188196877,0,5.43729113860363,2.33146835171283e-15,1.11022302462516e-16,1.11022302462516e-16,2.33146835171283e-15,0,0,0,0,0,1.11022302462516e-16,1.11022302462516e-16,4.44089209850063e-16,0,0,0,3.5527136788005e-15,3,1,6.79226538915172e-14,systemPeakKW|billEUR|batteryThroughputKWh,8.5026205241670212|29.078960914091425|88.291318819687731,1|1|1,0|0|6.7922653891517165e-14,/Users/guichenxiang/Desktop/電力專案/StoreNet/results/b2022_ir_v1_formal/b2022_sensitivity_v1_20200824/cases/tablei_power_20_DC_XI007_H20_PS,/Users/guichenxiang/Desktop/電力專案/StoreNet/results/b2022_ir_v1_formal/b2022_sensitivity_v1_20200824/cases/tablei_power_20_DC_XI007_H20_PS/inputs_55347234ddde652f4d81665288a1d189da2737a3a9242af34c1a0c32b2c0de3e.mat,55347234ddde652f4d81665288a1d189da2737a3a9242af34c1a0c32b2c0de3e,/Users/guichenxiang/Desktop/電力專案/StoreNet/results/b2022_ir_v1_formal/b2022_sensitivity_v1_20200824/cases/tablei_power_20_DC_XI007_H20_PS/solution_68b7aca92276bf245bb3045d71f2bb9bb26e54b96ffa5ae20bc05aea6d1dd43b.mat,68b7aca92276bf245bb3045d71f2bb9bb26e54b96ffa5ae20bc05aea6d1dd43b,/Users/guichenxiang/Desktop/電力專案/StoreNet/results/b2022_ir_v1_formal/b2022_sensitivity_v1_20200824/cases/tablei_power_20_DC_XI007_H20_PS/stages.csv,/Users/guichenxiang/Desktop/電力專案/StoreNet/results/b2022_ir_v1_formal/b2022_sensitivity_v1_20200824/cases/tablei_power_20_DC_XI007_H20_PS/metrics.json
TABLE_I,tablei_capacity_20_DC_XI007_H20_PS,24-Aug-2020,CAPACITY_20,PS,DC_XI007_H20,DC_XI007,H20_PV10,DC_SOURCE,0.07,PRIMARY,1,0.2,1,release_literal,2,3.3,0,20,10,1,same_date_plus60_core,ok,,,10.0351365833333,36.671172405,18.87078,18.87078,8.28261965087223,22.5861872083013,0,33.29714113,17.9361625,17.9361625,4.90858837587223,14.7417712430864,0,28.3885527541278,9.06586426418534,9.06586426418534,6.67203828026542,204.092582395159,74.3653663050405,0,9.61948769233569,8.88178419700125e-16,1.11022302462516e-16,2.22044604925031e-16,8.88178419700125e-16,0,0,0,0,0,4.44089209850063e-16,0,0,0,0,0,3.5527136788005e-15,3,1,0,systemPeakKW|billEUR|batteryThroughputKWh,9.0658633575990049|28.388549915272787|74.365366305040467,1|1|1,0|0|0,/Users/guichenxiang/Desktop/電力專案/StoreNet/results/b2022_ir_v1_formal/b2022_sensitivity_v1_20200824/cases/tablei_capacity_20_DC_XI007_H20_PS,/Users/guichenxiang/Desktop/電力專案/StoreNet/results/b2022_ir_v1_formal/b2022_sensitivity_v1_20200824/cases/tablei_capacity_20_DC_XI007_H20_PS/inputs_80d80d7a8fe023ee121b76fbfd98b3a7a1bfbd982f26bcb8455541b136a504dc.mat,80d80d7a8fe023ee121b76fbfd98b3a7a1bfbd982f26bcb8455541b136a504dc,/Users/guichenxiang/Desktop/電力專案/StoreNet/results/b2022_ir_v1_formal/b2022_sensitivity_v1_20200824/cases/tablei_capacity_20_DC_XI007_H20_PS/solution_ed9db02858ae8695d342ad25815a65b88c3a97294635c0eeee682cef2eafec19.mat,ed9db02858ae8695d342ad25815a65b88c3a97294635c0eeee682cef2eafec19,/Users/guichenxiang/Desktop/電力專案/StoreNet/results/b2022_ir_v1_formal/b2022_sensitivity_v1_20200824/cases/tablei_capacity_20_DC_XI007_H20_PS/stages.csv,/Users/guichenxiang/Desktop/電力專案/StoreNet/results/b2022_ir_v1_formal/b2022_sensitivity_v1_20200824/cases/tablei_capacity_20_DC_XI007_H20_PS/metrics.json
TABLE_I,tablei_nominal_DC_XI007_H20_PSDT,24-Aug-2020,NOMINAL,PSDT,DC_XI007_H20,DC_XI007,H20_PV10,DC_SOURCE,0.07,PRIMARY,1,1,1,release_literal,10,3.3,0,20,10,1,same_date_plus60_core,ok,,,4.60347391666667,36.671172405,18.87078,18.87078,17.1131272263681,46.6664306157682,0,33.29714113,17.9361625,17.9361625,13.739095951368,41.2620888313724,0,19.558045178632,75.5007842105263,1.77635683940025e-15,75.5007842105263,214.92357339156,244.671414653531,0,32.7784615091947,8.54871728961371e-15,5.10702591327572e-15,8.88178419700125e-16,8.54871728961371e-15,0,0,0,0,0,1.11022302462516e-16,0,4.44089209850063e-16,7.54951656745106e-15,0,0,0,3,1,0,daytimePeakKW|billEUR|batteryThroughputKWh,0|19.558043222827628|244.67141465353149,1|1|1,0|0|0,/Users/guichenxiang/Desktop/電力專案/StoreNet/results/b2022_ir_v1_formal/b2022_sensitivity_v1_20200824/cases/tablei_nominal_DC_XI007_H20_PSDT,/Users/guichenxiang/Desktop/電力專案/StoreNet/results/b2022_ir_v1_formal/b2022_sensitivity_v1_20200824/cases/tablei_nominal_DC_XI007_H20_PSDT/inputs_c7892669761cfc5f79415524233e401e26f7cca4682ea3512e220e15eee8d0bd.mat,c7892669761cfc5f79415524233e401e26f7cca4682ea3512e220e15eee8d0bd,/Users/guichenxiang/Desktop/電力專案/StoreNet/results/b2022_ir_v1_formal/b2022_sensitivity_v1_20200824/cases/tablei_nominal_DC_XI007_H20_PSDT/solution_81650776331ef628cd47dab96e8d25aba9a4afaa443eff2b9554a425a30fbcd3.mat,81650776331ef628cd47dab96e8d25aba9a4afaa443eff2b9554a425a30fbcd3,/Users/guichenxiang/Desktop/電力專案/StoreNet/results/b2022_ir_v1_formal/b2022_sensitivity_v1_20200824/cases/tablei_nominal_DC_XI007_H20_PSDT/stages.csv,/Users/guichenxiang/Desktop/電力專案/StoreNet/results/b2022_ir_v1_formal/b2022_sensitivity_v1_20200824/cases/tablei_nominal_DC_XI007_H20_PSDT/metrics.json
TABLE_I,tablei_power_20_DC_XI007_H20_PSDT,24-Aug-2020,POWER_20,PSDT,DC_XI007_H20,DC_XI007,H20_PV10,DC_SOURCE,0.07,PRIMARY,1,1,0.2,release_literal,10,0.66,0,20,10,1,same_date_plus60_core,ok,,,6.05412329166667,36.671172405,18.87078,18.87078,15.7915235510125,43.0624998203204,0,33.29714113,17.9361625,17.9361625,12.4174922760125,37.2929682687522,0,20.8796488539875,24.3980368421053,5.700921865,24.3980368421053,214.792112331648,221.755598882855,0,48.4266019374189,2.02615701994091e-15,6.66133814775094e-16,2.22044604925031e-16,2.02615701994091e-15,0,0,0,0,0,1.11022302462516e-16,5.55111512312578e-16,2.22044604925031e-16,2.01893623347216e-14,0,0,0,3,1,4.67386735373258e-16,daytimePeakKW|billEUR|batteryThroughputKWh,5.7009218650000024|20.879646766022823|221.75559888285554,1|1|1,4.673867353732578e-16|1.7015200106650203e-16|0,/Users/guichenxiang/Desktop/電力專案/StoreNet/results/b2022_ir_v1_formal/b2022_sensitivity_v1_20200824/cases/tablei_power_20_DC_XI007_H20_PSDT,/Users/guichenxiang/Desktop/電力專案/StoreNet/results/b2022_ir_v1_formal/b2022_sensitivity_v1_20200824/cases/tablei_power_20_DC_XI007_H20_PSDT/inputs_b6ffe970c9309e8bc5ffaed5490da0b70e3bc466542a61fba1d9a02b0b4c7d59.mat,b6ffe970c9309e8bc5ffaed5490da0b70e3bc466542a61fba1d9a02b0b4c7d59,/Users/guichenxiang/Desktop/電力專案/StoreNet/results/b2022_ir_v1_formal/b2022_sensitivity_v1_20200824/cases/tablei_power_20_DC_XI007_H20_PSDT/solution_8f54f90cb855f9da6eb5f9fe598c3e17f28949cd0ffa0e50df81cad377ad57c4.mat,8f54f90cb855f9da6eb5f9fe598c3e17f28949cd0ffa0e50df81cad377ad57c4,/Users/guichenxiang/Desktop/電力專案/StoreNet/results/b2022_ir_v1_formal/b2022_sensitivity_v1_20200824/cases/tablei_power_20_DC_XI007_H20_PSDT/stages.csv,/Users/guichenxiang/Desktop/電力專案/StoreNet/results/b2022_ir_v1_formal/b2022_sensitivity_v1_20200824/cases/tablei_power_20_DC_XI007_H20_PSDT/metrics.json
TABLE_I,tablei_capacity_20_DC_XI007_H20_PSDT,24-Aug-2020,CAPACITY_20,PSDT,DC_XI007_H20,DC_XI007,H20_PV10,DC_SOURCE,0.07,PRIMARY,1,0.2,1,release_literal,2,3.3,0,20,10,1,same_date_plus60_core,ok,,,6.53520704166667,36.671172405,18.87078,18.87078,9.30889946829802,25.3847882622612,0,33.29714113,17.9361625,17.9361625,5.93486819329802,17.8239572284205,0,27.362272936702,32.7094305263158,8.51970726682423,31.6718618463158,204.781016149034,69.1983830666059,0,18.3199113721802,4.70873340319145e-14,8.88178419700125e-16,4.70873340319145e-14,8.28156987431328e-15,0,0,0,0,0,7.21644966006352e-16,0,0,0,0,0,2.8421709430404e-14,3,1,0,daytimePeakKW|billEUR|batteryThroughputKWh,8.5197064148535571|27.362270200474985|69.198383066605885,1|1|1,0|0|0,/Users/guichenxiang/Desktop/電力專案/StoreNet/results/b2022_ir_v1_formal/b2022_sensitivity_v1_20200824/cases/tablei_capacity_20_DC_XI007_H20_PSDT,/Users/guichenxiang/Desktop/電力專案/StoreNet/results/b2022_ir_v1_formal/b2022_sensitivity_v1_20200824/cases/tablei_capacity_20_DC_XI007_H20_PSDT/inputs_8e784bd61a450019c9c0df8ec898fa9c4cf338b097d7cd7b97a673f1eecccee1.mat,8e784bd61a450019c9c0df8ec898fa9c4cf338b097d7cd7b97a673f1eecccee1,/Users/guichenxiang/Desktop/電力專案/StoreNet/results/b2022_ir_v1_formal/b2022_sensitivity_v1_20200824/cases/tablei_capacity_20_DC_XI007_H20_PSDT/solution_35c1c5cd252c8df4d16b4c41848a9c61ee68d9b480e83bce5b69c6275db82cfb.mat,35c1c5cd252c8df4d16b4c41848a9c61ee68d9b480e83bce5b69c6275db82cfb,/Users/guichenxiang/Desktop/電力專案/StoreNet/results/b2022_ir_v1_formal/b2022_sensitivity_v1_20200824/cases/tablei_capacity_20_DC_XI007_H20_PSDT/stages.csv,/Users/guichenxiang/Desktop/電力專案/StoreNet/results/b2022_ir_v1_formal/b2022_sensitivity_v1_20200824/cases/tablei_capacity_20_DC_XI007_H20_PSDT/metrics.json
TABLE_I,tablei_nominal_DC_XI007_H20_LL,24-Aug-2020,NOMINAL,LL,DC_XI007_H20,DC_XI007,H20_PV10,DC_SOURCE,0.07,PRIMARY,1,1,1,release_literal,10,3.3,0,20,10,1,same_date_plus60_core,ok,,,29.1429498333333,36.671172405,18.87078,18.87078,7.60718390971262,20.744316068486,0,33.29714113,17.9361625,17.9361625,4.23315263471262,12.7132615325303,0,29.0639884952874,8.49824231815424,8.49824221815421,1.0000004024846e-07,203.957814435701,90.3343423628653,0,3.42397327668001,1.65978342181461e-14,3.33066907387547e-16,2.22044604925031e-16,1.65978342181461e-14,0,0,0,0,0,1.11022302462516e-16,0,4.44089209850063e-16,0,0,0,4.02484602136387e-14,3,1,0,importSpreadKW|billEUR|batteryThroughputKWh,0|29.063985588888851|90.334342362865314,1|1|1,0|0|0,/Users/guichenxiang/Desktop/電力專案/StoreNet/results/b2022_ir_v1_formal/b2022_sensitivity_v1_20200824/cases/tablei_nominal_DC_XI007_H20_LL,/Users/guichenxiang/Desktop/電力專案/StoreNet/results/b2022_ir_v1_formal/b2022_sensitivity_v1_20200824/cases/tablei_nominal_DC_XI007_H20_LL/inputs_06266d7d4b13efdc75267e6f661781021b3650d1320fdd8f8e4a7ff2bdbafb10.mat,06266d7d4b13efdc75267e6f661781021b3650d1320fdd8f8e4a7ff2bdbafb10,/Users/guichenxiang/Desktop/電力專案/StoreNet/results/b2022_ir_v1_formal/b2022_sensitivity_v1_20200824/cases/tablei_nominal_DC_XI007_H20_LL/solution_b639af20f6f9cd461591ba164b8a8249d44adfbe1cb6b31c63289f1ae34e8784.mat,b639af20f6f9cd461591ba164b8a8249d44adfbe1cb6b31c63289f1ae34e8784,/Users/guichenxiang/Desktop/電力專案/StoreNet/results/b2022_ir_v1_formal/b2022_sensitivity_v1_20200824/cases/tablei_nominal_DC_XI007_H20_LL/stages.csv,/Users/guichenxiang/Desktop/電力專案/StoreNet/results/b2022_ir_v1_formal/b2022_sensitivity_v1_20200824/cases/tablei_nominal_DC_XI007_H20_LL/metrics.json
TABLE_I,tablei_power_20_DC_XI007_H20_LL,24-Aug-2020,POWER_20,LL,DC_XI007_H20,DC_XI007,H20_PV10,DC_SOURCE,0.07,PRIMARY,1,1,0.2,release_literal,10,0.66,0,20,10,1,same_date_plus60_core,ok,,,18.2180797916667,36.671172405,18.87078,18.87078,7.59220736348688,20.7034759610023,0,33.29714113,17.9361625,17.9361625,4.21817608848688,12.66828305775,0,29.0789650415131,8.50262142523781,8.50262132523777,1.00000072222883e-07,204.062913005706,88.2907366827269,0,5.43758861888255,3.42836870004248e-13,1.11022302462516e-16,1.11022302462516e-16,3.42836870004248e-13,0,0,0,0,0,1.11022302462516e-16,1.11022302462516e-16,2.22044604925031e-16,0,0,0,7.22228833228432e-14,3,1,0,importSpreadKW|billEUR|batteryThroughputKWh,0|29.07896213361694|88.29073668272693,1|1|1,0|0|0,/Users/guichenxiang/Desktop/電力專案/StoreNet/results/b2022_ir_v1_formal/b2022_sensitivity_v1_20200824/cases/tablei_power_20_DC_XI007_H20_LL,/Users/guichenxiang/Desktop/電力專案/StoreNet/results/b2022_ir_v1_formal/b2022_sensitivity_v1_20200824/cases/tablei_power_20_DC_XI007_H20_LL/inputs_6e68eba15f39f880d91e98d2f0b92c75abd9485a6293e7efe6c13ab5c84a9460.mat,6e68eba15f39f880d91e98d2f0b92c75abd9485a6293e7efe6c13ab5c84a9460,/Users/guichenxiang/Desktop/電力專案/StoreNet/results/b2022_ir_v1_formal/b2022_sensitivity_v1_20200824/cases/tablei_power_20_DC_XI007_H20_LL/solution_4d11850e2eec088e13c83ec98459487293e4f64546171b58856a1115874fb2e0.mat,4d11850e2eec088e13c83ec98459487293e4f64546171b58856a1115874fb2e0,/Users/guichenxiang/Desktop/電力專案/StoreNet/results/b2022_ir_v1_formal/b2022_sensitivity_v1_20200824/cases/tablei_power_20_DC_XI007_H20_LL/stages.csv,/Users/guichenxiang/Desktop/電力專案/StoreNet/results/b2022_ir_v1_formal/b2022_sensitivity_v1_20200824/cases/tablei_power_20_DC_XI007_H20_LL/metrics.json
TABLE_I,tablei_capacity_20_DC_XI007_H20_LL,24-Aug-2020,CAPACITY_20,LL,DC_XI007_H20,DC_XI007,H20_PV10,DC_SOURCE,0.07,PRIMARY,1,0.2,1,release_literal,2,3.3,0,20,10,1,same_date_plus60_core,ok,,,21.3961939583333,36.671172405,18.87078,18.87078,5.66591682888617,15.450601814175,0,33.29714113,17.9361625,17.9361625,2.29188555388617,6.88313013101667,0,31.0052555761138,9.06586426418534,9.06586426418534,1.00000011826751e-07,217.580740740448,73.5034733686117,13.7912495726854,8.09416689695558,1.17239551400417e-13,6.66133814775094e-16,8.88178419700125e-15,1.17239551400417e-13,0,0,0,0,0,9.43689570931383e-16,0,0,0,0,0,1.18267507832347e-14,3,1,0,importSpreadKW|billEUR|batteryThroughputKWh,0|31.005252475588627|73.503473368611651,1|1|1,0|0|0,/Users/guichenxiang/Desktop/電力專案/StoreNet/results/b2022_ir_v1_formal/b2022_sensitivity_v1_20200824/cases/tablei_capacity_20_DC_XI007_H20_LL,/Users/guichenxiang/Desktop/電力專案/StoreNet/results/b2022_ir_v1_formal/b2022_sensitivity_v1_20200824/cases/tablei_capacity_20_DC_XI007_H20_LL/inputs_249aa730a13d941b037b5525ded060d4ab6d1880a67bb9de4e63f7fa56e9cd59.mat,249aa730a13d941b037b5525ded060d4ab6d1880a67bb9de4e63f7fa56e9cd59,/Users/guichenxiang/Desktop/電力專案/StoreNet/results/b2022_ir_v1_formal/b2022_sensitivity_v1_20200824/cases/tablei_capacity_20_DC_XI007_H20_LL/solution_18467f5de823c4d934bd0de3686fed3caabd46fb31ddb3f2a08a22d62884f8ec.mat,18467f5de823c4d934bd0de3686fed3caabd46fb31ddb3f2a08a22d62884f8ec,/Users/guichenxiang/Desktop/電力專案/StoreNet/results/b2022_ir_v1_formal/b2022_sensitivity_v1_20200824/cases/tablei_capacity_20_DC_XI007_H20_LL/stages.csv,/Users/guichenxiang/Desktop/電力專案/StoreNet/results/b2022_ir_v1_formal/b2022_sensitivity_v1_20200824/cases/tablei_capacity_20_DC_XI007_H20_LL/metrics.json
